Name,J1,J2,Type,Sub type,Class,Size,Distance,Diameter,Rating,Desc,J3,J4,J5,J6,J7,J8,J9,J10,J11,J12,J13
Sh2-139,,,Neb,Em,HII,11,9500,30,1,Faint HII region with small brighter arc,22h 34m 00s,338.50,58° 13'' 00''',58.22,Cep,, , ,,,
NGC 7309,,,Gal,Spiral,Sc,1.8,190,100,2,Unusual arm structure - 3 primary arms and 3 secondary arms,22h 34m 20s,338.58,-10° 21'' 25''',-10.36,Aql,, , ,12.5,22.6,20°
V0375 Lac,,,Stars,YSO,,3.0,2000,1.8,2,YSO that is the source of the tiny intricate white reflection nebula in the head of the Gecko.,22h 34m 41s,338.67,40° 40'' 06''',40.67,Lac,,LBN437,,,,
Abell 80,,,Neb,PN,EHY/q,2.2,6000,3.8,2,HII rim with faint OIII inner region. Shape is not a ring but more like a short tube.  Faint progenitor.,22h 34m 46s,338.69,52° 26'' 04''',52.43,Lac,, , ,16.0,,
Barnard 370,,,Neb,Dark,0,45,u,u,0,Very faint - Region of narrow dark lanes,22h 34m 50s,338.71,56° 39'' 00''',56.65,Cep,, , ,,,
Arp 014,,,Gal,Floc,,4.0,50,60,2,"ARP: DETACHED SEGMENTS - No arm structure, wide dust lanes, small core and blue star clouds.",22h 35m 45s,338.94,-26° 03'' 00''',-26.05,PsA,,NGC 7314, ,13.0,22.2,70°
LDN 1251,,,Neb,Dark,5,90,1150,30,4,Shapely dark nebula with bright colorful stars,22h 36m 03s,339.01,75° 15'' 35''',75.26,Cep,, , ,,,
Arp 319,,,Gal,Group,5/j,5.0,40,60,4,"One of the closest and best Hicksons, Stephan's Quintet, with spectacular structures and colors.",22h 36m 04s,339.02,33° 56'' 00''',33.93,Peg,Stephan's Quintet Member,"Hickson 92,NGC 7320 ", ,11.1,22.3,
NGC 7321,,,Gal,Spiral,SBb/rz,1.7,340,170,2,"Disturbed barred ring spiral, with faint bar, pseudo-ring around inner region, and star clouds throughout",22h 36m 28s,339.12,21° 37'' 16''',21.62,Peg,, , ,12.9,22.3,55°
Arp 003,,,Gal,Mag,,3.0,60,50,2,"ARP: LOW BRIGHTNESS -  Like Arp 2, a face-on barred spiral galaxy with star clouds sprinkled throughout its disk.",22h 36m 34s,339.14,-02° 54'' 00''',-2.90,Aql,, , ,13.4,,50°
NGC 7331,,,Gal,Spiral ,Sbc/m,10,45,130,4,"One of the brightest non-Messier galaxies.  Tightly coiled arms, small offset core with little bulge, and flocculent outer disk",22h 37m 04s,339.27,34° 24'' 57''',34.42,Peg,Deer Lick Galaxy Group,Caldwell30, ,9.5,22.2,75°
NGC 7332,,,Gal,Lent,S0/dp,4.0,70,80,2,Bright edge-on galaxy with peanut shaped core (barlense).  No dust lanes.  Nice pairing with NGC7339,22h 37m 25s,339.35,23° 47'' 54''',23.80,Peg,, ,NGC7339,11.1,21.5,90°
NGC 7339,,,Gal,Spiral,SBbc/z,3.2,80,80,2,"Bright white ring surrounds core, with fascinating dust lanes.  Nice pairing with NGC 7332",22h 37m 47s,339.45,23° 47'' 12''',23.79,Peg,, ,NGC7332,12.2,21.9,78°
HH 398,,,Stars,HH,,2.0,u,u,2,The white wisp in the head of the Gecko Nebula (LBN 437),22h 38m 13s,339.55,41° 05'' 24''',41.09,Lac,, ,LBN437,,,
LBN 0437,,,Neb,Mol Cld,,80,2000,45,4,"Striking molecular cloud in front of Hii nebula, highlighted by a YSO and a BRC.",22h 38m 13s,339.55,41° 05'' 24''',41.09,Lac,Gecko Nebula  , ,Sh2-126,,,
NGC 7342 Group,,,Gal,Group,6,15,370,1600,2,Distant group of 6 galaxies in Pegasus,22h 38m 13s,339.55,35° 29'' 55''',35.50,Peg,,WBL 685, ,13.9,23.2,
UGC 12137,,,Gal,Spiral,S/gk,2.0,220,120,2,"Grand design spiral galaxy, slightly disturbed with VV rows",22h 39m 50s,339.96,38° 12'' 55''',38.22,Lac,, , ,13.5,,45°
NGC 7354,,,Neb,PN,EOY,0.40,4200,0.50,3,"Similar to NGC 6891, this OIII PN has dim white progenitor, bright elliptical inner football shell, and circular outer shell.",22h 40m 20s,340.08,61° 17'' 07''',61.29,Cep,, , ,12.2,,
Einstein Cross,,,Gal,Spiral,,2.0,10000,u,1,Gravitationally lensed quasar at 10 bly that is located exactly behind a closer galaxy.,22h 40m 30s,340.13,03° 21'' 31''',3.36,Peg,Einstein Cross, , ,,,
LBN 0438,,,Neb,Mol Cld,,30,u,u,4,Lovely faint red 4 lobed cometary globule,22h 41m 17s,340.32,37° 45'' 36''',37.76,Lac,Reaching Hand Nebula    , , ,16.0,23,
IC 5240,,,Gal,Spiral,SBa/rz,3.2,81,80,2,Splendid barred ring galaxy,22h 41m 52s,340.47,-44° 46'' 03''',-44.77,Gru,, , ,11.9,22.5,50°
NGC 7361,,,Gal,Spiral,Sc/d,4.0,50,60,1,Faint edge-on galaxy with little definition,22h 42m 18s,340.58,-30° 03'' 29''',-30.06,PsA,,IC 5237, ,12.3,22.4,83°
Abell 81,,,Neb,PN,SOY/r,0.70,14000,2.8,2,Beautiful OIII donut shape.  Most northern of all Abell PNs.  The central star is barely visible. ,22h 42m 25s,340.60,80° 26'' 33''',80.44,Cep,,IC 1454, ,14.0,,
Sh2-144,,,Neb,Em,HII,7.0,2600,5.0,0,Very faint HII region,22h 44m 00s,341.00,59° 53'' 00''',59.88,Cep,, , ,,,
LBN 0440,,,Neb,Mol Cld,,10,u,u,1,Small odd U-shaped molecular cloud,22h 44m 22s,341.09,37° 15'' 54''',37.27,Lac,, ,with LBN 438,18.0,23,
NGC 7380,,,Neb,Em,SHO-.1/1/.2,30,8000,70,4,"Wizard Nebula, with SHO emission nebula, dust clouds and pillars, and bright open cluster",22h 47m 21s,341.84,58° 07'' 54''',58.13,Cep,Wizard Nebula  , , ,,,
NGC 7377,,,Gal,Lent,SB0/z,3.0,150,130,1,Lenticular with faint star streams,22h 47m 47s,341.95,-22° 18'' 43''',-22.31,Aql,, , ,11.1,22.0,50°
Sh2-143,,,Neb,Em,HII,13,12000,44,1,Dim HII region just southeast of the Wizard,22h 49m 00s,342.25,57° 45'' 00''',57.75,Cep,, ,NGC7380,,,
Sh2-146,,,Neb,Em,HII,2.0,18000,10,3,Small bright PN-like HII region,22h 49m 29s,342.37,59° 54'' 56''',59.92,Cep,, , ,,,
NGC 7385 Group,,,Gal,Group,8,20,260,1600,2,"Group of 8 galaxies anchored by NGC 7385, a large 225,000 ly diameter elliptical",22h 49m 55s,342.48,11° 36'' 30''',11.61,Peg,, , ,12.0,21.7,
ESO 603-21,,,Gal,Polar,,1.0,160,50,2,"Non-interacting pair, edge-on spiral and polar ring galaxy of contrasting colors.",22h 51m 22s,342.84,-20° 14'' 46''',-20.25,Aql,, , ,15.0,,
Arp 015,,,Gal,Spiral,SBc/kz,1.8,120,65,2,"ARP: DETACHED SEGMENTS - Odd structure, with large blue star clouds and half an arm.",22h 51m 39s,342.91,-05° 33'' 00''',-5.55,Aql,,NGC 7393, ,12.9,22.3,70°
Sh2-154,,,Neb,Em,HII,40,3400,40,2,Faint rectangular HII region in Cassiopeia,22h 52m 00s,343.00,61° 13'' 00''',61.22,Cas,, , ,,,
vdB 155,,,Neb,Refl,,6.2,2640,5.0,3,"Awesome blue reflection nebula, somewhat point-symmteric, just 30' southwest of the Cave Nebula",22h 53m 12s,343.30,62° 08'' 01''',62.13,Cep,,LBN 524,Sh2-155,,,
LBN 0458,,,Neb,Mol Cld,,30,700,6.0,1,3 faint molecular clouds around the bright blue star 16 Lac,22h 53m 59s,343.50,41° 35'' 56''',41.60,Lac,,vdB156b,"LBN460,462",,,
Arp 110,,,Gal,Merger,I,0.70,500,100,1,"ARP: ELLIPTICAL/SPIRAL PAIR - Severely disturbed spiral with large plume, may be interacting with other 2 galaxies.",22h 54m 08s,343.53,-15° 14'' 00''',-15.23,Aql,, , ,14.5,,
NGC 7419,,,Stars,OC,II-3-100,4.0,10000,12,3,One of the highest numbers of red supergiants (5) of any open cluster,22h 54m 20s,343.58,60° 48'' 54''',60.82,Cep,,Collinder453, ,13.0,,
Sh2-147,,,Neb,Em,HII,4.0,17000,20,0,Very faint HII region,22h 55m 00s,343.75,58° 28'' 00''',58.47,Cep,, , ,,,
vdB 156,,,Neb,Mol Cld,,90,u,u,2,"Molecular clouds 1.5 deg east & west of bright blue star Omicron Andromedae, likely IFN illuminated not by star but by Milky Way",22h 55m 43s,343.93,41° 22'' 00''',41.37,Lac,,LBN 458-477, ,,,
Sh2-148,,,Neb,Em,HII,1.0,19000,5.4,0,Small HII area,22h 56m 00s,344.00,58° 31'' 00''',58.52,Cep,, , ,,,
Sh2-149,,,Neb,Em,HII,2.0,15000,9.0,2,Bright small HII area with several dust lanes,22h 56m 00s,344.00,58° 32'' 00''',58.53,Cep,, , ,,,
HH 168,,,Stars,HH,,3.0,u,u,2,"Reddish nebulae adjacent to a ""keyhole"", west of GN 22.55.2",22h 56m 18s,344.08,62° 01'' 47''',62.03,Cep,, , GN 22.55.2,,,
GN 22.55.2,,,Neb,Refl,,5.0,u,u,2,Textured light orange reflection nebula,22h 57m 12s,344.30,61° 56'' 06''',61.94,Cep,, , ,,,
NGC 7424,,,Gal,Spiral,SBc/fgz,8.0,45,105,3,"Barred face-on grand spiral with strong bar, bright star clouds, 2 strong arms, and numerous short curvy arms",22h 57m 18s,344.33,-41° 04'' 16''',-41.07,Gru,Crab Galaxy (1 of 2), , ,10.5,23.9,0°
NGC 7428,,,Gal,Spiral,SBa/lz,2.5,150,110,2,Barred double ring galaxy,22h 57m 20s,344.33,-01° 02'' 56''',-1.05,Psc,, , ,12.5,22.5,35°
Sh2-155,,,Neb,Em,HII,50,2400,35,4,Beautiful complex HII region with bright arcs and reflection nebulae,22h 57m 54s,344.48,62° 31'' 06''',62.52,Cep,Cave Nebula,Caldwell9, ,,,
NGC 7436 Group,,,Gal,Group,6,15,300,1400,2,"6 galaxy group anchored by NGC 7436, a large elliptical.",22h 57m 58s,344.49,26° 08'' 59''',26.15,Peg,,Holmberg 800, ,12.6,23.0,
Arp 314,,,Gal,Mag,,1.2,170,60,2,ARP: GROUPS - Interesting interacting group of small blue galaxies with star streams,22h 58m 01s,344.50,-03° 46'' 00''',-3.77,Aql,, , ,13.0,,
NGC 7437,,,Gal,Spiral,Sc/f,1.3,100,40,2,"Chaotic LSB face-on spiral with 2 primary arms, many blue star clouds, HII regions, and arm fragments",22h 58m 10s,344.54,14° 18'' 30''',14.31,Peg,, , ,12.0,23.3,5°
Sh2-152,,,Neb,Em,HII,1.0,8000,2.3,3,Small bright PN-like HII region with texture and dark lanes,22h 58m 41s,344.67,58° 46'' 59''',58.78,Cas,, ,Sh2-153,,,
Sh2-153,,,Neb,Em,HII,3.0,8000,7.0,1,Uninteresting HII region just west of Sh2-152,22h 58m 41s,344.67,58° 47'' 20''',58.79,Cas,, ,Sh2-152,,,
Arp 013,,,Gal,Spiral,SBbc/z,2.0,90,50,2,"ARP: DETACHED SEGMENTS - Numerous star clouds and HII regions seen throughout, with rough mid-region ring.",23h 00m 02s,345.01,15° 59'' 00''',15.98,Peg,,NGC 7448, ,11.7,21.8,65°
NGC 7457,,,Gal,Lent,S0,4.0,40,50,2,Lenticular with some extragalactic globular clusters faintly visible,23h 01m 00s,345.25,30° 08'' 41''',30.14,Peg,, , ,12.0,22.4,45°
NGC 7463,,,Gal,Spiral,SBb/z,2.7,90,70,2,Barred grand spiral with distorted arms.  Part of a pleasing trio,23h 01m 52s,345.47,15° 58'' 55''',15.98,Peg,, , ,13.2,22.7,75°
LDN 1218,,,Neb,Dark,3,90,u,u,3,"Gorgeous region of dark, reflection and emission nebula",23h 02m 02s,345.51,62° 16'' 09''',62.27,Cep,Skeleton Hand Nebula  , , ,,,
vdB 157,,,Neb,Refl,,4.6,1080,1.5,3,A unique blue reflection nebula with fantastic zig zag streaks throughout the southern half,23h 02m 15s,345.56,72° 43'' 05''',72.72,Cep,,, ,,,
NGC 7462,,,Gal,Spiral,Sbc/dw,4.5,30,40,2,Edge-on spiral with wavy disk,23h 02m 46s,345.69,-40° 50'' 06''',-40.84,Gru,, , ,11.4,21.5,85°
Sh2-151,,,Neb,Em,HII,30,19000,180,1,Faint emission area,23h 03m 00s,345.75,57° 05'' 00''',57.08,Cep,, , ,,,
IC 1464 Pair,,,Gal,Pair,,0.60,320,60,1,"2 edge-on spirals, possibly connected with a star stream bridge",23h 03m 12s,345.80,-08° 59'' 27''',-8.99,Aql,, , ,14.6,22.0,
Arp 298,,,Gal,Pair,u,1.7,230,120,2,"ARP: DOUBLE GALAXIES - Two colorful, likely superimposed galaxies",23h 03m 18s,345.83,08° 53'' 00''',8.88,Peg,,IC 5283, ,12.0,21.3,
Sh2-160,,,Neb,Em,HII,40,2900,34,2,Faint larger curving HII area,23h 04m 00s,346.00,64° 36'' 00''',64.60,Cas,, , ,,,
UGC 12342,,,Gal,Merger,III/x,1.3,400,150,3,Contrasting color in this pair of merging galaxies with long tails,23h 04m 54s,346.23,16° 40'' 42''',16.68,Peg,Seagull Galaxy  , , ,,,
NGC 7479,,,Gal,Spiral,SBc/gkz,3.0,120,110,3,"Asymmetric barred spiral with amazing arm structure, including star clouds, dust lanes, and VV rows",23h 04m 57s,346.24,12° 19'' 20''',12.32,Peg,"Snake Galaxy, Propeller Galaxy, Superman Galaxy",Caldwell44, ,10.9,22.4,45°
Sh2-156,,,Neb,Em,HII,3.0,9000,8.0,3,Small bright emission region that makes for an interesting narrowband object,23h 05m 10s,346.29,60° 14'' 31''',60.24,Cep,,IC 1470, ,,,
IC 5285,,,Gal,Spiral,S/or,1.7,280,140,3,Stunning double ring galaxy. Nice pair with disturbed spiral NGC 7489,23h 06m 59s,346.75,22° 56'' 11''',22.94,Peg,, ,NGC7489,12.6,22.1,45°
NGC 7490,,,Gal,Spiral,Sbc/fgk,2.3,280,180,3,Large face-on grand design galaxy with VV rows and possible companion,23h 07m 25s,346.85,32° 22'' 31''',32.38,Peg,, , ,12.3,23.2,0°
NGC 7489,,,Gal,Spiral,Sc/kr,2.0,230,140,2,Spiral with chaotic arm structure and VV rows.  Nice pairing with IC5285,23h 07m 33s,346.89,22° 59'' 51''',23.00,Peg,, ,IC5285,13.4,23.1,60°
LBN 0477,,,Neb,Mol Cld,,45,700,10,2,Faint oblong molecular cloud in field of colorful and bright stars,23h 08m 20s,347.08,41° 46'' 12''',41.77,And,,vbB156d, ,,,
NGC 7492,,,Stars,GC,XII,6.0,80000,140,2,"With the sparest concentration rating of XII, this looks more like an open cluster than the globular that it is",23h 08m 27s,347.11,-15° 36'' 41''',-15.61,Aql,, , ,11.2,,
Sh2-122,,,Neb,Mol Cld,,40,u,u,1,"Faint molecular cloud, a difficult imaging object",23h 08m 48s,347.20,14° 55'' 00''',14.92,Peg,, , ,,,
vdB 156d,,,Neb,Mol Cld,,30,u,u,1,"Faint molecular cloud to SE of the bright star 1 Andromeda, on the opposite side of the 3 156-a,b&c molecular clouds",23h 08m 52s,347.22,41° 48'' 00''',41.80,And,,,LBN477,,,
NGC 7497,,,Gal,Spiral,Sc,5.0,60,90,3,"Spiral, almost edge-on, with offset core and some deformation, set in an amazing galactic cirrus field",23h 09m 04s,347.27,18° 10'' 36''',18.18,Peg,, , ,12.2,22.9,80°
NGC 7499 Cluster,,,Gal,Cluster,50,8.0,540,1300,3,"Cluster of 50 galaxies in small 8' diameter, anchored by 3 large ellipticals led by the 300,000 ly diameter NGC7499",23h 10m 22s,347.59,07° 34'' 51''',7.58,Psc,Pegasus II, , ,12.8,21.3,
NGC 7510,,,Stars,OC,II-2-60-a,7.0,10000,20,3,Appealing wedge-shaped open cluster with variety of colors and sizes,23h 11m 04s,347.77,60° 34'' 15''',60.57,Cep,Dormouse Cluster, , ,7.9,,
NGC 7518,,,Gal,Spiral,Sa,1.4,160,70,2,"Barred spiral with pseudo-ring, wacky arm fragments, and outer arms that terminate in star plumes.  Image with UGC 12423",23h 13m 13s,348.30,06° 19'' 18''',6.32,Psc,, ,UGC 12423,13.4,22.6,50°
UGC 12423,,,Gal,Spiral,S/dtw,4.0,220,250,2,"Large edge-on superthin galaxy, just 2 degrees from perfectly edge-on, with some disk warp",23h 13m 13s,348.30,06° 25'' 49''',6.43,Psc,, , ,14.3,,88°
Sh2-158,,,Neb,Em,SHO-.2/1/.1,9.0,9000,25,4,"Small, interesting narrowband object with dust clouds and a dark pillar",23h 13m 37s,348.40,61° 30'' 00''',61.50,Cep,Northern Lagoon Nebula    ,NGC 7538, ,,,
NGC 7541 Pair,,,Gal,Pair,,3.0,100,90,2,"Lovely pair, with 2 spirals that have good color and differences in structure",23h 14m 44s,348.68,04° 32'' 02''',4.53,Psc,, ,NGC 7537,11.7,22.1,75°
Sh2-159,,,Neb,Em,HII,7.0,9500,20,2,Faint HII region with small dust lanes,23h 15m 00s,348.75,61° 07'' 00''',61.12,Cas,, , ,,,
Sh2-161,,,Neb,Em,HII,55,9000,140,2,"Dim HII region with dust lanes, surrounding Sh2-158 (at bottom right)",23h 15m 00s,348.75,61° 51'' 00''',61.85,Cas,, , ,,,
Arp 099,,,Gal,Group,5,2.8,240,200,3,All 5 galaxies of group at same distance.  Beautiful faint star streams and structures in this group.,23h 15m 17s,348.82,19° 02'' 00''',19.03,Peg,,"Hickson 93,NGC 7549",Arp 170,10.9,24.3,60°
NGC 7562 Group,,,Gal,Group,4,5.0,190,300,2,"Small group of 4 galaxies, anchored by the large elliptical NGC 7562",23h 15m 58s,348.99,06° 41'' 12''',6.69,Psc,, , ,11.5,21.7,
Sh2-157,,,Neb,Em,WR-.15/1/.40,85,8000,200,4,Emission ring nebula surrounding the Wolf-Rayet star WR157,23h 16m 04s,349.02,60° 24'' 36''',60.41,Cas,Lobster Claw Nebula    , ,NGC7635,,,
NGC 7567 Group,,,Gal,Group,5,20,200,1200,2,"5 galaxy group anchored by the only NGC object, NGC 7567.  The other 4 galaxies include mergers, rings & grand spirals.",23h 16m 11s,349.05,15° 51'' 00''',15.85,Peg,, , ,14.8,21.7,
NGC 7569,,,Gal,Merger,IV,1.0,300,90,2,"Merger with one coalesced core and multiple tails, similar to NGC6240",23h 16m 45s,349.19,08° 54'' 22''',8.91,Peg,, , ,14.0,21.7,
Arp 170,,,Gal,Group,7,0.40,560,70,3,ARP: DIFFUSE COUNTER-TAILS - 2 bright ellipticals & 5 others.  Highest density and smallest size of any Hickson.,23h 17m 15s,349.31,18° 44'' 00''',18.73,Peg,,"Hickson 94,NGC 7578",Arp 99,12.3,23.1,
V0628 Cas,,,Stars,YSO,,2.0,4800,2.8,2,YSO that emits a small pretty orange reflection nebula,23h 17m 26s,349.36,60° 50'' 43''',60.85,Cas,,Sh2-157,,,,
Arp 223,,,Gal,Ellip,E/h,2.8,150,120,2,ARP: AMORPHOUS ARMS - Late stage merger with streams and shells.,23h 18m 02s,349.51,-04° 38'' 00''',-4.63,Aql,,NGC 7585, ,11.4,21.9,
NGC 7594 Group,,,Gal,Group,4,16,500,2400,2,"4 galaxies, anchored by huge NGC 7594, a lovely grand spiral 200,000 ly in diameter",23h 18m 13s,349.55,10° 18'' 08''',10.30,Peg,, , ,13.7,22.8,
NGC 7589,,,Gal,Spiral,Sa,1.8,370,200,2,Large (200 ly diameter) Seyfert spiral with bright inner disk and dim outer disk,23h 18m 16s,349.57,00° 15'' 40''',0.26,Psc,, , ,17.0,22.6,60°
NGC 7591,,,Gal,Spiral,SBbc/z,2.0,200,120,3,Seyfert grand design spiral.  2 strong arms and chaotic rest of outer disk.  Companion influence likely,23h 18m 16s,349.57,06° 35'' 09''',6.59,Psc,, , ,13.0,22.2,60°
NGC 7592,,,Gal,Merger,III,0.70,320,70,2,Merger with 2 distinct cores and dual long star stream tails,23h 18m 22s,349.59,-04° 24'' 59''',-4.42,Aql,, , ,13.5,22.3,
NGC 7582 Trio,,,Gal,Trio,,5.0,60,90,3,3 large spirals in close proximity (within 1/3 degree).  ,23h 18m 23s,349.60,-42° 22'' 14''',-42.37,Gru,Grus Trio , , ,10.6,21.9,
AbellG 2572,,,Gal,Cluster,30,30,500,4400,2,Highlighted by Hickson 94 and Arp 170,23h 18m 24s,349.60,18° 44'' 25''',18.74,Peg,,Hickson 94, ,15.3,,
Arp 092,,,Gal,Spiral,Sb,1.2,400,140,2,ARP: ELLIPTICAL COMP - Nice pair with connecting bridge.  Good color and detail in spiral.,23h 18m 56s,349.73,00° 14'' 00''',0.23,Psc,,NGC 7603, ,13.2,22.4,55°
NGC 7606,,,Gal,Spiral,Sb/gm,4.0,120,150,4,Amazing grand design spiral with odd void (Cyclops) in outer disk,23h 19m 05s,349.77,-08° 29'' 09''',-8.49,Aql,Cyclops Galaxy, , ,10.8,22.1,65°
Arp 150,,,Gal,Group,4/x,0.80,550,120,3,ARP: JETS - Interacting galaxy trio with linear star streams but no jets.,23h 19m 28s,349.87,09° 30'' 00''',9.50,Peg,,"Hickson 95,NGC 7609", ,11.9,21.4,
NGC 7610,,,Gal,Spiral,SBc/kz,2.6,150,110,3,"Striking blue barred galaxy with wild arms and VV rows, anchoring a 5 group cluster",23h 19m 41s,349.92,10° 11'' 06''',10.19,Peg,, , ,13.0,23.4,40°
UGC 12525 Trio,,,Gal,Trio,,0.60,400,75,1,Trio of distant spiral galaxies.  A faint plume suggests some possible interaction.,23h 20m 26s,350.11,01° 33'' 48''',1.56,Psc,, , ,14.5,,
Arp 212,,,Gal,Merger,V,1.1,75,25,2,"ARP: IRREGULARITIES - Late stage merged galaxy with chaotic dust lanes, vivid colors and no outer disk. ",23h 20m 30s,350.13,17° 13'' 00''',17.22,Peg,,NGC 7625, ,12.1,21.7,
NGC 7626 Group,,,Gal,Group,4,15,180,800,2,"4 group cluster anchored by 2 large ellipticals, NGC 7626 and NGC 7619, both 200,000 ly in diameter",23h 20m 42s,350.18,08° 13'' 01''',8.22,Peg,, ,"NGC7619,7631",11.1,21.9,
NGC 7635,,,Neb,Em,WR-.10/1/.20,15,7800,35,5,"Showcase Bubble Nebula, an asymmetric bubble energized by a Wolf-Rayet star and influencing the surrounding cloud structure",23h 20m 45s,350.19,61° 12'' 42''',61.21,Cas,Bubble Nebula,Caldwell11, ,,,
LBN 0575,,,Neb,Mol Cld,,40,u,u,2,Dark nebula silhouetted by lighter molecular cloud,23h 21m 54s,350.48,74° 06'' 36''',74.11,Cep,, ,LDN1262,,,
NGC 7640,,,Gal,Spiral,SBc/z,10,30,90,2,"Barred spiral, almost edge-on, which is asymmetric with blue star clouds in the arms",23h 22m 07s,350.53,40° 50'' 43''',40.85,And,, , ,11.3,23.4,80°
NGC 7638,,,Gal,Merger,II,0.70,370,80,2,Pair of galaxies connected by star stream bridge,23h 22m 33s,350.64,11° 19'' 47''',11.33,Peg,, , ,14.9,22.5,
Cas A,,,Neb,SNR,,4.8,11000,16,2,Dim SNR with unusual structure,23h 23m 25s,350.85,58° 48'' 00''',58.80,Cas,, , ,,,
KjPn 8,,,Neb,PN,MHY/fy,11,6000,20,4,Unique multipolar HII-dominated PN with fantastic structure,23h 24m 00s,351.00,60° 57'' 00''',60.95,Cas,, , ,,,
AbellG 2593,,,Gal,Cluster,40,30,500,4300,3,Dense galaxy field highlighted by NGC 7649.,23h 24m 31s,351.13,14° 38'' 29''',14.64,Peg,,NGC 7649, ,15.1,,
NGC 7656,,,Gal,Lent,S0/j,1.3,330,125,2,Fantastic loop stream extending up from this lenticular,23h 24m 31s,351.13,-19° 03'' 35''',-19.06,Aql,, ,ESO 605-4,13.5,22.4,
UGC 12588,,,Gal,Spiral,S,1.7,30,15,1,"Puzzling spiral galaxy, too small (15 ly dia) for the amount of structure ",23h 24m 43s,351.18,41° 20'' 48''',41.35,And,, , ,13.5,,15°
M 052,,,Stars,OC,I-2-200,16,5400,25,2,Typical Messier open cluster,23h 24m 48s,351.20,61° 35'' 36''',61.59,Cas,Scorpion Cluster  ,NGC 7654, ,6.9,,
LDN 1262,,,Neb,Dark,6,40,u,u,2,Dark nebula silhouetted by molecular cloud,23h 25m 47s,351.45,74° 17'' 36''',74.29,Cep,, ,LBN575,,,
NGC 7662,,,Neb,PN,EHY/y,0.50,6400,1.0,3,"Similar to NGC6826, this is a bi-polar OIII nebula with torus and filaments, surrounded by faint outer sphere",23h 25m 54s,351.48,42° 32'' 06''',42.54,And,Blue Snowball Nebula,Caldwell22, ,8.3,,
NGC 7667,,,Gal,Mag,,1.5,60,25,2,"Magellanic galaxy with white bar, single arm, and blue star clouds",23h 27m 22s,351.84,-00° 11'' 12''',-0.19,Psc,, ,UGC12589,13.9,23.3,
NGC 7673,,,Gal,Spiral,Sc,2.0,160,100,2,"Highly disturbed spiral experiencing intense star formation, numerous blue star clouds, and extended star streams",23h 27m 41s,351.92,23° 35'' 22''',23.59,Peg,, ,NGC7677,12.8,22.0,55°
Arp 182,,,Gal,Group,4,1.2,410,140,2,ARP: NARROW FILAMENTS - All galaxies at same distance.  'a' is grand design spiral disturbed by companion 'c' ,23h 27m 59s,352.00,08° 47'' 00''',8.78,Peg,,"Hickson 96,NGC 7674", ,11.5,21.9,
NGC 7677,,,Gal,Spiral,SBbc/gz,2.0,160,100,2,Pretty barred grand spiral,23h 28m 06s,352.03,23° 31'' 53''',23.53,Peg,, ,NGC7673,13.2,22.5,50°
Arp 028,,,Gal,Spiral,SBc/gkz,2.4,150,100,2,ARP: 1 HEAVY ARM -  Active galaxy with bright nucleus and wonderful color and structure.,23h 28m 27s,352.11,22° 25'' 00''',22.42,Peg,,NGC 7678, ,11.8,22.1,45°
Arp 216,,,Gal,Pair,u,1.3,240,100,2,ARP: LOOPS -  Disturbed galaxy with star plumes ,23h 29m 03s,352.26,03° 32'' 00''',3.53,Psc,,NGC 7682, ,13.2,22.2,
NGC 7686,,,Stars,OC,IV-1-30,15,11500,50,2,Bright cluster with great size and color distribution,23h 30m 07s,352.53,49° 08'' 00''',49.13,And,, , ,5.6,,
Minkowski 2-55,,,Neb,PN,BRN/o,1.0,7800,2.2,3,Bipolar HII-dominated PN with interesting inner void structure,23h 31m 54s,352.98,70° 22'' 00''',70.37,Cep,, , ,,,
Sh2-163,,,Neb,Em,HII,15,10000,45,3,HII nebula with a bright arc front and dust lanes,23h 32m 58s,353.24,60° 48'' 01''',60.80,Cas,, , ,,,
Arp 046,,,Gal,Spiral,SB/z,1.0,250,70,2,ARP: LSB COMPANION - Disturbed spiral with interacting companion.,23h 33m 41s,353.42,30° 02'' 00''',30.03,Peg,, , ,15.0,,55°
NGC 7700 Trio,,,Gal,Trio,d,2,230,130,2,"Trio of galaxies in Pisces, anchored by NGC 7700, an edge-on lenticular with central bulge and bright inner lens disk",23h 34m 30s,353.63,-02° 57'' 14''',-2.95,Psc,, , ,13.3,22.3,87°
Sh2-167,,,Neb,Em,HII,3.0,21000,20,1,Faint circular HII region,23h 35m 00s,353.75,64° 52'' 00''',64.87,Cas,, ,,,,
NGC 7711,,,Gal,Lent,S0,4.0,180,215,2,"Large 215,000 ly diameter asymmetric spiral with faint dwarf companion",23h 35m 39s,353.91,15° 18'' 05''',15.30,Peg,, , ,12.2,22.2,80°
Jones 1,,,Neb,PN,EOY/iq,5.0,2600,4.0,3,Lovely OIII-dominated elliptical PN with progenitor and some texture,23h 35m 53s,353.97,30° 28'' 06''',30.47,Peg,, , ,15.6,,
Arp 284,,,Gal,Merger,II/j,3.0,115,100,2,ARP: INFILL & ATTRACTION - Interacting pair obscured by bright star,23h 36m 14s,354.06,02° 09'' 18''',2.16,Psc,,NGC 7714, ,12.5,22.3,
vdB 158,,,Neb,Refl,,3.4,1380,1.4,3,Fantastic blue reflection nebula embedded in the 1.5 degree long LBN 534 molecular cloud,23h 37m 50s,354.46,48° 29'' 44''',48.50,And,,LBN 534,LBN534,,,
Sh2-164,,,Neb,Em,HII,5.0,9500,14,1,Small faint squarish HII region,23h 38m 00s,354.50,59° 58'' 00''',59.97,Cas,, , ,,,
AbellG 2634,,,Gal,Cluster,50,20,425,2500,2,A few nice larger objects amongst the distant cluster,23h 38m 18s,354.58,27° 02'' 37''',27.04,Peg,, , ,13.8,,
NGC 7721,,,Gal,Spiral,Sc,4.0,100,120,3,"Colorful and textured galaxy disk, with spiraling dust lanes sprinkled with blue star clouds and HII regions",23h 38m 49s,354.70,-06° 31'' 05''',-6.52,Aql,, , ,11.6,22.1,75°
NGC 7723,,,Gal,Spiral,SBb/z,3.0,100,90,2,Barred spiral with yellow core and disk.  Arms quickly fragment after 90 degrees of revolution.  Diffuse outer disk,23h 38m 57s,354.74,-12° 57'' 40''',-12.96,Aql,, , ,11.2,22.2,50°
Kohoutek 1-20,,,Neb,PN,EON/r,0.70,14000,2.7,2,OIII-dominated elliptical PN with ring appearance and no progenitor,23h 39m 10s,354.79,48° 12'' 31''',48.21,And,, , ,16.5,,
Sh2-165,,,Neb,Em,HII,10,7000,22,2,Faint circular HII region,23h 39m 48s,354.95,61° 56'' 00''',61.93,Cas,, , ,,,
Arp 222,,,Gal,Spiral,SBa/jsxz,3.5,70,80,3,ARP: AMORPHOUS ARMS - Typical late stage merger with single chaotic core surrounded by winding star streams.,23h 39m 54s,354.98,-12° 17'' 00''',-12.28,Aql,,NGC 7727, ,10.6,22.4,25°
LBN 0534,,,Neb,Mol Cld,,90,1400,40,2,Unusual L-shaped molecular cloud in a bright star field,23h 40m 00s,355.00,48° 48'' 00''',48.80,And,, , ,,,
Tiny Dipper,,,Stars,OC,II-1-7-a,15,u,u,2,Small version of the Big Dipper,23h 40m 42s,355.18,07° 57'' 00''',7.95,Psc,Tiny Dipper Asterism, , ,,,
NGC 7731 Pair,,,Gal,Pair,,1.3,130,50,2,"Yellow ring spiral galaxy with a pair of bright ansae.  Adjacent is NGC7732, an edge-on blue spiral with odd star cloud patterns",23h 41m 34s,355.39,03° 43'' 28''',3.72,Psc,, ,NGC 7732,13.8,22.7,15°
Sh2-166,,,Neb,Em,HII,14,12000,50,0,Very dim circular HII region,23h 42m 00s,355.50,60° 56'' 00''',60.93,Cas,, , ,,,
Arp 295,,,Gal,Merger,I/uy,2.0,300,180,3,"ARP: LONG FILAMENTS - Interacting pair with bridge, part of incredible 0.8 billion long star stream.",23h 42m 04s,355.52,-03° 35'' 00''',-3.58,Aql,, , ,14.5,,
Cederblad 211,,,Stars,Nova,,1.5,1000,0.45,3,Outflow jets from this Mira variable star create a hydrogen nova,23h 43m 46s,355.94,-15° 16'' 43''',-15.28,Aql,,R Aquarii, ,,,
NGC 7741,,,Gal,Spiral,SBc/z,4.5,50,65,2,"Barred spiral with bright bar, interesting dust lanes, faint HII regions, and short arms which degenerate into fragments",23h 43m 54s,355.98,26° 04'' 32''',26.08,Peg,, , ,11.3,22.8,45°
NGC 7742,,,Gal,Spiral,S0/fnr,2.0,80,50,3,Face-on lenticular with glorious blue star-forming ring mid-disk.  A nuclear core is seen at the center,23h 44m 16s,356.07,10° 46'' 01''',10.77,Peg,Fried Egg Galaxy, , ,11.6,21.6,0°
NGC 7743,,,Gal,Spiral,Sc/g,2.5,70,50,2,Seyfert grand design spiral with blurry arms and faint outer star streams,23h 44m 21s,356.09,09° 56'' 01''',9.93,Peg,, , ,11.5,22.5,35°
Abell 82,,,Neb,PN,ERN/q,1.7,6500,3.2,2,Looks like bi-polar PN with axis running from upper left to lower right.  Torus section is constricting the jet flow.  No progenitor.,23h 45m 47s,356.45,57° 04'' 01''',57.07,Cas,, , ,13.0,,
Abell 83,,,Neb,PN,ERN/h,0.70,u,u,1,Faint.  HII rim with OIII inner section.  No progenitor star.,23h 46m 46s,356.69,54° 44'' 40''',54.74,Cas,, , ,15.0,,
Arp 086,,,Gal,Spiral,SBbc/z,3.3,240,230,3,ARP: LARGE HSB COMP - Amazing arrangement of 2 bright colorful galaxies.,23h 47m 04s,356.77,29° 29'' 00''',29.48,Peg,,NGC 7753, ,12.0,22.9,55°
Sh2-174,,,Neb,PN,ACY/i,17,1000,5.0,4,"Faint ancient PN, unusually asymmetric, with both HII and OIII signal",23h 47m 08s,356.78,80° 49'' 22''',80.82,Cep,Valentine Rose Nebula  , , ,,,
Hickson 097,,,Gal,Group,5,5.2,320,500,2,All 5 galaxies at same distance.  Many galaxies seen in the background.,23h 47m 27s,356.86,-02° 18'' 20''',-2.31,Psc,,, ,11.5,23.7,
Abell 84,,,Neb,PN,ERY/hq,2.7,5000,4.0,2,HII rim with OIII inner region. A bluish central star is faintly visible. Some subtle structure is evident in the nebula. ,23h 47m 45s,356.94,51° 23'' 58''',51.40,Cas,, , ,13.0,,
Arp 068,,,Gal,Spiral,SBc/kz,2.0,140,80,2,"ARP: SMALL HSB COMP - Wonderful disk with VV rows and star clouds, companion likely fake.",23h 48m 45s,357.19,04° 10'' 00''',4.17,Psc,,NGC 7757, ,12.7,23.1,15°
IC 1510 Pair,,,Gal,Pair,,0.40,1000,120,2,"Contrasting yellow and blue pair of interacting galaxies, engulfed in a common star stream halo.",23h 50m 33s,357.64,02° 04'' 18''',2.07,Psc,, , ,14.7,22.5,
AbellG 2666,,,Gal,Cluster,30,60,340,6000,3,"Many interesting spirals in this cluster, which is unusual.",23h 50m 56s,357.73,27° 09'' 41''',27.16,Peg,, , ,13.8,,
NGC 7769,,,Gal,Spiral,Sb/fgr,2.5,195,150,3,Attractive grand design spiral with blue star forming ring,23h 51m 04s,357.77,20° 09'' 01''',20.15,Peg,, ,NGC7771,12.0,23.1,0°
Mrk 0331 Trio,,,Gal,Trio,,1.0,250,75,2,"Trio of small, colorful interesting galaxy structures",23h 51m 19s,357.83,20° 34'' 36''',20.58,Peg,, , ,,,
NGC 7771,,,Gal,Spiral,SBa/gz,2.5,195,150,3,"Grand spiral interacting with companion, resulting in extended star streams",23h 51m 25s,357.85,20° 06'' 43''',20.11,Peg,, ,NGC7769,12.3,22.0,65°
Sh2-168,,,Neb,Em,HII,8.0,12000,30,3,HII region with unusual bright and dark regions within the nebula,23h 52m 56s,358.23,60° 29'' 04''',60.48,Cas,, ,Sh2-169,,,
NGC 7782 Group,,,Gal,Group,4,12,250,900,2,4 galaxies with interesting structures.  Little disturbance seen,23h 53m 54s,358.48,07° 58'' 14''',7.97,Psc,, , ,12.2,22.2,
Sh2-169,,,Neb,Em,HII,9.0,7500,20,0,"Extremely faint circular HII region, just south east of Sh2-168",23h 54m 00s,358.50,60° 22'' 00''',60.37,Cas,, , ,,,
Arp 323,,,Gal,Chain,4,2.0,370,215,2,All galaxies are ellipticals.  Bridging seen between galaxies a and b.,23h 54m 14s,358.56,00° 21'' 00''',0.35,Psc,,"Hickson 98,NGC 7783", ,11.5,22.0,
IC 1515,,,Gal,Spiral,SBbz,1.2,300,110,2,Seyfert barred spiral with bright ansae at each bar end,23h 56m 04s,359.02,-00° 59'' 18''',-0.99,Psc,, ,IC1516,14.0,22.1,45°
IC 1516,,,Gal,Spiral,Sbc/f,1.1,320,105,2,Well disturbed spiral with several companion candidates and faint extended star plumes,23h 56m 07s,359.03,-00° 54'' 59''',-0.92,Psc,, ,IC1515,13.1,23.0,5°
Arp 262,,,Gal,Pair,,1.6,85,40,2,"ARP: CLUMPS - Mess of 2 likely superimposed blue galaxies, with star plumes",23h 56m 44s,359.18,16° 48'' 00''',16.80,Peg,, , ,14.5,,
NGC 7789,,,Stars,OC,II-2-150,25,6000,42,4,Colorful cluster with disproportionate number of orange giants,23h 57m 24s,359.35,56° 42'' 30''',56.71,Cas,Caroline's Rose Cluster, , ,6.7,,
vdB 159,,,Neb,Refl,,5.0,1090,1.7,1,"Faint blue reflection nebula located 30' southwest of Abell 85 (CTB1), object added 2 years later by Rene Racine",23h 57m 33s,359.39,61° 59'' 29''',61.99,Cas,, ,Abell 85 / CTB1,,,
NGC 7793,,,Gal,Floc,,10,13,40,2,Disorganized spiral pattern.  Star clouds visible in outer arms  Core is muted with no central bulge,23h 57m 50s,359.46,-32° 35'' 28''',-32.59,Scl,Bond's Galaxy, , ,9.1,22.3,40°
Arp 050,,,Gal,Spiral,SBc/fz,0.55,420,70,0,ARP: SMALL HSB COMP. - Small disturbed face-on galaxy with strong arms.  ,23h 57m 58s,359.49,-14° 01'' 00''',-14.02,Cet,,IC 1520, ,13.8,21.6,10°
NGC 7790,,,Stars,OC,III-2-30,17,10000,50,2,Forms a nice cluster pair with NGC 7788,23h 58m 24s,359.60,61° 12'' 30''',61.21,Cas,, ,NGC7788,8.5,,
NGC 7800,,,Gal,Mag,,2.0,70,40,2,Magellanic galaxy with distant galaxy seen through right disk edge,23h 59m 37s,359.90,14° 48'' 25''',14.81,Peg,, , ,12.5,22.6,
Abell 85,,,Neb,SNR,,35,10000,100,5,Largest Abell object.  SNR very similar to Sh2-308.  Appears to be undergoing deformation and breakout.,23h 59m 54s,359.98,62° 26'' 51''',62.45,Cas,Garlic Nebula,CTB 1, ,,,
Arp 249,,,Gal,Merger,II,0.60,500,85,2,ARP: FISSION - Pair of interacting ellipticals with star stream bridge and tails,00h 00m 19s,0.08,22° 59'' 00''',22.98,Peg,, , ,16.0,,
Hickson 099,,,Gal,Group,4,2.4,410,300,2,All 4 galaxies at same distance.  Galaxies b and c have outer rim pseudo-rings.,00h 00m 44s,0.18,28° 23'' 20''',28.39,Peg,,, ,12.2,22.7,
Sh2-181,,,Neb,Em,HII,15,6500,30,0,Extremely faint arc of HII nebulosity,00h 00m 49s,0.20,65° 18'' 00''',65.30,Cas,, , ,,,
Hickson 100,,,Gal,Group,4,3.6,250,250,2,All 4 galaxies are spirals and are at the same distance.  Galaxy b shows some disturbance.,00h 01m 21s,0.34,13° 07'' 57''',13.13,Peg,,NGC 7803, ,11.5,22.9,
Arp 112,,,Gal,Merger,II,1.4,200,80,3,ARP: ELLIPTICAL/SPIRAL PAIR - Trio of galaxies with plumes and a bridge.,00h 01m 26s,0.36,31° 26'' 00''',31.43,Peg,,NGC 7805, ,13.3,22.1,
LBN 0564,,,Neb,Mol Cld,,120,u,u,2,Mix of faint reflection nebulae and molecular clouds,00h 01m 32s,0.38,48° 36'' 36''',48.61,And,, ,"LBN559,560,561",,,
Abell 86,,,Neb,PN,SHN/i,1.3,7300,3.0,2,Dominant HII.  No progenitor star.,00h 01m 33s,0.39,70° 42'' 42''',70.71,Cep,, , ,,,
Sh2-170,,,Neb,Em,HII,20,7500,45,2,Dimmer version of the Rosette Nebula,00h 01m 34s,0.39,64° 36'' 42''',64.61,Cas,, ,Stock18,,,
UGC 12915,,,Gal,Merger,II,1.5,180,80,2,Two nicely detailed spiral galaxies beginning their merger tango with a faint bridge and some disturbance,00h 01m 42s,0.43,23° 29'' 45''',23.50,Peg,Taffy Galaxy, ,UGC12914,,,
WLM,,,Gal,Dwarf,,13,3.0,11,2,Small dwarf irregular galaxy a bit further away than Andromeda,00h 01m 57s,0.49,-15° 27'' 01''',-15.45,Cet,,Wolf–Lundmark–Melotte, ,,,
Arp 130,,,Gal,Pair,,1.0,270,80,2,ARP: ELLIPTICAL/SPIRAL PAIR - Disturbed spiral with looping star streams.,00h 02m 37s,0.65,16° 38'' 00''',16.63,Peg,,IC 5378, ,14.6,24.2,
UGC 00006,,,Gal,Merger,IV,1.0,300,85,1,"Appears to be late stage merger object, with a single combined core and several tails",00h 03m 10s,0.79,21° 57'' 30''',21.96,Peg,, , ,14.6,,
NGC 7814,,,Gal,Spiral,Sab/d,7.0,50,100,4,"Similar to M104, this edge-on spiral has a gold halo & bright bulge, cut by a thin dust lane which is doubled in places",00h 03m 15s,0.81,16° 08'' 43''',16.15,Peg,Electric Arc Galaxy,Caldwell43, ,10.6,22.1,90°
NGC 7822,,,Neb,Em,SHO-.1/1/.1,190,3000,160,4,Large emission nebula with many elephant trunks pointing towards the Berkeley 59 star cluster,00h 03m 36s,0.90,67° 09'' 00''',67.15,Cep,, , ,,,
Arp 051,,,Gal,Spiral,S/f,0.50,u,u,0,ARP: SMALL HSB COMP. - My least favorite Arp object.  Faint and small with little detail. No distance available.,00h 06m 16s,1.57,-13° 26'' 01''',-13.43,Cet,, ,Arp 144,15.0,,0°
Arp 144,,,Gal,Merger,II,0.70,260,50,2,ARP: ELLIP. EMANATING MATERIAL - Wildly distorted blue spiral with looping star streams.,00h 06m 29s,1.62,-13° 25'' 00''',-13.42,Cet,,NGC 7828,Arp 51,13.9,21.6,
CTA 1,,,Neb,SNR,,90,5000,140,3,Very faint large SNR.  PN NGC 40 also seen but not related,00h 06m 36s,1.65,72° 47'' 00''',72.78,Cep,,SNR G119.5+10.2,NGC 40,,,
Arp 146,,,Gal,Coll,,0.35,1000,100,2,"ARP: RINGS - Collisional ring galaxy, with companion still present.",00h 06m 44s,1.68,-06° 38'' 00''',-6.63,Cet,, , ,16.0,,
Arp 246,,,Gal,Pair,,1.0,500,160,1,ARP: FISSION -  Pair of superimposed galaxies - no interaction seen,00h 06m 53s,1.72,08° 20'' 00''',8.33,Psc,,NGC 7838, ,14.6,21.7,
NGC 0001,,,Gal,Spiral,Sb,2.0,209,120,3,"Disturbed look, with arm fragments and an extended outer disk.",00h 07m 16s,1.82,27° 42'' 30''',27.71,Peg,, ,NGC 2,12.9,22.4,40°
Sh1-118,,,Neb,PN,EHN,3.0,4000,3.4,1,Identified as a PN but I believe it is a HII region,00h 07m 20s,1.83,64° 57'' 21''',64.96,Cas,, , ,13.9,,
Arp 235,,,Gal,Mag,,2.1,40,25,2,ARP: FISSION - Magellanic galaxy with blue star clouds and HII regions.,00h 08m 46s,2.19,15° 48'' 00''',15.80,Peg,,NGC 14, ,12.1,22.8,25°
NGC 0023,,,Gal,Spiral,SBa/z,2.7,210,160,3,"Bright core, interesting arm structure",00h 09m 53s,2.47,25° 55'' 26''',25.92,Peg,, ,NGC 26,12.0,21.9,50°
NGC 0024,,,Gal,Spiral,Sc,7.0,25,50,2,"No bulge, poor arm structure",00h 09m 56s,2.48,-24° 57'' 52''',-24.96,Scl,, , ,11.6,22.6,80°
NGC 0026,,,Gal,Spiral,Sab,1.4,211,95,2,Spiral with oddly asymmetric outer disk,00h 10m 26s,2.61,25° 49'' 55''',25.83,Peg,, ,NGC 23,12.9,22.8,15°
NGC 0027 Group,,,Gal,Group,4,15,360,1600,2,"4 spirals, all with interesting structure, highlighted by huge UGC95",00h 10m 33s,2.64,28° 59'' 42''',29.00,And,, ,UGC95,13.5,22.0,70°
vdB 001,,,Neb,Refl,,5.0,1600,2.4,3,"Like a mini 3-star Pleiades, a blue reflection nebulae surrounding a multiple star system, near V633 Cas young stellar object",00h 10m 46s,2.69,58° 46'' 31''',58.78,Cas,,LBN 578, ,,,
NGC 0017,,,Gal,Merger,IV,1.0,270,75,2,Seyfert 2 galaxy - late stage merger of 2 galaxies. ,00h 11m 07s,2.78,-12° 06'' 26''',-12.11,Cet,,NGC 34,NGC 35,14.4,23.7,
V0633 Cas,,,Stars,YSO,,3.0,1600,1.5,2,"YSO at the origin of a horseshoe-shaped reflection nebula, along with HH161 & HH164",00h 11m 26s,2.86,58° 49'' 28''',58.82,Cas,,vdB1,,,,
V0376 Cas,,,Stars,YSO,,3.0,1600,1.3,2,"YSO emitting the small white reflection nebula around the star V376 Cassiopeiae, which includes HH162",00h 11m 27s,2.86,58° 50'' 04''',58.83,Cas,,vdB1,,,,
HH 161,,,Stars,HH,,2.0,u,u,2,"White horseshoe loop near the star V633 Cassiopeiae, just northeast of vdB 1",00h 11m 28s,2.87,58° 49'' 28''',58.82,Cas,, ,vdb1,,,
HH 162,,,Stars,HH,,2.0,u,u,2,"White arc near the star Cassiopeiae, just northeast of vdB1",00h 11m 28s,2.87,58° 50'' 04''',58.83,Cas,, ,vdb1,,,
Abell 01,,,Neb,PN,SHN/h,0.80,8200,2.0,2,HII much stronger than OIII. Outer edge of PN resembles hexagon.  No progenitor star.,00h 12m 36s,3.15,69° 10'' 41''',69.18,Cep,, , ,19.0,,
NGC 0040,,,Neb,PN,BHY/cf,0.60,3500,0.60,4,Bright small HII bipolar PM with filaments and bright progenitor,00h 13m 01s,3.25,72° 31'' 19''',72.52,Cep,BowTie Nebula,Caldwell2, ,11.5,,
vdB 002,,,Neb,Refl,,4.4,2350,3.0,1,"Faint blue reflection nebula, slightly square shape",00h 13m 22s,3.34,65° 36'' 48''',65.61,Cas,,Ced 1, ,,,
NGC 0045,,,Gal,Mag,,9.0,30,80,2,"Faint LSB galaxy with little structure, faint core, & numerous blue star regions",00h 14m 04s,3.52,-23° 10'' 53''',-23.18,Cet,, , ,10.6,23.6,50°
NGC 0051 Group,,,Gal,Group,6,15,230,1000,2,Lovely galaxy group somehow left out of the Hickson group collection,00h 14m 35s,3.65,48° 15'' 18''',48.26,And,, , ,13.1,22.2,
Sh2-172,,,Neb,Em,HII,3.0,10500,10,1,Faint nebulosity around 2 stars,00h 15m 00s,3.75,61° 15'' 00''',61.25,Cas,, , ,,,
NGC 0055,,,Gal,Mag,d,32,7.0,60,3,May be largest non-Messier galaxy in apparent size,00h 15m 08s,3.78,-39° 13'' 12''',-39.22,Scl,String of Pearls Galaxy  ,Caldwell72, ,7.9,22.3,85°
Arp 113,,,Gal,Group,12,8.0,300,700,2,ARP: ELLIPTICAL/SPIRAL PAIR - Group of 8 galaxies but little disturbance seen.,00h 18m 18s,4.58,30° 04'' 00''',30.07,And,,NGC 68, ,12.9,21.9,
Arp 256,,,Gal,Merger,II,1.0,380,120,2,"ARP: FISSION - Pair of interacting grand design spirals with bridge, nice color and plumes",00h 18m 50s,4.71,-10° 21'' 00''',-10.35,Cet,, , ,14.0,,
Böhm-Vitense 5-1,,,Neb,PN,PCN/fi,1.5,7200,3.0,2,Oddly shaped PN with bright linear arcs,00h 19m 59s,5.00,62° 59'' 06''',62.99,Cas,, , ,,,
IC 0010,,,Gal,Dwarf,,5.1,2.0,3.0,2,"The only known starburst galaxy in our Local Group, with many pink HII regions ",00h 20m 24s,5.10,59° 17'' 34''',59.29,Cas,, , ,10.4,22.9,
Sh2-173,,,Neb,Em,HII,25,9000,70,4,"Round HII region with 3 dark voids, bright stars, and faint reflection nebulae",00h 21m 16s,5.32,61° 43'' 30''',61.73,Cas,Phantom of the Opera Nebula   , , ,,,
Arp 065,,,Gal,Spiral,SBc/z,1.4,250,100,2,ARP: SMALL HSB COMP - Great pair of bright disturbed galaxies.,00h 21m 51s,5.46,22° 24'' 00''',22.40,And,,NGC 90, ,13.7,22.9,50°
Arp 035,,,Gal,Spiral,SB/z,2.0,220,125,2,"ARP: INTEGRAL SIGN - Disturbed barred spiral, possible interacting with a companion.",00h 22m 23s,5.60,-01° 18'' 00''',-1.30,Psc,, , ,15.5,,65°
Arp 201,,,Gal,Merger,II,0.50,980,140,2,ARP: EJECTED MATERIAL - Pair of distant galaxies surrounded by faint plume.,00h 23m 33s,5.89,00° 29'' 00''',0.48,Psc,, , ,16.0,,
NGC 0100,,,Gal,Spiral,Sc/dt,5.0,60,85,3,Dim superthin LSB galaxy,00h 24m 03s,6.01,16° 29'' 09''',16.49,Psc,, , ,13.3,23.5,90°
NGC 0104,,,Stars,GC,III,30,17000,145,5,Perhaps the finest globular cluster,00h 24m 06s,6.03,-72° 05'' 00''',-72.08,Tuc,,"47 Tucana,Caldwell106", ,4.0,,
Hickson 001,,,Gal,Group,4,2.9,480,400,2,All 4 galaxies at same distance.,00h 26m 00s,6.50,25° 43'' 05''',25.72,And,, , ,12.8,23.7,
Sh2-175,,,Neb,Em,HII,3.0,3600,3.0,2,Small bright HII region,00h 27m 00s,6.75,64° 42'' 00''',64.70,Cas,, , ,,,
IC 1551,,,Gal,Merger,IV,0.50,600,85,3,"Pair of merging galaxies with merged core and 500,000 ly of star stream tails.",00h 27m 35s,6.90,08° 52'' 38''',8.88,Psc,, , ,13.7,23.6,
Arp 100,,,Gal,Merger,I/u,1.0,270,80,2,"ARP: ELLIPTICAL COMP - Incredible pair with star streams extending over 300,000 ly.",00h 28m 38s,7.16,-11° 34'' 00''',-11.57,Cet,,IC 18, ,14.6,22.9,
NGC 0128,,,Gal,Lent,S0/dp,3.0,190,160,3,"Amazing edge-on lenticular, part of trio, with X-shaped (peanut) core ",00h 28m 50s,7.21,02° 50'' 20''',2.84,Psc,, , ,11.8,21.6,90°
NGC 0129,,,Stars,OC,IV-2-35,11,5000,16,2,Open cluster  highlighted by triangle of 8th magnitude stars at center.,00h 30m 00s,7.50,60° 13'' 06''',60.22,Cas,, , ,6.5,,
NGC 0134,,,Gal,Spiral,SBbc/z,9.0,60,160,2,"S-shaped yellowish inner disk region, including bright core, contrasts with blue diffuse outer arms.",00h 30m 22s,7.59,-33° 14'' 44''',-33.25,Scl,Giant Squid Galaxy, , ,10.4,22.2,80°
OU 2,,,Neb,PN,EOY/r,1.2,u,u,2,Recently discovered OIII-dominated faint ring PN,00h 30m 57s,7.74,61° 24'' 34''',61.41,Cas,,G120.4-01.3, ,,,
Hickson 002,,,Gal,Group,4,7.1,200,420,2,All 4 galaxies are spirals.,00h 31m 30s,7.88,08° 25'' 52''',8.43,Psc,, , ,12.1,25.0,
Sh2-177,,,Neb,Em,HII,14,10000,42,0,Very dim HII region,00h 31m 30s,7.88,62° 28'' 00''',62.47,Cas,, , ,,,
NGC 0136,,,Stars,OC,II-2-20,1.0,17000,5.0,2,Pentagon shaped open cluster,00h 31m 31s,7.88,61° 30'' 36''',61.51,Cas,, , ,11.5,,
Arp 019,,,Gal,Spiral,SBc/kz,2.0,190,110,2,ARP: 3 ARMED - Asymmetric disk with fragmented arms and many star clouds.,00h 31m 45s,7.94,-05° 09'' 00''',-5.15,Cet,,NGC 145, ,12.7,22.4,15°
Sh2-176,,,Neb,Em,HII,10,500,1.5,3,Categorized as HII region but seems more like a PN,00h 31m 54s,7.98,57° 22'' 36''',57.38,Cas,, , ,,,
G1,,,Stars,GC,,0.80,2500000,600,2,Extragalactic globular cluster in Andromeda,00h 32m 48s,8.20,39° 35'' 00''',39.58,And,,Mayall II, ,13.8,,
NGC 0147,,,Gal,Dwarf,E5,14,2.5,11,2,Faint close dwarf elliptical with visible globular clusters,00h 33m 12s,8.30,48° 30'' 27''',48.51,Cas,,Caldwell17, ,9.5,23.4,
NGC 0151,,,Gal,Spiral,SBbc/lz,2.5,170,125,2,Barred spiral galaxy with companion and wide arm gap,00h 34m 03s,8.51,-09° 42'' 20''',-9.71,Cet,, , ,11.6,22.3,65°
Hickson 003,,,Gal,Group,4,3.8,340,400,2,All 4 galaxies are spirals.,00h 34m 11s,8.55,-07° 35'' 35''',-7.59,Cet,, , ,12.3,23.8,
Hickson 004,,,Gal,Group,5,3.6,380,430,2,6th galaxy in proximity but a bit too small for group.,00h 34m 15s,8.56,-21° 26'' 48''',-21.45,Cet,, , ,12.5,23.9,
NGC 0150,,,Gal,Spiral,SBb/gz,2.0,70,42,2,"Fascinating arm structure, more complex than a grand spiral",00h 34m 16s,8.57,-27° 48'' 16''',-27.80,Scl,, , ,11.4,22.2,60°
vdB 003,,,Neb,Refl,,3.0,1000,0.90,2,Orange reflection nebula with interesting cylinder shape,00h 34m 34s,8.64,69° 25'' 49''',69.43,Cas,,LBN 602, ,,,
NGC 0157,,,Gal,Spiral,SBbc/gkz,4.0,40,50,2,Barred grand spiral with VV rows,00h 34m 47s,8.70,-08° 23'' 46''',-8.40,Cet,, , ,10.4,21.8,45°
NGC 0160,,,Gal,Lent,S0,2.2,270,170,2,Large lenticular with bright core,00h 36m 00s,9.00,23° 57'' 00''',23.95,And,, , ,12.7,23.2,50°
Arp 282,,,Gal,Spiral,Sc/k,1.5,320,140,3,ARP: INFILL & ATTRACTION - Showcase yellow spiral with bridged companion.  Nice color and detail.,00h 36m 52s,9.22,23° 59'' 00''',23.98,And,,IC 1559, ,14.0,21.6,80°
NGC 0173,,,Gal,Spiral,Sc/g,4.0,190,220,2,Large graceful grand spiral with bright yellow core,00h 37m 00s,9.25,01° 56'' 00''',1.93,Cet,, , ,13.0,24.1,30°
BoBn 1,,,Neb,PN,XON,0.05,65000,1.0,0,Tiny blue stellar PN,00h 37m 18s,9.33,-13° 43'' 00''',-13.72,Cet,, , ,16.4,,
PGC 0002248,,,Gal,Coll,,1.1,500,150,4,Prototype collisional ring galaxy,00h 37m 41s,9.42,-33° 42'' 59''',-33.72,Scl,Cartwheel Galaxy, , ,,,20°
Hickson 005,,,Gal,Group,4,1.6,570,280,2,Galaxies are visually superimposed and do not appear to be interacting.,00h 38m 53s,9.72,07° 03'' 49''',7.06,Psc,,NGC 190, ,12.5,22.1,15°
We 1-01,,,Neb,PN,EHN,0.30,19000,1.6,1,Tiny hexagon shaped HII PN,00h 38m 54s,9.73,66° 23'' 49''',66.40,Cas,, , ,,,
NGC 0185,,,Gal,Dwarf,E3,12,2.2,8.0,1,"Faint dwarf elliptical, a satellite of the Andromeda galaxy",00h 38m 58s,9.74,48° 20'' 14''',48.34,Cas,,Caldwell18, ,9.2,23.3,
Arp 127,,,Gal,Pair,,1.5,280,120,2,"ARP: ELLIPTICAL/SPIRAL PAIR - Superimposed pair of galaxies, not interacting.",00h 39m 00s,9.75,-09° 00'' 00''',-9.00,Cet,,IC 1563, ,12.5,21.8,
NGC 0178,,,Gal,Mag,,2.0,70,40,1,"Typical Magellan galaxy, viewed more towards edge-on",00h 39m 08s,9.78,-14° 10'' 21''',-14.17,Cet,, , ,12.6,22.1,70°
Hickson 006,,,Gal,Group,4,1.6,540,260,2,All 4 galaxies at same distance.,00h 39m 10s,9.79,-08° 23'' 44''',-8.40,Cet,,, ,12.3,21.9,
Hickson 007,,,Gal,Group,4,5.7,200,350,2,All 4 galaxies are spirals and at the same distance.,00h 39m 24s,9.85,00° 52'' 41''',0.88,Cet,,NGC 192, ,11.4,23.8,60°
NGC 0189,,,Stars,OC,III-2-40,5.0,2400,3.8,1,"Very small open cluster, only 4 light years in diameter",00h 39m 35s,9.90,61° 05'' 06''',61.09,Cas,, , ,8.8,,
Abell 76,,,Gal,Spiral,S,0.30,u,u,0,"Not a PN but a bright tiny spiral galaxy, wrongly catalogued by Abell",00h 39m 47s,9.95,06° 46'' 28''',6.77,Psc,, , ,,,
M 110,,,Gal,Dwarf,E5,18,2.5,13,2,M31 oblong (E5) elliptical companion,00h 40m 22s,10.09,41° 41'' 07''',41.69,And,Satellite Of Andromeda (1 of 2),NGC 205,"M31,32",8.1,22.9,
Sh2-179,,,Neb,PN,PRN/i,0.70,650,0.14,3,"Small beautiful PN with unique shape, cut off by a dark nebula",00h 40m 24s,10.10,62° 51'' 00''',62.85,Cas,,Böhm-Vitense 5-2, ,,,
NGC 0206,,,Stars,Star Cld,,5.0,2.5,4.0,2,Brightest star cloud in Andromeda galaxy,00h 40m 32s,10.13,40° 44'' 19''',40.74,And,, , ,14.0,,
NGC 0210,,,Gal,Spiral,SBb/gz,5.0,70,100,4,Striking barred grand spiral,00h 40m 35s,10.15,-13° 52'' 24''',-13.87,Cet,, , ,10.9,22.7,55°
PGC 0002493,,,Gal,Spiral,S/f,1.0,230,70,1,Faint small galaxy,00h 41m 45s,10.44,36° 21'' 33''',36.36,And,, , ,,,5°
M 032,,,Gal,Dwarf,E2,9.0,2.5,7.0,2,Featureless elliptical galaxy satellite of Andromeda.  ,00h 42m 42s,10.68,40° 51'' 54''',40.87,And,Satellite Of Andromeda (1 of 2),NGC 221,"M31,110",8.1,21.4,
M 031,,,Gal,Spiral,Sb,200,2.5,150,5,"Showcase galaxy, closest spiral to earth, with 2 satellite galaxies, dust lanes, and star clouds",00h 42m 44s,10.68,41° 16'' 08''',41.27,And,Andromeda,NGC 224,"M32, M110",3.4,22.4,15°
vdB 004,,,Neb,Refl,,12,2000,7.0,3,"Faint blue reflection nebula complemented by bright adjacent open star cluster NGC 225, forming the Sailboat Cluster",00h 43m 16s,10.82,61° 54'' 54''',61.92,Cas,,,NGC225,,,
Arp 231,,,Gal,Ellip,E/h,1.7,220,110,2,"ARP: RINGS - Likely merged galaxy, with striking dust lanes and shells.",00h 43m 33s,10.89,-04° 07'' 00''',-4.12,Cet,,IC 1575, ,13.7,22.6,
NGC 0225,,,Stars,OC,III-1-30-a,12,2000,7.0,3,Open cluster (Sailboat) with faint reflection nebula and dark nebula,00h 43m 39s,10.91,61° 46'' 30''',61.78,Cas,Sailboat Cluster, ,"vdb4,LDN1302",7.0,,
Abell 02,,,Neb,PN,SOY/ho,0.50,13000,2.0,2,"Central star barely visible. Structure similar to M97 – round, OIII, 2 dark circular inner region voids.",00h 45m 36s,11.40,57° 57'' 24''',57.96,Cas,, , ,15.0,,
LBN 0603,,,Neb,Mol Cld,,120,u,u,3,Dark nebula and molecular cloud with nice color,00h 46m 07s,11.53,52° 34'' 14''',52.57,Cas,, , ,,,
Arp 230,,,Gal,Polar,,1.4,75,30,2,ARP: RINGS - Small polar ring galaxy with good color and detailed dust lanes.,00h 46m 24s,11.60,-13° 26'' 00''',-13.43,Cet,,IC 51, ,12.8,22.2,
NGC 0218,,,Gal,Merger,I/f,1.3,500,175,3,Pair of interacting galaxies with faint star stream bridge,00h 46m 32s,11.63,36° 19'' 30''',36.33,And,, ,PGC2726,12.6,22.2,10°
vdB 005,,,Neb,Refl,,60,620,11,4,Bright blue star Gamma Cassiopeiae is ionizing 2 large emission/reflection objects (IC59&63) 15 arc-minutes to NE,00h 46m 52s,11.72,60° 43'' 00''',60.72,Cas,,IC59&63,IC59,,,
NGC 0267 (SMC),,,Neb,Em,SHO,3.0,200000,180,4,Numerous small emission nebulae in a tight 20 arc-minute region within SMC,00h 47m 00s,11.75,-73° 12'' 00''',-73.20,Tuc,Magnificent Seven Nebula  , , ,,,
NGC 0246,,,Neb,PN,BOY/o,4.5,1600,2.2,4,"OIII PN with central owl-type void regions and slight bipolar breakthrough, progenitor visible",00h 47m 03s,11.76,-11° 52'' 19''',-11.87,Cet,Skull Nebula,Caldwell,,10.9,,
NGC 0247,,,Gal,Mag,,20,11,60,2,One of the largest non-Messier galaxies in apparent size,00h 47m 08s,11.78,-20° 45'' 35''',-20.76,Cet,Needle's Eye Galaxy  ,Caldwell62, ,9.1,23.3,75°
NGC 0188,,,Stars,OC,II-2-200,14,5000,20,2,The first (most northern) Caldwell object,00h 47m 28s,11.87,85° 15'' 18''',85.26,Cep,,Caldwell1, ,8.1,,
NGC 0253,,,Gal,Floc,,25,12,95,4,One of the brightest galaxies in the sky,00h 47m 33s,11.89,-25° 17'' 18''',-25.29,Scl,"Sculptor Galaxy, Silver Dollar Galaxy, Silver Coin Galaxy", Caldwell65, ,7.2,21.6,80°
Burbidge's Chain,,,Gal,Chain,5,6.0,u,u,1,Burbidge's tiny 5 galaxy chain,00h 47m 34s,11.89,-20° 27'' 34''',-20.46,Cet,Burbidge's Chain, , ,,,
NGC 0255,,,Gal,Spiral,SBbc/z,2.6,75,60,2,Barred spiral with arm fragments and slightly disturbed disk,00h 47m 47s,11.95,-11° 28'' 06''',-11.47,Cet,, , ,11.9,22.8,75°
NGC 0262,,,Gal,Lent,S0,2.0,210,130,2,Symmetric lenticular with numerous background galaxies,00h 48m 47s,12.20,31° 57'' 25''',31.96,And,, , ,13.1,22.0,25°
Sh2-180,,,Neb,Em,HII,17,20000,100,2,Unusual ring-shaped HII emission,00h 48m 48s,12.20,62° 55'' 00''',62.92,Cas,, , ,,,
Hickson 008,,,Gal,Group,4,1.2,750,270,2,"All 4 galaxies at same distance, 7 in total, but only 4 meet the Hickson criteria to be in the group",00h 49m 37s,12.40,23° 34'' 51''',23.58,And,,, ,12.3,21.2,
NGC 0266,,,Gal,Spiral,SBab/fgkz,3.0,220,180,3,Large grand spiral with eye-shaped barred core and companion,00h 49m 48s,12.45,32° 16'' 39''',32.28,Psc,, , ,11.6,22.7,10°
Sh2-182,,,Neb,Refl,,2.0,12000,7.0,0,Faint reflection nebula,00h 50m 00s,12.50,64° 45'' 00''',64.75,Cas,, , ,,,
N36 (SMC),,,Neb ,Em,SHO,7.0,u,u,3,Bright nebulae in the SMC,00h 50m 25s,12.60,-72° 52'' 53''',-72.88,Tuc,, ,N37,,,
NGC 0271,,,Gal,Spiral,SBab/gz,2.0,180,110,2,"Barred grand design spiral, including a core barlense",00h 50m 42s,12.68,-01° 54'' 36''',-1.91,Cet,, , ,13.0,22.1,45°
Arp 140,,,Gal,Merger,II,2.0,70,40,2,"ARP: ELLIP. EMANATING MATERIAL - Fascinating interacting pair, with bright blue star clouds",00h 51m 04s,12.77,-07° 03'' 00''',-7.05,Cet,,NGC 275, ,12.5,21.9,
NGC 0278,,,Gal,Spiral,SBb/fz,2.0,40,25,3,"Small galaxy with nice color, star clouds, HII regions, and strange yellow glow",00h 52m 04s,13.02,47° 33'' 02''',47.55,Cas,, , ,10.8,21.1,5°
NGC 0279,,,Gal,Lent,S0,1.4,160,70,1,Lenticular with odd asymmetric disk,00h 52m 09s,13.04,-02° 13'' 00''',-2.22,Cet,, , ,12.7,22.1,45°
NGC 0289,,,Gal,Spiral,SBbc/gz,3.0,70,60,3,Barred asymmetric grand design spiral with long star curling star stream and companion,00h 52m 42s,13.18,-31° 12'' 22''',-31.21,Scl,, , ,11.0,22.9,30°
SMC,,,Gal,Mag,,300,0.20,18,5,"Famous SMC, Small Magellanic Cloud",00h 52m 43s,13.18,-72° 49'' 43''',-72.83,Tuc,,Small Magellanic Cloud, ,2.7,,
NGC 0288,,,Stars,GC,X,13,30000,110,3,Loose globular cluster with good color and background galaxy,00h 52m 45s,13.19,-26° 35'' 01''',-26.58,Scl,, , ,8.1,,
NGC 0281,,,Neb,Em,SHO-.2/1/.4,35,10000,100,4,Spectacular bright emission nebula with elephant trunk projections and Bok globules,00h 52m 54s,13.23,56° 37'' 29''',56.62,Cas,PacMan Nebula    , , ,,,
Arp 251,,,Gal,Pair,,0.50,1000,160,2,"ARP: FISSION - Galaxy trio, with star stream bridge between 2.  Tied for furthest Arp object at 1 billion ly.",00h 53m 46s,13.44,-13° 51'' 00''',-13.85,Cet,, , ,15.0,,
Sh2-183,,,Neb,Em,HII,45,23000,300,0,Extremely dim HII region,00h 54m 00s,13.50,65° 41'' 00''',65.68,Cas,, , ,,,
PGC 0003182,,,Gal,Merger,II,1.0,220,60,3,Pair of colliding galaxies with bridge and typical opposing plumes,00h 54m 04s,13.52,73° 05'' 03''',73.08,Cas,, , ,,,
Hickson 009,,,Gal,Group,4,2.1,940,600,2,All 4 galaxies are spirals.,00h 54m 18s,13.58,-23° 33'' 05''',-23.55,Cet,,, ,13.1,23.2,
NGC 0300,,,Gal,Spiral,Sc,22,6.5,45,2,Elegant spiral with star clouds and HII regions,00h 54m 53s,13.72,-37° 41'' 03''',-37.68,Scl,,Caldwell70, ,8.1,23.2,55°
NGC 0296,,,Gal,Spiral,SBb/gz,2.2,180,120,2,"Barred grand design spiral, appearing with a group of galaxies",00h 55m 08s,13.78,31° 32'' 32''',31.54,Psc,, , ,12.6,22.2,75°
AbellG 0119,,,Gal,Cluster,70,40,600,7000,2,Cluster dominated by 2 ellipticals and containing a nice number of spirals,00h 56m 21s,14.09,-01° 15'' 47''',-1.26,Cet,, , ,15.0,,
NGC 0309,,,Gal,Spiral,SBc/z,2.6,260,200,3,"Amazing barred grand spiral, with VV rows and many blue star clouds",00h 56m 43s,14.18,-09° 54'' 50''',-9.91,Cet,, , ,11.9,22.9,25°
NGC 0315,,,Gal,Ellip,E2,3.0,210,180,2,Large E2 elliptical,00h 57m 00s,14.25,30° 21'' 00''',30.35,Psc,, , ,11.2,22.1,
NGC 0317,,,Gal,Merger,II,2.5,220,150,2,Pair of galaxies which appear to be connected by faint bridge,00h 57m 40s,14.42,43° 47'' 32''',43.79,And,, , ,13.5,22.9,
NGC 0346 (SMC),,,Neb,Em,SHO,5.0,200000,300,5,Best nebula in the SMC,00h 59m 18s,14.83,-72° 09'' 48''',-72.16,Tuc,, , ,10.3,,
Arp 121,,,Gal,Merger,II,2.0,200,120,2,"ARP: ELLIPTICAL/SPIRAL PAIR - Lovely disturbed edge-on spiral, clearly interacting with elliptical.",00h 59m 23s,14.85,-04° 48'' 00''',-4.80,Cet,, , ,15.0,,
IC 0063,,,Neb,Em,HII,9.0,600,1.5,4,"HII nebula with strong reflection component, resulting in red/purple hue",00h 59m 29s,14.87,60° 54'' 42''',60.91,Cas,,"Sh2-185,Gamma Cassiopeia  ",IC59,,,
NGC 0337,,,Gal,Spiral,SBc/z,2.8,60,50,3,"Colorful galaxy with yellow core, blue star clouds and pink HII regions",00h 59m 50s,14.96,-07° 34'' 39''',-7.58,Cet,, , ,11.6,22.2,60°
PHL 932,,,Neb,Em,SS,6.0,1000,1.8,1,"A faint HII-dominated emission nebula, not a PN but a Stromgren sphere",00h 59m 54s,14.98,15° 44'' 00''',15.73,Psc,, , ,,,
PGC 0003589,,,Gal,Dwarf,,40,0.3,3.7,2,"Local dwarf galaxy, a satellite of the Milky Way",01h 00m 09s,15.04,-33° 42'' 33''',-33.71,Scl,Sculptor Dwarf Galaxy, , ,,,
Arp 059,,,Gal,Spiral,SBbc/z,1.0,200,60,2,ARP: SMALL HSB COMP - Nice face-on spiral interacting with companion.,01h 00m 45s,15.19,-09° 11'' 00''',-9.18,Cet,,NGC 341, ,15.0,22.1,20°
NGC 0362,,,Stars,GC,III,14,30000,120,4,"Glorious cluster often overlooked due to its neighbor, 47 Tucanae",01h 03m 12s,15.80,-70° 51'' 00''',-70.85,Tuc,,Caldwell104, ,6.8,,
IC 1613,,,Gal,Dwarf,,13,2.5,10,2,"Close galaxy, bright in magnitude, and spread out.  HII regions and resolved stars are seen",01h 04m 47s,16.20,02° 07'' 07''',2.12,Cet,,Caldwell51, ,9.9,23.9,
EGB 01,,,Neb,PN,ARY/i,3.5,1000,1.0,3,Deformed elliptical PN with progenitor visible and some likely ISM influence ,01h 07m 06s,16.78,73° 33'' 00''',73.55,Cas,,HDW 1, ,16.4,,
Arp 331,,,Gal,Chain,12,16,300,1300,2,"ARP: CHAINS - Chain of 12 NGC galaxies, perhaps the densest collection of NGC objects in the sky.",01h 07m 31s,16.88,32° 21'' 00''',32.35,Psc,,NGC 386, ,12.0,22.9,
Arp 236,,,Gal,Merger,V,0.90,275,70,2,ARP: FISSION - Late stage merger - 2 core remnants separated by an orange dust band.,01h 07m 47s,16.95,-17° 30'' 00''',-17.50,Cet,,IC 1623, ,13.9,22.1,
Sh2-186,,,Neb,Em,HII,1.0,8500,2.5,1,Tiny HII region,01h 08m 18s,17.08,63° 07'' 00''',63.12,Cas,, , ,,,
NGC 0381,,,Stars,OC,III-2-40,7.0,3120,6.0,2,Fair open cluster which doesn't stand out well from the background star field,01h 08m 19s,17.08,61° 35'' 00''',61.58,Cas,, , ,9.3,,
UGC 00711,,,Gal,Spiral,S/dt,3.8,70,80,2,Superthin edge-on spiral with no central bulge,01h 08m 37s,17.15,01° 38'' 26''',1.64,Cet,, , ,13.0,,90°
AbellG 0151,,,Gal,Cluster,70,40,750,9000,1,Distant challenging cluster,01h 08m 52s,17.22,-15° 25'' 01''',-15.42,Cet,, , ,15.0,,
Dobashi 3771,,,Neb,Dark,,8.0,u,u,2,"Above the dark nebula is star cluster, reflection nebula and emission nebula",01h 09m 00s,17.25,59° 32'' 36''',59.54,Cas,, , ,,,
Arp 011,,,Gal,Spiral,SB/lz,1.5,440,200,2,"ARP: SPLIT ARM -  Huge double ring galaxy, part of a cluster.",01h 09m 23s,17.35,14° 20'' 00''',14.33,Psc,, , ,14.0,,60°
NGC 0404,,,Gal,Lent,S0,7.0,8.0,18,1,"Nearest lenticular to earth, adjacent to bright mag 2 star Mirach",01h 09m 27s,17.36,35° 43'' 05''',35.72,And,Mirach's Ghost  , , ,10.3,21.7,70°
NGC 0428,,,Gal,Mag,,4.0,40,50,2,Magellanic galaxy with robust color,01h 12m 56s,18.23,00° 58'' 55''',0.98,Cet,, , ,11.5,23.0,25°
NGC 0456 (SMC),,,Neb,Em,SHO,4.0,190000,210,4,"Irregular emission regions bisected by dark dust lanes, within the SMC",01h 15m 25s,18.85,-73° 17'' 51''',-73.30,Tuc,, , ,,,
NGC 0450,,,Gal,Spiral,SBc/z,3.0,60,55,2,Small blue spiral adjacent to photogenic background galaxy,01h 15m 31s,18.88,-00° 51'' 40''',-0.86,Cet,, , ,11.8,22.7,50°
LBN 0639,,,Neb,Mol Cld,,60,800,15,2,Faint molecular cloud adjacent to LBN 644,01h 15m 50s,18.96,16° 38'' 06''',16.64,Psc,, ,LBN644,,,
Arp 164,,,Gal,Ellip,E6/u,2.8,230,190,2,ARP: DIFFUSE FILAMENTS - Large lenticular with extended and looping star streams.,01h 15m 57s,18.99,05° 10'' 00''',5.17,Psc,,NGC 455, ,12.7,22.3,
NGC 0436,,,Stars,OC,I-3-70,5.0,10000,15,2,"Nice variety of orange, blue and white stars, only 1 degree from more famous Owl Cluster (NGC 457)",01h 15m 58s,18.99,58° 48'' 42''',58.81,Cas,, , ,8.8,,
Arp 128,,,Gal,Pair,,0.80,530,120,1,"ARP: ELLIPTICAL/SPIRAL PAIR - 2 overlapping galaxies, not interacting",01h 17m 29s,19.37,14° 42'' 00''',14.70,Psc,, , ,16.0,,
UGC 00829,,,Gal,Merger,IV,1.6,500,240,1,Looks like a tiny version of the Antennae Galaxies,01h 17m 46s,19.44,10° 11'' 49''',10.20,Psc,, , ,15.0,,
Arp 088,,,Gal,Merger,II,0.60,u,u,2,ARP: LARGE HSB COMP - Tiny pair of interacting galaxies - hard to see much detail here.,01h 19m 05s,19.77,12° 28'' 00''',12.47,Psc,, ,"Arp 48,119",16.0,,
Arp 119,,,Gal,Pair,,1.0,700,200,2,"ARP: ELLIPTICAL/SPIRAL PAIR - Severely disturbed large spiral, looking like 2 merged galaxies.",01h 19m 24s,19.85,12° 27'' 00''',12.45,Psc,, ,"Arp 48,88",15.0,,
NGC 0457,,,Stars,OC,I-3-150-a,13,10000,40,4,Magnificent ET cluster of 150 stars of varying color and brightness,01h 19m 35s,19.90,58° 17'' 12''',58.29,Cas,"ET Cluster, Owl Cluster, Dragonfly Cluster",Caldwell13, ,6.4,,
Arp 048,,,Gal,Spiral,SB/z,0.50,650,95,2,ARP: LSB COMPANION - Bright armed spiral with long star stream and a likely companion.,01h 19m 56s,19.98,12° 20'' 00''',12.33,Psc,, ,"Arp 88,119",16.0,,75°
NGC 0474,,,Gal,Lent,S0/f,5.0,95,140,3,"Wonderful pairing of lenticular, with shells, next to bright spiral galaxy",01h 20m 00s,20.00,03° 24'' 00''',3.40,Cet,, , ,11.5,24.4,5°
Arp 227,,,Gal,Pair,h,5.0,100,150,2,ARP: RINGS - May be only place in sky with two shell galaxies in same view.,01h 20m 06s,20.03,03° 25'' 00''',3.42,Psc,,NGC 467, ,11.8,21.7,
Arp 067,,,Gal,Spiral,SB/z,1.6,230,105,2,ARP: SMALL HSB COMP - Double ring barred galaxy with 2 likely fake companions.,01h 21m 16s,20.32,00° 32'' 00''',0.53,Cet,, ,Arp 8,14.0,,30°
NGC 0488,,,Gal,Spiral,Sb/m,5.0,100,150,3,Amazing arm structure - inner ring with single arm that spirals outward for 4 revolutions,01h 21m 47s,20.45,05° 15'' 23''',5.26,Psc,Whirligig Galaxy  , , ,10.3,22.3,30°
NGC 0493,,,Gal,Spiral,SBc/z,3.5,70,70,2,"Grand design spiral, almost edge-on, with yellow core",01h 22m 00s,20.50,00° 56'' 00''',0.93,Cet,, , ,12.5,22.6,80°
Arp 008,,,Gal,Spiral,SBbc/z,2.0,330,185,2,ARP: SPLIT ARM -  Odd fascinating disturbed arm structure,01h 22m 23s,20.60,00° 52'' 00''',0.87,Cet,,NGC 497,Arp 67,13.0,22.4,65°
LBN 0644,,,Neb,Mol Cld,,60,800,15,2,Faint molecular cloud adjacent to LBN 639,01h 22m 58s,20.74,17° 11'' 35''',17.19,Psc,, ,LBN639,,,
Sh2-187,,,Neb,Em,HII,10,5000,15,2,"Small, interesting HII region with dramatic dust lanes",01h 23m 18s,20.83,61° 49'' 00''',61.82,Cas,,LBN 630, ,,,
Arp 070,,,Gal,Spiral,SB/gz,1.3,500,190,2,ARP: SMALL HSB COMP - Large disturbed grand design spiral with possible companion.,01h 23m 28s,20.87,30° 47'' 00''',30.78,Psc,, , ,15.0,,60°
Arp 229,,,Gal,Pair,h,4.5,210,280,2,"ARP: RINGS - Elliptical with faint shells, in nice galaxy field.",01h 23m 40s,20.92,33° 16'' 00''',33.27,Psc,,NGC 507,Arp 158,11.2,22.4,
NGC 0514,,,Gal,Spiral,SBc/z,3.5,80,80,2,"Faintly barred, with 4 fragmented arms",01h 24m 04s,21.02,12° 55'' 02''',12.92,Psc,, , ,11.7,22.8,15°
NGC 0521,,,Gal,Spiral,SBbc/kmz,2.0,220,130,2,Elegant near face-on barred spiral,01h 24m 34s,21.14,01° 43'' 53''',1.73,Cet,, ,NGC533,11.7,22.9,20°
Arp 157,,,Gal,Merger,IV/u,4.0,80,100,4,ARP: DISTURBED WITH ABSORPTION -  Pair of colliding galaxies with remnants of both cores still visible.,01h 24m 35s,21.15,03° 47'' 00''',3.78,Psc,,NGC 520, ,11.4,22.1,
NGC 0522,,,Gal,Spiral,Sbc/d,2.8,125,100,2,"Edge-on spiral with central bulge, surrounded by numerous background galaxies",01h 24m 46s,21.19,09° 59'' 40''',9.99,Psc,, , ,12.9,21.9,90°
NGC 0524,,,Gal,Lent,S0/f,3.2,90,90,2,Near face-on lenticular that anchors small galaxy group,01h 24m 48s,21.20,09° 32'' 21''',9.54,Psc,, , ,10.2,21.2,5°
Arp 158,,,Gal,Merger,III/u,1.8,200,105,3,ARP: DISTURBED WITH ABSORPTION -  Classic merger profile with extended star streams and dust lanes.,01h 25m 19s,21.33,34° 01'' 00''',34.02,And,,NGC 523,Arp 229,12.7,22.1,
NGC 0533,,,Gal,Ellip,E3,2.0,220,130,2,Oval elliptical that is namesake of NGC533 galaxy group,01h 25m 31s,21.38,01° 45'' 33''',1.76,Cet,, ,NGC521,11.4,22.7,
AbellG 0194,,,Gal,Cluster,40,30,230,2000,3,"Interesting objects at cluster center, including Arp 133 & Minkowski's Object",01h 25m 33s,21.39,-01° 30'' 25''',-1.51,Cet,,NGC 541, ,13.9,,
Arp 133,,,Gal,Ellip,E0,1.8,230,130,2,ARP: FRAGMENTED ELLIPTICAL - Fascinating blue peculiar galaxy been driving by a radio elliptical jet.,01h 25m 44s,21.43,-01° 22'' 00''',-1.37,Cet,Minkowski's Object,NGC 541,Arp 308,12.1,22.1,
Arp 308,,,Gal,Merger,II,1.2,230,80,2,"ARP: DOUBLE GALAXIES - Pair of interacting ellipticals, part of larger group",01h 26m 00s,21.50,-01° 20'' 00''',-1.33,Cet,,NGC 547,Arp 133,12.2,21.6,
NGC 0536,,,Gal,Spiral,SBb/z,2.9,240,195,3,"Resplendent barred grand spiral, large in actual size and part of Hickson 10",01h 26m 22s,21.59,34° 42'' 00''',34.70,And,,Hickson10, ,12.4,22.4,75°
Hickson 010,,,Gal,Group,4,11,240,800,3,All 4galaxies at same distance.  Warped disks suggest interaction.,01h 26m 25s,21.60,34° 42'' 10''',34.70,And,,NGC 536, ,10.1,23.9,
Hickson 011,,,Gal,Group,4,4.9,260,400,2,a is a beautiful barred spiral that appears a bit disturbed.,01h 26m 34s,21.64,-23° 13'' 53''',-23.23,Cet,,, ,12.1,24.2,
Hickson 012,,,Gal,Group,5,2.6,670,500,2,"All 5 galaxies at same distance. None of these 5 galaxies appear to be elliptical, which would be unusual.",01h 27m 34s,21.89,-04° 40'' 14''',-4.67,Cet,,, ,12.9,23.6,
NGC 0559,,,Stars,OC,II-2-50,4.0,3700,4.5,3,One of the nicest non-Messier open star clusters,01h 29m 31s,22.38,63° 18'' 24''',63.31,Cas,,Caldwell8, ,9.5,,
CGCG 459-66 Trio,,,Gal,Trio,,0.50,900,130,1,Distant galaxy trio with little interaction seen,01h 30m 15s,22.56,20° 35'' 51''',20.60,Pis,, , ,15.0,,
NGC 0578,,,Gal,Spiral,SBc/z,4.0,60,70,3,"Disturbed disk with disjointed arms, scattered blue star cloud regions and offset core",01h 30m 29s,22.62,-22° 39'' 59''',-22.67,Cet,, , ,10.9,22.7,55°
Sh2-188,,,Neb,PN,ARY/fi,9.0,850,2.1,4,Beautiful filamentary PN and asymmetric shape,01h 30m 33s,22.64,58° 24'' 51''',58.41,Cas,Dolphin Nebula (2 of 2), , ,,,
NGC 0584,,,Gal,Ellip,E4,5.0,65,100,2,E4 elliptical which anchors group of 6 galaxies,01h 31m 21s,22.84,-06° 52'' 05''',-6.87,Cet,Little Spindle Galaxy  , , ,10.5,21.8,
Arp 098,,,Gal,Merger,I,0.30,600,50,2,ARP: ELLIPTICAL COMP - Widely separated distant pair with star stream bridge between them.,01h 32m 08s,23.03,32° 06'' 00''',32.10,Tri,, , ,15.0,,
Hickson 013,,,Gal,Group,5,2.5,580,420,2,All 5 galaxies at same distance.,01h 32m 22s,23.09,-07° 52'' 52''',-7.88,Cet,,, ,13.3,23.9,
Arp 306,,,Gal,Pair,,1.3,90,35,2,ARP: DOUBLE GALAXIES - Magellan galaxy possibly interacting with another background Magellan galaxy,01h 32m 41s,23.17,04° 38'' 00''',4.63,Psc,, , ,14.0,,
NGC 0596,,,Gal,Ellip,E4,3.0,70,60,1,Unremarkable E4 elliptical,01h 32m 54s,23.23,-07° 02'' 00''',-7.03,Cet,, , ,10.9,21.9,
M 103,,,Stars,OC,III-2-200,6.0,10000,18,3,"One of the smallest, youngest and most remote Messier open clusters",01h 33m 23s,23.35,60° 39'' 00''',60.65,Cas,,NGC 581, ,7.4,,
M 033,,,Gal,Spiral,Sc,70,3.0,60,4,"2nd closest spiral to earth, nice HII regions and patchy dust lanes",01h 33m 51s,23.46,30° 39'' 37''',30.66,Tri,Triangulum Galaxy,NGC 598, ,5.7,23.1,60°
NGC 0613,,,Gal,Spiral,SBbc/nkz,5.5,70,115,3,Marvelous colorful barred spiral with nuclear core and VV rows,01h 34m 18s,23.58,-29° 25'' 08''',-29.42,Scl,, , ,10.1,22.2,45°
NGC 0604,,,Neb,Em,HII,2.2,3.0,2.0,2,"Large HII Region in M33, with the 2nd largest number of young stars of any region in our Local Group",01h 34m 33s,23.64,30° 47'' 02''',30.78,Tri,, , ,12.0,,
NGC 0615,,,Gal,Spiral,Sb/o,3.0,85,75,2,Gorgeous disk structure with outer ring,01h 35m 06s,23.78,-07° 20'' 00''',-7.33,Cet,, , ,11.6,22.1,75°
M 074,,,Gal,Spiral,Sc/g,10,23,70,3,"Low surface brightness, Lovely grand design spiral",01h 36m 42s,24.18,15° 47'' 01''',15.78,Psc,,NGC 628, ,9.4,23.1,15°
PGC 0006101,,,Gal,Polar,,0.60,260,50,3,"Distant polar ring, yellow main galaxy surrounded by blue polar ring",01h 38m 55s,24.73,-07° 45'' 56''',-7.77,Cet,, , ,16.5,,
NGC 0658,,,Gal,Spiral,Sb,3.0,125,110,2,Well structured spiral disk with bright core,01h 42m 00s,25.50,12° 36'' 00''',12.60,Psc,, , ,12.5,22.9,60°
M 076,,,Neb,PN,BRN,3.0,3000,2.7,4,"Beautiful PN, Dimmest object in the Messier catalogue",01h 42m 18s,25.58,51° 34'' 15''',51.57,Per,Little Dumbbell Nebula    ,NGC 650, ,10.1,,
NGC 0660,,,Gal,Polar,,10,45,130,4,"Stunning polar galaxy, located close enough to reveal excellent disk detail",01h 43m 02s,25.76,13° 38'' 39''',13.64,Psc,, , ,11.2,23.4,
NGC 0637,,,Stars,OC,I-3-25,4.0,7000,8.0,2,"Average cluster but stands out well from background, just west of Heart & Soul Nebulae",01h 43m 04s,25.77,64° 02'' 24''',64.04,Cas,, , ,8.2,,
PGC 0093851,,,Gal,Coll,,0.60,380,70,2,Off center collisional ring,01h 43m 26s,25.86,16° 58'' 29''',16.97,Cet,, , ,,,
vdB 006,,,Neb,Refl,,2.0,10000,4,3,Faint white reflection nebula adjacent to bright open star cluster NGC 654 & bright orange 7.3 mag star HD 10494,01h 43m 43s,25.93,61° 50'' 03''',61.83,Cas,,,"NGC 654, LDN1332",,,
ZW III 33,,,Gal,Coll,,0.60,360,60,2,"Collision ring galaxy, one of the harder ones to interpret.",01h 43m 57s,25.99,17° 03'' 43''',17.06,Psc,, , ,,,
NGC 0654,,,Stars,OC,II-3-80,8.0,10000,25,3,Beautiful open cluster next to vdB 6,01h 44m 00s,26.00,61° 53'' 06''',61.89,Cas,,,"vdB6,LDN1332",6.5,,
NGC 0659,,,Stars,OC,III-1-30,6.0,8000,14,2,"Average open cluster color and brightness, unique triangular shape",01h 44m 24s,26.10,60° 40'' 24''',60.67,Cas,, , ,7.9,,
NGC 0662,,,Gal,Merger,II,0.80,250,60,2,Appears to be 2 close bridge connected spiral galaxies,01h 44m 35s,26.15,37° 41'' 42''',37.70,And,, , ,14.0,20.7,
NGC 0663,,,Stars,OC,III-2-400,16,7000,35,2,Bright cluster which stands out well from background stars,01h 46m 09s,26.54,61° 14'' 06''',61.24,Cas,,Caldwell10, ,7.1,,
Andromeda's Parachute,,,Gal,Spiral,,0.10,11000,u,4,Quasar (J014709+463037-11 billion light years away) gravitationally lensed by closer galaxy into 4 dots ,01h 47m 09s,26.79,46° 30'' 37''',46.51,And,Andromeda's Parachute, , ,,,
NGC 0669,,,Gal,Spiral,Sab/d,3.0,215,185,2,Edge-on spiral with showy dust lane,01h 47m 16s,26.82,35° 33'' 46''',35.56,Tri,, , ,12.3,21.8,85°
IC 1727,,,Gal,Mag,,6.6,23,45,2,"Looks like Magellanic galaxy, with white bar and blue star clouds",01h 47m 30s,26.88,27° 20'' 00''',27.33,Tri,"Triangulum Duo, Shrimp  ", ,NGC 672,12.0,23.6,75°
NGC 0672,,,Gal,Mag,,6.0,23,40,2,Magellanic galaxy that forms a nice pair with IC1727,01h 47m 54s,26.98,27° 25'' 59''',27.43,Tri,"Triangulum Duo, Bent  ", ,IC1727,10.9,22.8,70°
Collinder 463,,,Stars,OC,III-2-80,57,2300,40,2,Dim irregular open cluster,01h 48m 24s,27.10,71° 57'' 00''',71.95,Cas,Loch Ness Cluster  , , ,5.7,,
Arp 004,,,Gal,Mag,f,2.2,75,50,1,"ARP: LOW BRIGHTNESS -  Small face-on blue galaxy, seeming to be in transition from irregular to spiral shape.",01h 48m 25s,27.10,-12° 22'' 00''',-12.37,Cet,, , ,14.0,,10°
Arp 228,,,Gal,Group,5/h,10,225,650,2,ARP: RINGS - Elliptical galaxy with faint shells,01h 48m 53s,27.22,10° 31'' 00''',10.52,Psc,,IC 162, ,12.7,22.2,
NGC 0676,,,Gal,Lent,S0,3.0,70,60,2,"Seyfert (bright core) galaxy, which amazingly has a foreground bright star superimposed over the bright core.",01h 48m 57s,27.24,05° 54'' 26''',5.91,Psc,, , ,11.9,22.2,80°
NGC 0681,,,Gal,Spiral,SBab/dz,1.8,150,80,2,"Small, more complex version of the Sombrero galaxy",01h 49m 11s,27.30,-10° 25'' 37''',-10.43,Cet,Little Sombrero Galaxy, , ,12.0,22.3,86°
LBN 0640,,,Neb,Mol Cld,,35,u,u,3,Lovely dim reflection nebula with faint HII region and star cluster,01h 49m 16s,27.32,53° 45'' 00''',53.75,Per,, ,UBC188,,,
NGC 0678,,,Gal,Spiral,SBb/dz,4.5,130,175,2,Large barred edge-on spiral with nice dust lane,01h 49m 25s,27.35,21° 59'' 50''',22.00,Ari,,"NGC680,691", ,12.2,22.3,88°
Collinder 021,,,Stars,OC,IV-2-20-a,15,4560,20,3,Colorful open cluster in the shape of Texas,01h 50m 00s,27.50,27° 00'' 00''',27.00,Tri,Texas Cluster  , ,IC1731,8.2,,
NGC 0688,,,Gal,Spiral,SBb/gz,2.2,190,120,2,Attractive barred Milky Way sized grand spiral,01h 50m 44s,27.68,35° 17'' 04''',35.28,And,, , ,13.0,22.5,45°
Arp 031,,,Gal,Spiral,SBc/gkz,3.0,70,60,3,"ARP: INTEGRAL SIGN - Strongly barred core, several bright clusters and 2 strong arms with VV rows.",01h 51m 08s,27.78,21° 54'' 00''',21.90,Ari,,IC 167, ,13.1,23.7,30°
NGC 0674,,,Gal,Spiral,SBbc/z,4.5,105,140,2,"Disturbed disk, with offset core, warping, and asymmetric dust lanes",01h 51m 17s,27.82,22° 21'' 28''',22.36,Ari,,NGC697, ,12.0,22.8,80°
Arp 075,,,Gal,Merger,II,0.90,500,130,1,ARP: SMALL HSB COMP - merging galaxies with star plumes and streams.,01h 51m 18s,27.83,-04° 03'' 00''',-4.05,Cet,,NGC 702, ,13.0,22.5,
AbellG 0262,,,Gal,Cluster,40,100,220,6000,4,One of the better clusters to image.  Highlights are NGC 705 and 710.,01h 52m 50s,28.21,36° 08'' 46''',36.15,And,,"NGC 708,753", ,13.3,,
NGC 0720,,,Gal,Ellip,E5,4.5,90,120,1,Oblong elliptical with interesting extended halo brightness pattern,01h 53m 00s,28.25,-13° 44'' 19''',-13.74,Cet,, , ,10.2,21.7,
Böhm-Vitense 5-3,,,Neb,PN,ERN/r,0.50,23000,3.5,2,"Small bright PN, no progenitor.",01h 53m 03s,28.26,56° 24'' 00''',56.40,Per,, , ,15.0,,
NGC 0718,,,Gal,Spiral,SBa/glz,3.0,80,70,3,Barred grand design spiral with inner and outer pseudo-rings,01h 53m 13s,28.30,04° 11'' 43''',4.20,Psc,, , ,11.7,22.2,30°
IC 0171,,,Gal,Ellip,E,1.4,160,70,2,"Elliptical galaxy with odd dust lane pattern, probably the result of a recent merger.",01h 55m 10s,28.79,35° 16'' 48''',35.28,Tri,, , ,13.0,21.6,
Ferrero 6,,,Neb,PN,ERY,3.3,u,u,2,"Faint PN, no distance known. Progenitor visible.",01h 56m 26s,29.11,65° 28'' 20''',65.47,Cas,, , ,,,
Arp 056,,,Gal,Spiral,SB/kz,1.0,370,100,1,"ARP: SMALL HSB COMP - Spiral galaxy with strong arm, slight bar and VV rows.",01h 57m 25s,29.35,17° 13'' 00''',17.22,Ari,, , ,15.0,,25°
Arp 166,,,Gal,Merger,III/u,1.9,220,125,2,"ARP: DIFFUSE FILAMENTS - Unusual barbell-like structure, with 2 bright galaxies bridge connected.",01h 57m 32s,29.38,33° 12'' 00''',33.20,Tri,,NGC 750, ,11.9,21.6,
IC 1747,,,Neb,PN,EOY,0.20,10000,0.60,2,"Small with nice inner detail, OIII dominated, progenitor seen.",01h 57m 36s,29.40,63° 19'' 18''',63.32,Cas,Holepunch Nebula  , , ,12.0,,
NGC 0752,,,Stars,OC,III-1-90,60,1300,24,1,"One of the oldest open clusters, with few blue stars",01h 57m 41s,29.42,37° 47'' 06''',37.79,And,,Caldwell28, ,5.7,,
NGC 0753,,,Gal,Spiral,SBbc/gkz,3.0,140,125,2,Grand design spiral with VV rows,01h 57m 42s,29.43,35° 54'' 56''',35.92,And,, , ,12.3,22.8,25°
Arp 126,,,Gal,Pair,,0.70,250,50,2,"ARP: ELLIPTICAL/SPIRAL PAIR - Pair of galaxies, one irregular, that are unlikely interacting.",01h 58m 05s,29.52,03° 05'' 00''',3.08,Psc,, , ,13.9,,
Kohoutek 3-91,,,Neb,PN,XHN,0.30,28000,2.5,1,"One of the furthest PN at a distance of almost 30,000 light years",01h 58m 36s,29.65,66° 34'' 00''',66.57,Cas,, , ,21.0,,
NGC 0772,,,Gal,Spiral,Sb/k,7.0,120,250,4,Large asymmetric disk with strong star-forming arm and VV rows.  Resembles nautilus seashell. ,01h 59m 20s,29.83,19° 00'' 29''',19.01,Ari,"Fiddlehead Galaxy, Nautilus Galaxy",Arp 78, ,10.3,22.8,30°
NGC 0779,,,Gal,Spiral,SBb/z,5.0,65,90,2,Fragmented arm structure with asymmetric disk,01h 59m 42s,29.93,-05° 57'' 51''',-5.96,Cet,, , ,11.2,21.6,75°
Hickson 014,,,Gal,Group,4,6.7,280,530,2,All 4 galaxies are spirals.,01h 59m 48s,29.95,-07° 01'' 43''',-7.03,Cet,,, ,12.3,24.9,
NGC 0784,,,Gal,Spiral,SB/dz,6.0,18,30,1,LSB blue galaxy with numerous star clouds,02h 01m 17s,30.32,28° 50'' 14''',28.84,Tri,, , ,11.7,23.0,85°
NGC 0799,,,Gal,Spiral,SBa/gz,1.8,280,150,2,"Seen with NGC800, this barred grand design spiral has an off-center core",02h 02m 12s,30.55,-00° 06'' 04''',-0.10,Cet,, ,NGC800,13.4,23.5,25°
Whiting 1,,,Stars,GC,,0.50,100000,15,1,Extragalactic distant faint globular cluster,02h 02m 54s,30.73,-03° 15'' 00''',-3.25,Cet,, , ,14.6,,
Kohoutek 3-92,,,Neb,PN,BRN/c,0.30,22000,2.0,2,Bipolar PN with some lobe breakout,02h 03m 40s,30.92,64° 57'' 36''',64.96,Cas,, , ,17.0,,
Arp 290,,,Gal,Spiral,Sc,2.1,160,100,2,"ARP: WIND EFFECTS - Spiral galaxy with star streams, possibly interacting with companion",02h 03m 44s,30.93,14° 42'' 00''',14.70,Ari,,IC 195, ,13.0,21.4,70°
NGC 0801,,,Gal,Spiral,Sc/d,4.0,170,200,2,Large near edge-on spiral,02h 03m 44s,30.93,38° 15'' 00''',38.25,And,, ,NGC797,13.1,22.7,85°
NGC 0803,,,Gal,Spiral,Sc/k,4.5,75,100,2,Well structured disk with VV rows,02h 03m 45s,30.94,16° 01'' 00''',16.02,Ari,, , ,12.6,22.7,70°
IC 0200,,,Gal,Spiral,SBb/z,2.0,230,150,3,Lovely barred ring spiral with ansae and star plumes in the outer disk,02h 05m 27s,31.36,31° 10'' 30''',31.18,Tri,, , ,13.5,22.9,45°
NGC 0810,,,Gal,Ellip,E2,1.1,360,120,2,Bright oblong E5 elliptical with small companion galaxy and bizarre transverse dust lane,02h 05m 29s,31.37,13° 15'' 06''',13.25,Ari,, , ,13.9,23.7,
NGC 0812,,,Gal,Spiral,Sbc,2.3,175,120,3,"Eclectic lizard-like spiral with messy inner core, bright star clouds, and a unique curving shape.",02h 06m 52s,31.72,44° 34'' 16''',44.57,And,, , ,11.3,20.7,75°
Hickson 015,,,Gal,Group,6,7.7,320,700,2,Visually appealing arrangement of these 6 galaxies.,02h 07m 39s,31.91,02° 08'' 18''',2.14,Cet,,, ,11.7,24.8,
Arp 074,,,Gal,Spiral,SB/gz,1.3,260,100,2,ARP: SMALL HSB COMP - Face-on barred grand design spiral with nice arm plume.,02h 08m 21s,32.09,41° 28'' 00''',41.47,And,, , ,14.0,,15°
NGC 0829 Group,,,Gal,Group,7,25,175,1400,2,The Magellanic galaxy NGC 829 anchors this 5 galaxy group,02h 08m 42s,32.18,-07° 47'' 26''',-7.79,Cet,, , ,13.5,22.2,
Arp 318,,,Gal,Group,4,7.0,190,420,2,All 4 galaxies are spirals and are at same distance.  All 4 galaxies show signs of disturbance.,02h 09m 20s,32.33,-10° 07'' 00''',-10.12,Cet,,"Hickson 16, NGC 835,", ,10.2,22.9,
UGC 01651,,,Gal,Ellip,E1,2.2,500,300,1,Elliptical with strong pair of jets,02h 09m 39s,32.41,35° 47'' 48''',35.80,Tri,, , ,13.0,,
NGC 0828,,,Gal,Merger,V,2.5,240,170,3,"Bright yellow core, wide dust lane, bright white region below core, extended star streams, and lack of arm structure",02h 10m 10s,32.54,39° 11'' 28''',39.19,And,, , ,12.3,23.0,
Abell 03,,,Neb,PN,SHY/hi,1.2,8400,3.0,2,Progenitor star clearly visible. Nebula is not quite round - perhaps interaction between nebula and ISM.,02h 12m 12s,33.05,64° 09'' 05''',64.15,Cas,,Sh2-189, ,16.0,,
Barnard 201,,,Neb,Dark,0,10,u,u,1,Dark nebulosity just west of the Double Cluster (NGC869) - Small; diam. 10',02h 12m 55s,33.23,57° 06'' 00''',57.10,Cas,, , ,,,
Hickson 017,,,Gal,Group,5,1.0,850,250,2,One of the dimmest and smallest Hickson groups.  All galaxies at same distance.,02h 14m 06s,33.53,13° 18'' 48''',13.31,Ari,,, ,13.7,22.3,
Stock 2,,,Stars,OC,I-2-200-a,130,1100,40,1,"Large, loose, difficult open cluster",02h 14m 41s,33.67,59° 29'' 00''',59.48,Cas,Strong Man Cluster  , , ,,,
NGC 0864,,,Gal,Spiral,SBc/z,5.0,70,100,3,Barred starburst galaxy with star clouds and HII regions,02h 15m 28s,33.87,06° 00'' 07''',6.00,Cet,, , ,10.9,22.6,60°
G132.6+01.5,,,Neb,SNR,,120,7200,260,2,"One of the largest SNR, discovered in 2022",02h 17m 40s,34.42,62° 45'' 00''',62.75,Cas,,HB3,Heart Nebula,,,
NGC 0877,,,Gal,Spiral,SBbc/kz,1.6,180,90,2,LSB barred galaxy that anchors a lovely group of 8 galaxies ,02h 18m 00s,34.50,14° 32'' 39''',14.54,Ari,, , ,11.9,22.3,40°
Arp 010,,,Gal,Coll,,1.0,420,120,2,ARP: SPLIT ARM -  A face-on collisional ring galaxy.,02h 18m 26s,34.61,05° 39'' 00''',5.65,Cet,, , ,13.8,,45°
NGC 0869,,,Stars,OC,I-3-200,20,7000,40,5,"Together with NGC891, a colorful and sparkling pair of open clusters",02h 19m 00s,34.75,57° 07'' 42''',57.13,Per,Double Cluster (with NGC 884),Caldwell14,NGC884,5.3,,
PGC 0008896,,,Gal,Spiral,S/dw,2.3,100,70,2,Colorful galaxy with warped disk and no companions,02h 20m 07s,35.03,-19° 45'' 04''',-19.75,Cet,, , ,13.0,,82°
G132.8+2.0,,,Neb,PN,ERN,0.50,4300,0.70,2,"Faint PN with interesting texture, next to bright star",02h 20m 45s,35.19,63° 11'' 34''',63.19,Cas,, , ,,,
Arp 273,,,Gal,Merger,II,2.0,300,170,4,"ARP: CONNECTED ARMS - Showcase object of 2 interacting grand design spirals, with bridge and plumes",02h 21m 32s,35.38,39° 21'' 00''',39.35,And,Rose Galaxy  , , ,13.0,,
NGC 0884,,,Stars,OC,I-3-200,30,7000,60,4,"Together with NGC869, a colorful and sparkling pair of open clusters",02h 22m 24s,35.60,57° 07'' 00''',57.12,Per,Double Cluster (with NGC 869), ,NGC869,6.1,,
NGC 0891,,,Gal,Spiral,Sb/dt,12,30,100,4,One of the best and largest (in apparent view) edge-on spirals in the sky,02h 22m 33s,35.64,42° 20'' 54''',42.35,And,Outer Limits Galaxy  ,Caldwell23, ,9.9,22.5,90°
NGC 0908,,,Gal,Spiral,SBc/kz,6.0,60,100,2,Starburst galaxy with many star clouds and HII regions,02h 23m 05s,35.77,-21° 14'' 02''',-21.23,Cet,, , ,10.2,21.9,70°
Arp 145,,,Gal,Coll,,1.2,260,100,3,"ARP: ELLIP. EMANATING MATERIAL - Distorted blue ring spiral, with bright star clouds.",02h 23m 11s,35.80,41° 22'' 00''',41.37,And,, , ,13.8,,
Arp 054,,,Gal,Spiral,SB/gz,1.0,600,170,2,ARP: SMALL HSB COMP. - Barred face-on grand design galaxy with numerous star clouds.,02h 23m 59s,36.00,-04° 41'' 00''',-4.68,Cet,, , ,15.0,,50°
NGC 0922,,,Gal,Coll,,1.5,140,60,2,"Collisional ring galaxy with bright outer rim, spoke-like arm fragments, off center bar and tidal plume",02h 25m 05s,36.27,-24° 47'' 26''',-24.79,For,, , ,12.1,22.1,25°
AbellG 0347,,,Gal,Cluster,30,60,260,4500,2,The best objects are not part of the cluster - NGC 891 and Arp 145.,02h 25m 51s,36.46,41° 52'' 30''',41.88,And,,NGC 910,"NGC 891, Arp 145",13.3,,
NGC 0918,,,Gal,Spiral,SBc/kz,3.0,60,50,3,"Slightly barred, with beautiful arms and dust lanes, in a wide field of galactic cirrus",02h 25m 51s,36.46,18° 29'' 45''',18.50,Ari,, , ,12.2,23.1,60°
LDN 1333,,,Neb,Dark,6,20,600,3.7,2,Small dark nebula set within a molecular cloud,02h 26m 04s,36.52,75° 28'' 32''',75.48,Cas,, , ,,,
Kohoutek 3-93,,,Neb,PN,XRN,0.20,u,u,1,Dim PN with rim stronger in HII.  No progenitor.,02h 26m 30s,36.63,65° 47'' 53''',65.80,Cas,, , ,18.0,,
IC 1795,,,Neb,Em,SHO-.1/1/.2,40,6000,70,4,"Emission nebula with dark dust lanes, glowing gas fronts and young massive stars",02h 26m 32s,36.63,62° 02'' 39''',62.04,Cas,Fishhead Nebula, ,IC1805,,,
NGC 0925,,,Gal,Spiral,SBc/z,10,30,90,3,"Large apparent size, nice color, long bar and graceful arms",02h 27m 17s,36.82,33° 34'' 44''',33.58,Tri,, , ,10.1,23.3,55°
NGC 0936,,,Gal,Lent,SB0/lz,6.0,90,150,2,One of many 'TIE starfighter' type of barred ring lenticular galaxies,02h 27m 37s,36.90,-01° 09'' 20''',-1.16,Cet,Darth Vader's Galaxy, , ,10.2,22.1,40°
IC 0226,,,Gal,Ellip,E,2.2,500,300,2,Huge elliptical with a blue arc halfway around the outer galaxy halo,02h 27m 46s,36.94,28° 12'' 32''',28.21,Tri,, ,IC227,14.2,23.9,
IC 0227,,,Gal,Ellip,E4,2.2,500,300,2,Huge oblong elliptical with many background galaxies nearby,02h 28m 04s,37.02,28° 10'' 31''',28.18,Tri,, ,IC226,14.5,23.5,
Arp 276,,,Gal,Pair,,1.8,180,100,2,"ARP: INTERACTING - Likely superimposed pair, no disturbance seen.",02h 28m 10s,37.04,19° 35'' 00''',19.58,Ari,,NGC 935, ,12.9,22.4,
Arp 309,,,Gal,Pair,,1.5,200,90,2,"ARP: DOUBLE GALAXIES - Pair of lenticulars that, although close, are not likely interacting",02h 29m 10s,37.29,-10° 50'' 00''',-10.83,Cet,,NGC 942, ,14.0,23.2,
Polaris IFN,,,Neb,Mol Cld,,180,u,u,2,"The clouds and dust around Polaris, the North Pole",02h 29m 59s,37.50,88° 10'' 22''',88.17,Cep,, , ,,,
IC 1805,,,Neb,Em,SHO-.1/1/.2,90,7500,190,5,"Showy mix of bright stars, glowing interstellar gas and dark dust clouds.",02h 32m 47s,38.20,61° 28'' 30''',61.48,Cas,Heart Nebula,Melotte 15,IC1795,6.5,,
Melotte 015,,,Stars,OC,III-3-60,15,7500,35,4,"Brilliant cluster surrounded by a towering, twisting pillar of dust.",02h 32m 50s,38.21,61° 27'' 42''',61.46,Cas,Heart Cluster,IC 1805, ,6.5,,
NGC 0986,,,Gal,Spiral,SBab/gnz,3.4,80,80,3,Lovely barred grand design spiral with unusual core and nice dust lanes,02h 33m 34s,38.39,-39° 02'' 44''',-39.05,For,, , ,10.9,22.3,60°
NGC 0972,,,Gal,Spiral,Sab,3.5,50,50,2,No arm structure and strong dark dust lanes,02h 34m 13s,38.55,29° 18'' 41''',29.31,Ari,, , ,13.6,22.0,70°
NGC 0973,,,Gal,Spiral,Sb/dt,3.0,200,180,2,Edge-on with dramatic dark dust lane,02h 34m 20s,38.58,32° 30'' 17''',32.50,Tri,, , ,13.7,22.2,90°
NGC 0974 Group,,,Gal,Group,6,12,200,700,2,6 galaxy group anchored by the face-on ringed spiral NGC 974,02h 34m 26s,38.61,32° 57'' 15''',32.95,Tri,, , ,12.8,22.3,
NGC 0985,,,Gal,Coll,,0.90,600,150,2,Collisional ring galaxy with interesting core remnants,02h 34m 38s,38.66,-08° 47'' 17''',-8.79,Cet,, , ,14.3,22.0,
IC 0239,,,Gal,Spiral,SBa/kz,7.0,30,60,2,Slightly barred galaxy with star clouds behind a small and colorful Milky Way cluster. ,02h 36m 28s,39.12,38° 58'' 08''',38.97,And,, , ,11.1,23.1,25°
Maffei 1,,,Gal,Ellip,E,3.5,10,10,1,"Faint elliptical, dimmed by significant Milky Way intervening dust",02h 36m 35s,39.15,59° 39'' 18''',59.66,Cas,,Sh2-191,Czernik11,16.0,,
NGC 1022,,,Gal,Spiral,SBa/fz,2.0,60,35,2,Wide bar and mid-region pseudo-ring.  Asymmetric broad dust pattern on right side suggests likely past merger,02h 38m 33s,39.64,-06° 40'' 39''',-6.68,Cet,, , ,11.3,21.8,10°
Fornax Dwarf,,,Gal,Dwarf,,25,0.5,4.0,1,Faint dwarf galaxy with 5 globular clusters visible,02h 39m 00s,39.75,-34° 34'' 00''',-34.57,For,, , ,7.4,,
IC 1830,,,Gal,Lent,SB0/z,2.5,65,50,2,Lenticular with bright inner region,02h 39m 04s,39.77,-27° 26'' 38''',-27.44,For,, , ,12.8,22.4,20°
Arp 258,,,Gal,Group,4,1.7,470,230,2,"ARP: CLUMPS - Looks like 2 galaxies, not 4.  Probably not interacting.",02h 39m 06s,39.78,18° 00'' 00''',18.00,Ari,,Hickson 18, ,12.7,22.8,
Arp 333,,,Gal,Spiral,Sab/r,3.6,170,180,3,ARP: MISC. - Beautiful double ring spiral with no disturbance,02h 39m 12s,39.80,10° 50'' 00''',10.83,Ari,,NGC 1024, ,12.1,22.7,75°
CO 225.30-66.30 ,,,Neb,Mol Cld,,180.00,u,u,2,Faint molecular cloud just west of NGC 1097,02h 39m 16s,39.82,-30° 31'' 54''',-30.53,For,, ,NGC 1097,,,
NGC 1003,,,Gal,Spiral,Sc,7.0,35,70,2,"Slightly offset core, numerous blue star clouds visible",02h 39m 17s,39.82,40° 52'' 20''',40.87,Per,, , ,10.6,22.7,75°
Sh2-195,,,Neb,Em,HII,12,u,u,1,same object as Sh2-197,02h 40m 00s,40.00,59° 37'' 00''',59.62,Cas,, , ,,,
WeBo 1,,,Neb,PN,EHY,1.3,5120,2.0,2,Interesting elliptical HII ring PN,02h 40m 14s,40.06,61° 09'' 17''',61.15,Cas,, , ,14.5,,
Arp 135,,,Gal,Lent,SB0/z,7.0,35,70,2,ARP: FRAGMENTED ELLIPTICAL - Lenticular has small dwarf blue companion that is causing some disturbance.,02h 40m 24s,40.10,39° 04'' 00''',39.07,Per,,NGC 1023, ,9.4,21.7,75°
NGC 1042,,,Gal,Spiral,SBc/gz,5.0,60,90,3,Disturbed grand spiral with blue star clouds and pink HII regions.  Nice par with NGC1052,02h 40m 24s,40.10,-08° 26'' 01''',-8.43,Cet,, ,NGC1052,11.0,22.9,45°
NGC 1052,,,Gal,Ellip,E4,3.0,60,55,1,E$ elliptical which defers the stage to adjacent NGC1042,02h 41m 06s,40.28,-08° 15'' 00''',-8.25,Cet,, ,NGC1042,10.5,21.4,
NGC 1055,,,Gal,Spiral,SBb/dz,7.0,52,110,3,"Special edge-on spiral, with glowing core and textured dust lane",02h 41m 45s,40.44,00° 26'' 33''',0.44,Cet,, , ,10.6,22.6,86°
Maffei 2,,,Gal,Ellip,E,12,10,35,1,"Faint elliptical, dimmed by significant Milky Way intervening dust",02h 41m 55s,40.48,59° 36'' 15''',59.60,Cas,,Sh2-197, ,,,
M 034,,,Stars,OC,II-3-100,48,1700,24,3,100 star colorful open cluster with nice NGC2438 PN adjacent,02h 42m 05s,40.52,42° 45'' 42''',42.76,Per,,NGC 1039,NGC2438,5.2,,
M 077,,,Gal,Spiral,Sb,10,50,150,3,Large barred spiral and the brightest Seyfert galaxy in the sky. Many star clouds and HII regions.,02h 42m 41s,40.67,-00° 00'' 48''',-0.01,Cet,,Cetus A, ,8.9,21.7,30°
Hickson 019,,,Gal,Group,4,3.1,200,180,2,"a, b and c are all at the same distance of 200 mly. Galaxy d is much further away at 1 bly and is largest galaxy at 130 kly",02h 42m 45s,40.69,-12° 24'' 43''',-12.41,Cet,,, ,12.1,23.2,
NGC 1058,,,Gal,Spiral,Sc,2.6,30,24,2,"Unusual small, fluffy and bright galaxy, near face-on",02h 43m 00s,40.75,37° 20'' 00''',37.33,Per,, ,,11.7,22.3,4°
NGC 1060 Cluster,,,Gal,Cluster,15,35,250,2550,2,"15 galaxy group anchored by NGC 1060, a large elliptical",02h 43m 15s,40.81,32° 25'' 29''',32.42,Tri,, , ,11.8,22.1,
NGC 1070,,,Gal,Spiral,Sb,2.2,190,120,2,Near face-on spiral with faint arm structure,02h 43m 22s,40.84,04° 58'' 05''',4.97,Cet,, , ,11.9,22.3,20°
NGC 1073,,,Gal,Spiral,SBc/z,5.0,50,75,2,"Near face-on spiral with long bar and asymmetric arms, forming a left-handed ""Mark of Zorro""",02h 43m 40s,40.92,01° 22'' 33''',1.38,Cet,, , ,11.0,23.1,15°
NGC 1079,,,Gal,Lent,SB0/z,5.0,80,120,2,Double ring spiral with bright ansae,02h 43m 45s,40.94,-29° 00'' 12''',-29.00,For,, , ,11.5,22.4,65°
Hickson 020,,,Gal,Group,6,1.5,670,280,2,A true cluster - the 6 galaxies are all at approximately the same distance. ,02h 44m 15s,41.06,26° 06'' 11''',26.10,Ari,,, ,13.0,22.5,
Hickson 021,,,Gal,Group,5,11,350,1100,2,None near to each other.  All 5 are NGC galaxies in a tight view.,02h 45m 18s,41.33,-17° 37'' 10''',-17.62,Eri,,NGC 1099, ,10.1,23.9,
Abell 04,,,Neb,PN,SOY/o,0.40,18000,2.0,2,"Central star barely visible. Structure similar to M97 – round, OIII, dark inner voids. Many galaxies in background.",02h 45m 26s,41.36,42° 32'' 36''',42.54,Per,, , ,15.0,,
NGC 1084,,,Gal,Spiral,Sc/k,3.0,60,55,2,"Colorful galaxy with yellow core, blue star clouds and pink HII regions, with VV rows",02h 46m 00s,41.50,-07° 34'' 38''',-7.58,Eri,Truffle Galaxy, , ,10.7,21.4,65°
NGC 1097,,,Gal,Spiral,SBb/gz,9.3,50,150,4,Beautiful barred grand design spiral with nuclear ring and companion.,02h 46m 19s,41.58,-30° 16'' 29''',-30.27,For,,"Arp 77,Caldwell67", ,9.5,22.7,50°
NGC 1085,,,Gal,Spiral,Sbc,2.0,360,210,2,"Large spiral with asymmetric disk, core offset to north",02h 46m 25s,41.60,03° 36'' 24''',3.61,Cet,, , ,12.4,22.1,20°
NGC 1087,,,Gal,Floc,,5.0,45,65,2,Barred flocculent with star clouds and HII regions,02h 46m 25s,41.60,-00° 29'' 56''',-0.50,Cet,, ,NGC1090,10.9,22.0,45°
NGC 1090,,,Gal,Spiral,SBbc/z,4.0,100,120,3,Barred grand design spiral with arms extending out for 360 degrees,02h 46m 34s,41.64,-00° 14'' 50''',-0.25,Cet,, ,NGC1087,11.8,22.7,65°
Sh2-192,,,Neb,Em,HII,2.0,8000,5.0,2,Brightest of 3 faint adjacent circular HII regions,02h 47m 00s,41.75,61° 55'' 00''',61.92,Cas,, ,Sh2-193,,,
Sh2-193,,,Neb,Em,HII,3.0,8000,7.0,1,One of 3 faint adjacent circular HII regions,02h 47m 00s,41.75,61° 58'' 00''',61.97,Cas,, ,Sh2-192,,,
Sh2-194,,,Neb,Em,HII,2.0,8000,5.0,1,Faintest of 3 faint adjacent circular HII regions,02h 47m 00s,41.75,61° 57'' 00''',61.95,Cas,, ,Sh2-192,,,
Arp 131,,,Gal,Pair,,0.70,290,60,0,"ARP: ELLIPTICAL/SPIRAL PAIR - Spiral somewhat disturbed, but pair unlikely to be interacting.",02h 47m 19s,41.83,-14° 48'' 00''',-14.80,Eri,, , ,14.5,,
NGC 1027,,,Stars,OC,III-2-30,5.0,4000,6.0,2,Pleasing mix of colors and sizes in this open cluster near the Heart Nebula,02h 47m 42s,41.93,61° 33'' 00''',61.55,Cas,, ,IC1805,6.7,,
vdB 007,,,Neb,Refl,,7.0,200,0.40,2,Orange and white reflection nebula in the glow of the bright blue star HD 17138,02h 48m 55s,42.23,69° 37'' 35''',69.63,Cas,,,"vdb9,LDN1355",,,
NGC 1110,,,Gal,Mag,d,3.0,65,60,2,Edge-on small blue spiral with no dark dust bands,02h 49m 10s,42.29,-07° 50'' 12''',-7.84,Eri,, , ,13.9,23.1,90°
Sh2-198,,,Neb,Em,HII,11,7500,24,2,Arc of HII nebulosity,02h 50m 00s,42.50,59° 43'' 00''',59.72,Cas,, , ,,,
Arp 190,,,Gal,Merger,III/uy,0.55,480,80,2,"ARP: NARROW FILAMENTS -  Trio of galaxies, 1 blue and 2 yellow.  One has a 300,000 ly long star stream tail. ",02h 50m 19s,42.58,12° 53'' 00''',12.88,Ari,, , ,15.2,,
Sh2-196,,,Neb,Em,HII,6.0,10500,20,1,Faint HII region,02h 51m 00s,42.75,62° 13'' 00''',62.22,Cas,, , ,,,
IC 1848,,,Neb,Em,SHO-.2/1/.2,90,6500,180,4,Star cluster with 2 showcase emission nebula lobes and many dark nebulae,02h 51m 18s,42.83,60° 24'' 30''',60.41,Cas,Soul Nebula  , , ,,,
vdB 008,,,Neb,Refl,,5.0,930,1.5,3,"Fascinating, unique elongated shape for this blue reflection nebula",02h 51m 34s,42.89,67° 48'' 00''',67.80,Cas,,, ,,,
vdB 009,,,Neb,Refl,,7.0,1400,3.0,3,"White reflection nebula with bright adjacent streak just to south, dark nebula LDN 1355/1357 just to west",02h 51m 59s,43.00,68° 52'' 57''',68.88,Cas,,LBN 643,"vdB7,LDN1355",,,
Abell 05,,,Neb,PN,EHN/q,2.5,5400,4.0,2,Mainly HII. No central star. Oval banded shape.,02h 52m 13s,43.05,50° 35'' 52''',50.60,Per,, , ,,,
Arp 200,,,Gal,Spiral,Sb,2.5,115,80,2,ARP: EJECTED MATERIAL - Slightly disturbed spiral with no sign of ejected material.,02h 53m 41s,43.42,13° 00'' 00''',13.00,Ari,,NGC 1134, ,12.2,21.8,70°
UGC 02369,,,Gal,Merger,III,1.0,420,120,2,"Contrasting blue and yellow colors of merging galaxy pair, with both cores in close contact",02h 54m 02s,43.51,14° 58'' 30''',14.98,Ari,, , ,14.0,,
Dwingeloo 2,,,Gal,Spiral,,3.0,11,10,0,"Too faint to be seen in any optical image, at least not yet",02h 54m 08s,43.53,59° 00'' 19''',59.01,Cas,, , ,,,
NGC 1129,,,Gal,Ellip,E3,4.0,230,260,2,Massive E3 elliptical with numerous smaller galaxies around it,02h 54m 27s,43.61,41° 34'' 46''',41.58,Per,, , ,12.4,23.3,
NGC 1140,,,Gal,Mag,,1.7,60,30,2,"Irregular starburst dwarf galaxy, numerous HII regions",02h 54m 34s,43.64,-10° 01'' 41''',-10.03,Eri,, , ,12.5,21.7,
Arp 118,,,Gal,Merger,II/j,1.2,400,130,2,ARP: ELLIPTICAL/SPIRAL PAIR - Interacting pair includes double ring galaxy with blue clusters.,02h 55m 09s,43.79,00° 10'' 00''',0.17,Cet,,NGC 1143, ,13.1,21.3,
Dwingeloo 1,,,Gal,Dwarf,,1.3,13,5.0,0,"Very faint close galaxy, dimmed by Milky Way dust",02h 56m 52s,44.22,58° 54'' 42''',58.91,Cas,, , ,,,
LBN 0673,,,Neb,Em,SHO-.2/1/.1,6.0,6500,u,3,Silhouetted dark pillars in the center of the Soul Nebula,02h 57m 21s,44.34,60° 40'' 18''',60.67,Cas,, ,IC1848,,,
MCG -02-08-033,,,Gal,Lent,S0/r,3.0,200,170,2,"Seyfert 2 lenticular, close to edge-on, with both an inner ring and a mid-disk ring",02h 57m 49s,44.45,-10° 10'' 04''',-10.17,Eri,, , ,13.0,,80°
IC 1870,,,Gal,Mag,,3.0,55,50,2,Classic Magellanic galaxy with white bar and blue star clouds,02h 57m 54s,44.48,-02° 20'' 49''',-2.35,Eri,, , ,16.0,23.6,65°
NGC 1154,,,Gal,Merger,I,1.0,200,60,2,Pair of small galaxies connected by faint star stream bridge,02h 58m 08s,44.53,-10° 21'' 49''',-10.36,Eri,, ,NGC1155,13.2,21.4,
UGC 02411,,,Gal,Spiral,S/dt,4.0,110,120,1,Faint superthin edge-on galaxy,02h 58m 48s,44.70,75° 44'' 37''',75.74,Cas,, , ,16.0,,89°
Abell 06,,,Neb,PN,SCY/t,3.0,3100,2.7,2,Mainly OIII.  Faint central star.  Bright rim.,02h 58m 53s,44.72,64° 29'' 59''',64.50,Cas,, ,HFG 1,15.0,,
LBN 0762,,,Neb,Mol Cld,,100,u,u,3,Great cloud shapes and some dusty brown color,02h 59m 07s,44.78,17° 22'' 37''',17.38,Ari,Drunken Dragon Nebula, , ,,,
NGC 1156,,,Gal,Mag,,3.4,25,25,1,Small Magellanic galaxy,02h 59m 42s,44.93,25° 14'' 17''',25.24,Ari,, , ,11.7,22.8,
IC 0277,,,Gal,Spiral,SBbc/z,1.0,125,35,2,Disturbed small barred galaxy with a large star plume and many distant background galaxies,02h 59m 51s,44.96,02° 46'' 12''',2.77,Cet,, , ,15.5,22.0,40°
HFG 1,,,Neb,PN,AOY,8.0,2300,5.0,3,"Large ancient PN in field of HII, adjacent to Abell 6",03h 01m 00s,45.25,64° 58'' 00''',64.97,Cas,,Heckathorn-Fesen-Gull 1, ,14.6,,
NGC 1160,,,Gal,Spiral,Sc,1.5,80,35,1,"Yellow core, Faint spiral structure visible",03h 01m 13s,45.30,44° 57'' 17''',44.95,Per,, ,NGC 1161,12.8,22.2,65°
NGC 1161,,,Gal,Lent,S0,1.7,90,45,1,Lenticular galaxy with interesting inner ring dust band,03h 01m 14s,45.31,44° 53'' 51''',44.90,Per,, ,NGC 1160,11.0,21.6,25°
Arp 179,,,Gal,Spiral,S/u,0.80,200,50,2,ARP: NARROW FILAMENTS -  A small spiral with a long tidal plume.  No companions around.,03h 01m 40s,45.42,-04° 40'' 00''',-4.67,Eri,, , ,17.0,,80°
AbellG 0407,,,Gal,Cluster,50,40,700,9000,3,"Small and fascinating object, highlighted by the 9 galaxy tight ""nonet"" cluster.",03h 01m 44s,45.43,35° 50'' 48''',35.85,Per,Zwicky's Nonet Galaxy Cluster,"UGC 2489, 2491", ,14.7,,
UGC 02489 Group,,,Gal,Group,9,1.0,700,200,4,"Stunning 9 galaxy tight ""nonet"" cluster.",03h 01m 44s,45.43,35° 50'' 48''',35.85,Per,Zwicky's Nonet Galaxy Cluster,, ,14.7,,
NGC 1179,,,Gal,Spiral,SBc/fkz,4.0,55,70,3,"LSB spiral, almost face-on, with a disturbed disk structure and VV rows",03h 02m 38s,45.66,-18° 53'' 54''',-18.90,Eri,, , ,12.0,23.9,5°
NGC 1187,,,Gal,Spiral,SBc/gz,6.0,60,100,3,Colorful grand design spiral with disturbance and a companion,03h 02m 38s,45.66,-22° 52'' 03''',-22.87,Eri,, , ,10.8,22.9,20°
Sh2-201,,,Neb,Em,SHO,14,10000,40,2,Emission region just east of Soul Nebula,03h 03m 00s,45.75,60° 28'' 00''',60.47,Cas,,IC 1871, ,,,
Arp 108,,,Gal,Spiral,S/f,1.0,700,190,0,ARP: ELLIPTICAL/SPIRAL PAIR - Disturbed 3 arm spiral galaxy.  Interaction with elliptical is not clear.,03h 03m 07s,45.78,-22° 12'' 00''',-22.20,Eri,, , ,14.0,,5°
Hickson 022,,,Gal,Group,5,10,130,400,2,Interesting structures with no apparent interaction.,03h 03m 31s,45.88,-15° 40'' 33''',-15.68,Eri,,NGC 1199, ,11.1,22.6,
NGC 1169,,,Gal,Spiral,SBb/mrz,4.0,120,130,2,Barred ring spiral,03h 03m 35s,45.90,46° 23'' 08''',46.39,Per,, , ,11.3,22.7,50°
NGC 1194,,,Gal,Lent,S0,4.5,190,240,2,"Massive lenticular, almost edge-on, with dark dust lane, some background galaxies",03h 03m 49s,45.95,-01° 06'' 14''',-1.10,Cet,, , ,14.2,22.3,75°
NGC 1200,,,Gal,Lent,S0,3.8,165,185,2,Large near face-on lenticular with other galaxies,03h 03m 55s,45.98,-11° 59'' 31''',-11.99,Eri,, , ,12.0,22.8,20°
NGC 1201,,,Gal,Lent,S0,4.0,55,65,2,Lenticular in Eridanus,03h 04m 00s,46.00,-26° 04'' 00''',-26.07,Eri,, , ,10.7,21.7,60°
NGC 1186,,,Gal,Spiral,SBbc/z,3.0,110,100,2,Barred spiral with fascinating asymmetric inner ring,03h 05m 31s,46.38,42° 50'' 08''',42.84,Per,,NGC1174, ,11.4,21.4,70°
NGC 1210,,,Gal,Lent,SB0/hz,1.7,180,90,1,"Barred lenticular shell galaxy, likely merger remnants",03h 06m 45s,46.69,-00° 25'' 43''',-0.43,For,, , ,12.7,22.8,30°
NGC 1211,,,Gal,Lent,SB0/lz,3.0,95,80,1,Faint near face-on barred spiral with barlens core and faint outer pseudoring,03h 06m 52s,46.72,-00° 47'' 42''',-0.80,Cet,, , ,12.3,22.6,15°
Hickson 023,,,Gal,Group,5,7.1,220,420,2,All 5 galaxies are spirals.  One of 2 Hickson groups with 5 spirals.  All galaxies at same distance.,03h 07m 06s,46.78,-09° 35'' 08''',-9.59,Eri,,NGC 1214, ,11.2,24.1,
Arp 332,,,Gal,Chain,8,10,95,270,2,"ARP: CHAINS - Rambling line-of-sight ""chain""",03h 07m 59s,47.00,-22° 53'' 00''',-22.88,Eri,, , ,12.0,,
NGC 1207,,,Gal,Spiral,Sb/g,1.5,210,90,2,Disturbed grand design spiral.  White foreground star superimposed over core,03h 08m 15s,47.06,38° 22'' 56''',38.38,Per,, , ,12.7,22.9,50°
NGC 1232,,,Gal,Spiral,SBc/fkz,9.0,46,130,3,3 arms spiral out of barred core.  Distinct arms and star clouds.,03h 09m 45s,47.44,-20° 34'' 46''',-20.58,Eri,Eye of God Galaxy, , ,9.9,22.8,0°
IC 0289,,,Neb,PN,BCY,0.75,5000,1.1,2,"Small, interesting PN with disrupted bright white torus and visible progenitor.",03h 10m 19s,47.58,61° 19'' 01''',61.32,Cas,, , ,13.2,,
Sh2-200,,,Neb,PN,AON/io,6.0,3600,6.0,4,"Large faint ancient PN, with nice texture and OIII-dominated throughout",03h 11m 01s,47.75,62° 47'' 45''',62.80,Cas,,HDW 2, ,,,
Arp 147,,,Gal,Coll,,0.50,440,60,4,ARP: RINGS - Collisional ring galaxy with star clouds around the impacted rim.,03h 11m 18s,47.83,01° 18'' 00''',1.30,Cet,,IC 298, ,14.6,22.3,
Arp 304,,,Gal,Pair,k,2.2,200,130,2,"ARP: DOUBLE GALAXIES - Barred spiral with some disturbance, not likely interacting with background galaxy",03h 11m 19s,47.83,-08° 54'' 00''',-8.90,Eri,,NGC 1241, ,12.0,22.6,
NGC 1220,,,Stars,OC,II-2-30,5.0,10000,15,2,Colorful small group of stars,03h 11m 36s,47.90,53° 21'' 10''',53.35,Per,, , ,11.8,,
NGC 1261,,,Stars,GC,II,7.0,53000,110,3,Concentrated globular in Horologium,03h 12m 18s,48.08,-55° 13'' 00''',-55.22,Hor,,Caldwell87, ,8.3,,
FR 2-23,,,Neb,Em,HII,30,u,u,1,"Very faint nebula.  Could be a PN, but seems much too large",03h 14m 10s,48.54,48° 11'' 12''',48.19,Per,, , ,,,
Arp 279,,,Gal,Pair,,5.8,70,120,2,ARP: INTERACTING - Pair of likely interacting galaxies.  Star plumes but not much deformation.,03h 14m 23s,48.60,-02° 48'' 00''',-2.80,Eri,,NGC 1253, ,11.7,23.2,
NGC 1245,,,Stars,OC,III-1-150,10,9000,25,2,Arrowhead open cluster shape,03h 14m 42s,48.68,47° 14'' 12''',47.24,Per,, , ,8.4,,
vdB 010,,,Neb,Refl,,19,3000,16,1,"Faint white reflection nebula with brighter ""L-shaped"" section to the west",03h 15m 15s,48.81,57° 10'' 19''',57.17,Cam,,LBN 680, ,,,
IC 0311,,,Gal,Spiral,S/d,1.5,190,80,3,Small edge-on spiral with multiple dark mid-line dust lanes,03h 16m 47s,49.20,40° 00'' 13''',40.00,Per,, , ,14.1,22.2,88°
NGC 1291,,,Gal,Lent,SB0/foz,10,36,110,3,Face-on double barred double ringed spiral,03h 17m 18s,49.33,-41° 06'' 29''',-41.11,Eri,Snow Collar Galaxy  ,NGC1269, ,9.4,22.0,10°
NGC 1313,,,Gal,Spiral,SBc/z,9.0,13,35,4,Small barred spiral looking like a Magellanic galaxy,03h 18m 12s,49.55,-66° 30'' 00''',-66.50,Ret,Topsy Turvy Galaxy, , ,8.7,21.9,30°
AbellG 0426,,,Gal,Cluster,90,190,200,10600,4,One of the best Abell clusters to image - dense and fairly close.,03h 18m 36s,49.65,41° 30'' 54''',41.52,Per,Perseus A Galaxy Cluster,"NGC 1275,Caldwell24", ,11.6,,
Sh2-202,,,Neb,Em,HII,180,1200,60,3,Large HII region with dust lanes and 2 vdB blue reflection nebula,03h 18m 54s,49.73,59° 38'' 00''',59.63,Cam,, ,"vdb14,15",,,
NGC 1300,,,Gal,Spiral,SBbc/gnz,6.0,70,120,3,"Barred grand design spiral with tiny ring around core, long bar, nice color, bright star clouds and curving arms",03h 19m 41s,49.92,-19° 24'' 41''',-19.41,Eri,, , ,10.4,22.7,55°
Hickson 024,,,Gal,Group,4,2.4,430,300,2,All 5 galaxies are ellipticals and at same distance.,03h 20m 19s,50.08,-10° 51'' 53''',-10.86,Eri,,, ,12.7,23.2,
Hickson 025,,,Gal,Group,7,6.4,290,580,2,Tied for having the second most galaxies (7) of any Hickson group.,03h 20m 44s,50.18,-01° 03'' 07''',-1.05,Cet,,, ,11.8,24.5,
Hickson 026,,,Gal,Group,4,1.9,450,260,2,All 4 galaxies at same distance.  Tied for having the second most galaxies (7) of any Hickson group.,03h 21m 54s,50.48,-13° 38'' 45''',-13.65,Eri,,, ,12.7,22.7,
NGC 1316,,,Gal,Lent,SB0/z,9.0,70,180,3,"Lenticular galaxy with large brown dust lanes snaking through inner disk, adjacent to NGC 1317",03h 22m 42s,50.68,-37° 12'' 30''',-37.21,For,,"Fornax A, Arp 154",NGC1317,8.5,22.3,60°
Sh2-203,,,Neb,Em,HII,120,5500,200,0,Very faint HII region,03h 22m 59s,50.75,54° 49'' 42''',54.83,Per,, , ,,,
NGC 1326,,,Gal,Lent,SB0/ronz,3.5,50,50,2,Lenticular quadruple ring galaxy,03h 23m 56s,50.98,-36° 27'' 51''',-36.46,For,, , ,10.5,21.9,50°
vdB 011,,,Neb,Refl,,6.2,3000,5.0,1,"Faint blue reflection nebula, brightest to southeast",03h 24m 15s,51.06,61° 32'' 19''',61.54,Cam,,LBN 678, ,,,
Melotte 020,,,Stars,OC,III-3-50,240,600,40,2,"Bright naked eye cluster, one of the earliest known deep sky objects",03h 24m 18s,51.08,49° 52'' 00''',49.87,Per,"Alpha Persei Moving Cluster, Saxophone Cluster", , ,1.2,,
NGC 1325,,,Gal,Floc,,4.0,75,90,3,"Bright core surrounded by yellow lens, flocculated disk",03h 24m 25s,51.10,-21° 32'' 40''',-21.54,Eri,,Holmberg VI  , ,11.5,22.5,75°
vdB 012,,,Neb,Refl,,5.0,1000,1.5,3,Interesting oddly shaped (point symmetric-like) orange reflection nebula,03h 25m 25s,51.35,31° 43'' 47''',31.73,Per,,Ced 12, ,,,
Barnard 202,,,Neb,Dark,4,33,u,u,2,"Nice dark nebula near B204 - Elongated NW and SE, 33'x12'",03h 25m 37s,51.40,30° 17'' 00''',30.28,Ari,, , ,,,
Barnard 203,,,Neb,Dark,4,20,u,u,2,Nice dark nebula near B204 - Elongated E and W; BD +30 539 (magnitude 9.0) in N ed,03h 25m 49s,51.45,30° 47'' 00''',30.78,Ari,, , ,,,
vdB 013,,,Neb,Refl,,9.0,960,2.6,2,Delicate blue reflection nebula among dust clouds with much texture,03h 25m 50s,51.46,30° 55'' 54''',30.93,Ari,,Ced 13,"vdB16,LDN1455",,,
HDW 03,,,Neb,PN,ACN,9.0,3000,8.0,3,"Large ancient PN, ISM affected with most visible signal in NE half",03h 27m 15s,51.81,45° 24'' 20''',45.41,Per,, , ,,,
LDN 1455,,,Neb,Dark,5,60,u,u,3,"Shapely series of dark and light clouds, with 2 vdB refl. nebula",03h 27m 40s,51.92,30° 12'' 06''',30.20,Ari,,B204,"vdB13,vdB16",,,
Kemble's Kite,,,Stars,OC,II-1-10-a,90,u,u,2,Kite shaped asterism in Cassiopeia,03h 28m 00s,52.00,72° 00'' 00''',72.00,Cas,Kemble's Kite Asterism, , ,,,
NGC 1337,,,Gal,Spiral,SBc/dkz,7.0,50,95,3,Edge-on spiral with distinct arm structure and VV rows,03h 28m 06s,52.03,-08° 23'' 22''',-8.39,Eri,, , ,11.9,23.0,83°
NGC 1340,,,Gal,Ellip,E5,3.0,60,55,1,Standard elliptical (E5) galaxy,03h 28m 19s,52.08,-31° 04'' 05''',-31.07,For,, , ,10.4,22.6,65°
vdB 016,,,Neb,Refl,,9.0,940,2.5,3,Pretty blue reflection nebula surrounded by wispy clouds and dark voids,03h 28m 21s,52.09,29° 47'' 00''',29.78,Ari,,Ced 15,"vdB13,LDN1455",,,
Barnard 204,,,Neb,Dark,5,14,u,u,3,A beautiful field with the 2 vdB and 5 Barnard nebulae - Irregular; diam. 14' plus or minus; 15' SW of mag 7 star,03h 28m 28s,52.12,30° 12'' 00''',30.20,Ari,, ,"vdB13,Vdb16",,,
Barnard 205,,,Neb,Dark,5,20,u,u,3,"Dark nebula adjacent to NGC1333 - Two dark strips, 15' long N and S, with mag 9.3 star between them",03h 28m 30s,52.13,31° 07'' 00''',31.12,Per,, , ,,,
vdB 014,,,Neb,Refl,,25,2600,20,2,Bright blue star is illuminating long cloud 15 arc-minutes to the southeast.  Sh2-202 is 1 degree to west,03h 29m 04s,52.27,59° 56'' 37''',59.94,Cam,,LBN 681,Sh2-202,,,
Barnard 206,,,Neb,Dark,5,5.0,u,u,2,Dark nebula north of vdB16 - Diffused; diam. 5' plus or minus,03h 29m 08s,52.28,30° 12'' 00''',30.20,Ari,, , ,,,
HH 012,,,Stars,HH,,2.0,u,u,2,Bright Herbig-Haro object at the center of NGC 1333. ,03h 29m 20s,52.33,31° 24'' 56''',31.42,Per,, ,NGC 1333,,,
NGC 1333,,,Neb,Refl,,14,1100,4.5,5,"Blue reflection nebula at north end of NGC 1333, which is a showcase molecular cloud with many HH objects",03h 29m 20s,52.33,31° 24'' 56''',31.42,Per,Embryo Nebula,, ,,,
Arp 039,,,Gal,Spiral,SBc/fz,1.4,80,35,1,ARP: LSB COMPANION - Faint face-on spiral with star clouds and no companion,03h 29m 42s,52.43,-22° 16'' 00''',-22.27,Eri,,NGC 1347, ,13.2,22.8,5°
vdB 015,,,Neb,Refl,,25,2600,20,3,Detailed blue reflection nebula around the bright star HD21389.  Sh2-202 is 1 degree to west,03h 29m 54s,52.48,58° 52'' 34''',58.88,Cam,,LBN 682,Sh2-202,,,
NGC 1334,,,Gal,Spiral,Sbc,1.5,160,70,2,Edge-on view of odd wedge-shaped barred spiral,03h 30m 02s,52.51,41° 49'' 54''',41.83,Per,, , ,13.2,22.0,78°
NGC 1346 Pair,,,Gal,Pair,,1.0,190,55,1,Mildly interesting distant pair,03h 30m 13s,52.55,-05° 32'' 35''',-5.54,Eri,, ,LEDA13005,13.2,21.7,
NGC 1350,,,Gal,Spiral,SBab/grz,5.0,60,90,3,Graceful barred grand design spiral with showy arms and a star formation inner ring,03h 31m 08s,52.78,-33° 37'' 43''',-33.63,For,, , ,10.3,21.9,60°
GK Per,,,Stars,Nova,,1.5,1500,0.70,1,Nova exploded in 1901 and reached 0.2 magnitude,03h 31m 12s,52.80,43° 54'' 15''',43.90,Per,Firework Nebula , , ,13.0,,
NGC 1342,,,Stars,OC,III-3-25,16,2000,9.0,2,"Good color and size distribution, distinct from background",03h 31m 38s,52.91,37° 22'' 36''',37.38,Per,"Stingray Cluster, Little Scorpion Cluster  ", , ,6.7,,
NGC 1353,,,Gal,Spiral,SBb/gz,3.0,85,75,2,Grand design spiral with flocculent components,03h 32m 03s,53.01,-20° 49'' 06''',-20.82,Eri,, , ,11.5,21.9,70°
Barnard 001,,,Neb,Dark,4,30,u,u,1,Large and very faint just east of NGC 1333,03h 32m 56s,53.23,31° 10'' 00''',31.17,Per,, , ,,,
NGC 1360,,,Neb,PN,POY/y,9.0,1200,3.0,4,"Beautifully delicate OIII PN with unique diffuse oblong appearance, small winding dust lanes and bright progenitor",03h 33m 15s,53.31,-25° 52'' 19''',-25.87,For,Robins Egg Nebula  ,M 1-3, ,11.0,,
NGC 1357,,,Gal,Spiral,Sab/mr,1.0,85,25,2,Near face-on grand design spiral with distinct dark lanes and bright blue star clouds,03h 33m 17s,53.32,-13° 39'' 51''',-13.66,Eri,, , ,11.5,22.1,15°
NGC 1355,,,Gal,Lent,S0/dw,1.4,120,50,2,"Edge-on lenticular with warp disk and peanut-shaped (X-shaped) core, Paired with NGC 1358",03h 33m 23s,53.35,-04° 59'' 55''',-5.00,Eri,, ,NGC1358,13.3,21.4,90°
Barnard 002,,,Neb,Dark,4,20,u,u,0,Very faint; elongated SE and NW,03h 33m 30s,53.38,32° 20'' 00''',32.33,Per,, , ,,,
NGC 1365,,,Gal,Spiral,SBb/gnkz,10,55,160,4,"Large barred grand design spiral with nuclear core, dramatic dust lanes, bright star clouds and strong arms",03h 33m 36s,53.40,-36° 08'' 25''',-36.14,For,Dipterous Galaxy, , ,10.3,23.0,55°
NGC 1358,,,Gal,Lent,SB0/z,2.0,190,115,2,"Asymmetric lenticular disk with bright rim portions, Nice pairing with NGC 1355",03h 33m 40s,53.42,-05° 05'' 23''',-5.09,Eri,, ,NGC1355,13.0,22.7,40°
NGC 1359,,,Gal,Mag,,1.6,90,40,2,"Classic Magellanic galaxy with white bar, small size, single arm, and blue star clouds",03h 33m 48s,53.45,-19° 29'' 30''',-19.49,Eri,, , ,12.2,22.5,
vdB 018,,,Neb,Refl,,4.0,1020,1.3,1,Faint blue reflection nebula,03h 35m 00s,53.75,38° 01'' 00''',38.02,Per,,LBN 721, ,,,
NGC 1371,,,Gal,Spiral,SBa/z,5.0,100,140,3,"Fascinating disk structure, with 3 concentric rings and arms that brightly spiral into the core",03h 35m 01s,53.75,-24° 55'' 59''',-24.93,For,,NGC1367, ,10.7,22.8,50°
Kohoutek 3-94,,,Neb,PN,BRN,0.20,22000,1.4,1,"Distant PN similar to Ring Nebula, but 10x further away.",03h 36m 08s,54.03,60° 03'' 47''',60.06,Cam,, , ,16.0,,
AbellG S 0373,,,Gal,Cluster,60,60,65,1200,2,One of brightest Abell clusters. The second richest cluster in the sky but far south at -36 deg dec.,03h 36m 28s,54.12,-34° 58'' 33''',-34.98,For,, , ,10.3,,
NGC 1386,,,Gal,Lent,S0,3.5,55,60,2,Inclined lenticular with some disk detail,03h 36m 47s,54.20,-35° 59'' 57''',-36.00,Eri,, , ,11.2,21.6,70°
NGC 1376,,,Gal,Spiral,Sc/fg,2.2,195,120,2,Face-on grand spiral with slightly disturbed disk,03h 37m 06s,54.28,-05° 02'' 36''',-5.04,Eri,, , ,12.1,22.4,5°
NGC 1343,,,Gal,Spiral,SBb/nz,2.6,110,85,3,"Amazing spiral with nuclear ring, strong graceful arms and diffuse outer disk",03h 37m 50s,54.46,72° 34'' 16''',72.57,Cas,, , ,12.7,23.0,55°
NGC 1399,,,Gal,Ellip,E1,8.0,55,130,1,"Elliptical, paired with NGC1404",03h 38m 29s,54.62,-35° 27'' 01''',-35.45,For,, ,NGC1404,8.8,22.6,
NGC 1398,,,Gal,Spiral,SBab/lz,8.0,50,120,2,"Barred spiral with bright core, barlense, inner ring, and diffuse outer disk",03h 38m 52s,54.72,-26° 20'' 15''',-26.34,For,, , ,9.7,22.4,45°
NGC 1404,,,Gal,Ellip,E1,5.0,55,80,1,"Elliptical, paired with NGC1399",03h 38m 52s,54.72,-35° 35'' 36''',-35.59,Eri,, ,NGC1399,10.0,21.4,
NGC 1400,,,Gal,Lent,S0,3.2,80,75,1,"Small lenticular, paired with NGC 1407",03h 39m 31s,54.88,-18° 41'' 17''',-18.69,Eri,, ,NGC1407,11.0,21.4,45°
NGC 1397,,,Gal,Lent,SB0/rlz,2.0,240,140,2,Double ring barlense spiral,03h 39m 47s,54.95,-04° 40'' 12''',-4.67,Eri,, , ,13.7,23.2,20°
Arp 219,,,Gal,Coll,j,1.0,500,135,2,ARP: LOOPS -  Wonderful collisional ring galaxy with loop and tail,03h 39m 51s,54.96,-02° 06'' 00''',-2.10,Eri,, , ,14.9,,
Barnard 003,,,Neb,Dark,5,20,u,u,2,Next to lovely IC348.  Bright strip of nebulosity in SW side,03h 40m 00s,55.00,31° 59'' 00''',31.98,Per,, ,IC348,,,
Sh2-245,,,Neb,Em,HII,1500,750,340,1,"Faint, massive Fishhook nebula, 25 degrees long",03h 40m 06s,55.03,-03° 28'' 00''',-3.47,Ori,, , ,,,
NGC 1407,,,Gal,Ellip,E1,7.0,95,185,1,"Large E1 elliptical, paired with NGC1400",03h 40m 12s,55.05,-18° 34'' 48''',-18.58,Eri,, ,NGC1400,9.7,21.7,
NGC 1415,,,Gal,Lent,S0,6.0,75,125,2,Lenticular with dust lane that skirts the right side of the core and snakes out to outer disk,03h 40m 57s,55.24,-22° 33'' 50''',-22.56,Eri,, ,NGC1416,11.9,22.6,25°
NGC 1417,,,Gal,Spiral,SBb/z,2.0,175,110,2,Fragmented arm structure with numerous star clouds,03h 41m 57s,55.49,-04° 42'' 21''',-4.71,Eri,, ,NGC1418,13.0,22.5,60°
NGC 1433,,,Gal,Spiral,SBa/grz,7.0,50,100,3,Stunning barred grand spiral with pseudo-ring,03h 42m 01s,55.50,-47° 13'' 19''',-47.22,Hor,, , ,9.9,22.6,40°
NGC 1425,,,Gal,Spiral,Sb,5.0,70,100,2,Diffuse spiral disk with faint arms.  Partially disturbed disk with offset core and pseudo-rings,03h 42m 11s,55.55,-29° 53'' 38''',-29.89,For,, , ,10.6,22.3,65°
NGC 1421,,,Gal,Spiral,SBbc/z,3.6,65,70,2,Asymmetric disk with offset core and unusually long left side arm,03h 42m 29s,55.62,-13° 29'' 19''',-13.49,Eri,, , ,11.4,21.4,78°
NGC 1436,,,Gal,Spiral,SBab/z,2.5,50,40,1,Small galaxy with occluded disk and faint spiral structure,03h 43m 37s,55.90,-35° 51'' 12''',-35.85,Eri,,NGC1437, ,11.7,22.3,50°
Barnard 004,,,Neb,Dark,5,20,u,u,0,Very large and faint,03h 44m 01s,56.00,31° 49'' 00''',31.82,Per,, , ,,,
IC 0348,,,Neb,Refl,IV-2-500,25,1100,8.0,3,"Nice view of colorful star cluster, blue reflection nebula, and 3 Barnard dark nebulae",03h 44m 34s,56.14,32° 09'' 46''',32.16,Per,,,vdB19,7.3,,
vdB 020,,,Neb,Refl,,9.0,400,1.0,3,The blue reflection nebula around the right star of Pleaides,03h 44m 53s,56.22,24° 06'' 47''',24.11,Tau,,Electra,Pleiades,,,
IC 0334,,,Gal,Merger,V,3.0,115,100,2,"Looks like a merger between an elliptical and spiral galaxy. Faint star plumes, offset core, and interesting dust lanes.",03h 45m 17s,56.32,76° 38'' 15''',76.64,Cam,, , ,11.3,21.8,
NGC 1452,,,Gal,Lent,SB0/rlz,3.0,75,70,2,"Barred lenticular with barlense, ansae and inner ring",03h 45m 22s,56.34,-18° 38'' 00''',-18.63,Eri,,NGC1455, ,11.8,21.8,65°
vdB 021,,,Neb,Refl,,14,400,1.6,5,The blue reflection nebula around the top bright star of Pleaides,03h 45m 49s,56.45,24° 22'' 13''',24.37,Tau,,Maia  ,Pleiades,,,
vdB 022,,,Neb,Refl,,14,400,1.6,5,The blue reflection nebula around the bottom bright star of Pleaides,03h 46m 19s,56.58,23° 56'' 50''',23.95,Tau,,Merope  ,Pleiades,,,
NGC 1453 Group,,,Gal,Group,8,16,170,800,2,Group of 8 small galaxies in Eridanus,03h 46m 27s,56.61,-03° 58'' 06''',-3.97,Eri,, , ,11.5,22.1,
IC 0342,,,Gal,Spiral,SBc/fkz,20,11,65,4,"Fascinating arm structure, include VV rows, but obscured by Milky Way dust and stars",03h 46m 49s,56.70,68° 05'' 46''',68.10,Cam,Star Veiled Galaxy,Caldwell5, ,8.4,23.8,5°
vdB 023,,,Neb,Refl,,12,400,1.4,5,The blue reflection nebula around the center bright star of Pleaides,03h 47m 29s,56.87,24° 06'' 32''',24.11,Tau,,Alcyone,Pleiades,,,
M 045,,,Stars,OC,II-3-1000,120,440,15,5,Brightest object in the Messier catalog and one of the best naked eye objects,03h 47m 30s,56.88,24° 07'' 00''',24.12,Tau,"Pleiades, Seven Sisters, Subaru","NGC 1432, IC 349", ,1.6,,
IC 0351,,,Neb,PN,XON,0.17,18000,1.0,1,"Tiny stellar-like PN, but some detail seen in inner region. No progenitor.",03h 47m 33s,56.89,35° 02'' 48''',35.05,Per,, , ,11.9,,
Barnard 005,,,Neb,Dark,5,60,u,u,2,Seen through the dust are galaxies 200 mly away. Near blue 5th mag star Eta Persei. Elongated NE and SW,03h 47m 51s,56.96,32° 54'' 00''',32.90,Per,,LDN 1471, ,,,
IsWe 1,,,Neb,PN,ACN/i,20,1400,8.0,2,"Very faint ancient planetary nebula, discovered in 1987.",03h 49m 00s,57.25,50° 00'' 00''',50.00,Per,, , ,,,
NGC 1444,,,Stars,OC,IV-1-25,5.0,5500,8.0,2,Bright open cluster hiding behind foreground star,03h 49m 24s,57.35,52° 40'' 00''',52.67,Per,, , ,6.6,,
vdB 024,,,Neb,Refl,,7.0,1500,3.0,3,"Complex blue and white reflection nebula with dust lanes, one of which is LDN 1442",03h 49m 34s,57.39,38° 57'' 51''',38.96,Per,, ,LDN1442,,,
XY Per,,,Stars,YSO,,3.0,1500,1.4,2,YSO at the source of a striking blue-white reflection nebula,03h 49m 36s,57.40,38° 58'' 56''',38.98,Per,,vdB24, ,,,
Sh2-205,,,Neb,Em,HII,180,3300,180,3,Bright HII regions with some dust lanes,03h 52m 14s,58.06,53° 25'' 00''',53.42,Cam,Peanut Nebula    , , ,,,
UGC 02885,,,Gal,Spiral,S/w,4.0,230,280,2,Giant spiral with some warping,03h 53m 02s,58.26,35° 35'' 21''',35.59,Per,, , ,14.0,,70°
Baade 1,,,Neb,PN,SOY/r,1.0,8100,2.4,2,"Dominant OIII, progenitor star and bright mid-region rim",03h 53m 37s,58.40,19° 29'' 39''',19.49,Tau,, , ,16.0,,
NGC 1482,,,Gal,Lent,S0,3.0,65,60,2,"Lenticular, almost edge-on, with dramatic dust lane",03h 54m 39s,58.66,-20° 30'' 10''',-20.50,Eri,, ,NGC1481,12.2,22.3,75°
Sh2-204,,,Neb,Em,HII,90,12000,350,3,Bright HII arc of nebulosity resembling a brontosaurus,03h 55m 42s,58.93,57° 26'' 00''',57.43,Cam,Brontosaurus Nebula, , ,,,
Barnard 006,,,Neb,Dark,4,10,u,u,1,Faint and round,03h 56m 19s,59.08,56° 08'' 00''',56.13,Cam,, , ,,,
IC 2003,,,Neb,PN,XON,0.10,18000,0.55,1,Stellar-like OIII-dominated PN with a bit of inner detail,03h 56m 22s,59.09,33° 52'' 30''',33.88,Per,, , ,12.0,,
Kemble 1,,,Stars,OC,III-I-20-a,180,u,u,2,"Straight line of 25 5th to 9th mag stars, identified by Father Kemble in 1980.",03h 57m 24s,59.35,63° 04'' 00''',63.07,Cam,Kemble's Cascade Asterism, , ,,,
NGC 1497 Group,,,Gal,Group,4,12,270,1000,2,Small galaxy group anchored by the lenticular NGC 1497,04h 02m 07s,60.53,23° 07'' 58''',23.13,Tau,, , ,13.1,21.9,
NGC 1491,,,Neb,Em,SHO-.1/1/.4,30,10000,85,3,Dust pillars and dark nebula silhouetted against emission nebulae make for a satisfying but not spectacular image,04h 03m 14s,60.81,51° 18'' 57''',51.32,Per,Fossil Footprint Nebula  , , ,,,
NGC 1499,,,Neb,Em,SHO-.1/1/.2,200,1000,60,4,"Famous California-shaped emission nebulae, which looks good in either SHO or HaRGB imagery",04h 03m 14s,60.81,36° 22'' 00''',36.37,Per,California Nebula, , ,,,
NGC 1512,,,Gal,Spiral,SBa/lnz,4.0,40,50,2,"Barred spiral with nuclear ring and inner pseudo-ring, faint bridge with NGC1510 companion",04h 03m 54s,60.98,-43° 20'' 58''',-43.35,Hor,, ,NGC1510,10.3,23.3,50°
NGC 1507,,,Gal,Mag,dw,4.0,35,40,2,Edge-on view of warped Magellanic galaxy ,04h 04m 27s,61.11,-02° 11'' 19''',-2.19,Eri,, , ,12.3,22.3,86°
LBN 0777,,,Neb,Mol Cld,,25,400,3.0,4,One of the best known LBN objects because of its striking shape,04h 05m 02s,61.26,26° 23'' 24''',26.39,Tau,Baby Eagle Nebula, ,B207,,,
NGC 1501,,,Neb,PN,EOY/f,1.0,5700,1.7,4,OIII PN with fascinating filamentary inner structure,04h 06m 59s,61.75,60° 55'' 14''',60.92,Cam,Oyster Nebula    , , ,11.5,,
Arp 213,,,Gal,Floc,,6.0,40,70,2,ARP: IRREGULARITIES -  Odd mottled galaxy with 2 bright cores,04h 07m 47s,61.95,69° 48'' 00''',69.80,Cam,,IC 356, ,10.6,22.8,15°
NGC 1502,,,Stars,OC,II-3-50,15,2700,13,2,"Underappreciated bright colorful open cluster, nicknamed the Jolly Roger for its resemblance to pirate flag",04h 07m 50s,61.96,62° 19'' 54''',62.33,Cam,Jolly Roger Cluster  , ,Kemble's Cascade,6.9,,
NGC 1516,,,Gal,Merger,I,0.50,460,70,2,"2 face-on spiral galaxies, faintly bridge connected, with single NGC designation",04h 08m 07s,62.03,-08° 49'' 42''',-8.83,Eri,, , ,14.6,21.8,
NGC 1514,,,Neb,PN,SOY/o,3.0,2000,1.9,4,Impressive OIII PN with owl-type interior and bright progenitor,04h 09m 17s,62.32,30° 46'' 33''',30.78,Tau,Crystal Ball Nebula, , ,10.9,,
NGC 1513,,,Stars,OC,II-1-60,10,7000,20,2,Tight circular shape resembles large globular cluster,04h 10m 00s,62.50,49° 31'' 00''',49.52,Per,, , ,8.4,,
Sh2-209,,,Neb,Em,HII,9.0,26000,70,1,Distant HII region,04h 11m 00s,62.75,51° 00'' 00''',51.00,Aur,, , ,,,
Barnard 208,,,Neb,Dark,5,60,u,u,2,Fairly bright dark nebula in a lovely dusty field,04h 11m 32s,62.88,25° 10'' 00''',25.17,Tau,, ,LDN1499,,,
NGC 1532,,,Gal,Spiral,SB/dguz,13,65,250,4,Huge grand design spiral with remarkable interaction with NGC 1531 companion,04h 11m 59s,63.00,-32° 51'' 02''',-32.85,Eri,, ,NGC1531,9.9,22.7,83°
Barnard 209,,,Neb,Dark,5,10,u,u,1,"Faint - Center of a broad extension from B 7, toward the W",04h 12m 22s,63.09,28° 20'' 00''',28.33,Tau,, , ,,,
vdB 025,,,Neb,Refl,,8.0,460,1.0,1,Faint white reflection nebula,04h 12m 35s,63.15,23° 35'' 02''',23.58,Tau,, , ,,,
vdB 026,,,Neb,Refl,,8.0,500,1.2,2,"Lovely blue reflection nebula with tremendous texture, like a Pleiades RN",04h 13m 35s,63.40,10° 13'' 02''',10.22,Tau,,LBN 828, ,,,
NGC 1535,,,Neb,PN,BOY,0.80,4000,1.0,3,OIII bipolar PN with bright scalloped torus,04h 14m 16s,63.57,-12° 44'' 22''',-12.74,Eri,Cleopatra's Eye Nebula, , ,9.6,,
CW Tau,,,Stars,YSO,,3.0,500,0.45,2,YSO contained in Barnard 7 and source of a yellow reflection nebula,04h 14m 17s,63.57,28° 10'' 59''',28.18,Tau,,LDN1495,"IC359,B10,B7",,,
NGC 1540,,,Gal,Merger,II,1.1,250,80,3,Trio of merging galaxies,04h 15m 10s,63.79,-28° 28'' 46''',-28.48,Eri,, , ,13.9,22.4,
NGC 1528,,,Stars,OC,II-2-70,25,2400,17,3,"Triangle shape with vivid colors and bright stars, good distinction from background",04h 15m 23s,63.85,51° 12'' 54''',51.22,Per,, , ,6.4,,
Barnard 210,,,Neb,Dark,5,3.0,u,u,1,At west end of long thin dark cloud that also contains B212 and 215,04h 15m 32s,63.88,25° 05'' 00''',25.08,Tau,, ,,,,
Sh2-215,,,Neb,PN,EHN,3.0,u,u,1,Faint hairpin shaped HII emission,04h 17m 00s,64.25,42° 36'' 00''',42.60,Aur,, , ,,,
Barnard 211,,,Neb,Dark,5,50,u,u,1,Faint dark cloud south of Cederblad 30 - North end of dark lane running SE from B 7,04h 17m 11s,64.30,27° 49'' 00''',27.82,Tau,, ,,,,
Barnard 007,,,Neb,Dark,5,50,u,u,4,Beautiful series of dark nebulae with several refl. nebulae,04h 17m 24s,64.35,28° 34'' 00''',28.57,Tau,, ,LDN1495,,,
Barnard 008,,,Neb,Dark,5,140,u,u,2,Long dark irregular dust lane set in a bright star field,04h 17m 47s,64.45,55° 16'' 00''',55.27,Per,, , ,,,
LDN 1495,,,Neb,Dark,5,40,500,6.0,4,Sprawling intriguing vista of dark and reflection nebulae,04h 18m 05s,64.52,27° 37'' 17''',27.62,Tau,Taurus Dark Nebulae Region,B7 to B218, ,,,
Barnard 010,,,Neb,Dark,5,8.0,u,u,2,Dark nebulosity around the blue reflection nebula Cederblad 30.  The brightest part of B 7,04h 18m 40s,64.67,28° 17'' 00''',28.28,Tau,, ,,,,
V1023 Tau,,,Stars,YSO,,3.0,410,0.40,2,YSO that is the source of a blue reflection nebula,04h 18m 47s,64.70,28° 20'' 07''',28.34,Tau,,LDN1495,,,,
Barnard 009,,,Neb,Dark,5,150,u,u,1,"Dark, irregular vacancy. The middle of a great vacancy extending east and west, 2.5 deg long and .5 deg wide. ",04h 18m 53s,64.72,55° 04'' 00''',55.07,Per,, , ,,,
Barnard 212,,,Neb,Dark,5,5.0,u,u,1,In center of long thin dark cloud that also contains B210 and 215,04h 19m 14s,64.81,25° 19'' 00''',25.32,Tau,, ,,,,
Hickson 027,,,Gal,Chain,7,3.8,850,950,3,Exciting galaxy chain - all 6 galaxies are in a straight line.,04h 19m 21s,64.84,-11° 42'' 35''',-11.71,Eri,,, ,14.0,25.5,
Sh2-208,,,Neb,Em,HII,3.0,1300,1.1,2,Small bright oblong HII region with the size of a PN,04h 19m 33s,64.89,52° 58'' 42''',52.98,Cam,, , ,,,
Sh2-207,,,Neb,Em,HII,4.0,15000,18,2,"Round HII region with some texture,  Foreground Mayer 2 open star cluster",04h 19m 41s,64.92,53° 08'' 29''',53.14,Cam,, ,Mayer 2,,,
Arp 020,,,Gal,Spiral,SB/z,1.1,200,70,2,ARP: 3 ARMED - Disturbed barred spiral with many star clouds.,04h 19m 53s,64.97,02° 05'' 00''',2.08,Tau,, , ,14.4,,55°
NGC 1566,,,Gal,Spiral,SBbc/gz,8.3,70,160,4,Grand design spiral similar to M99,04h 20m 00s,65.00,-54° 56'' 00''',-54.93,Dor,Spanish Dancer Galaxy, , ,9.7,22.8,30°
Sh2-213,,,Neb,Em,HII,7.0,17000,35,2,Faint complex region of HII nebulosity,04h 20m 43s,65.18,44° 56'' 26''',44.94,Aur,, , ,,,
NGC 1545,,,Stars,OC,II-2-30,12,2500,9.0,2,"Cluster of varied brightnesses highlighted by 3 bright blue, orange and yellow stars near center",04h 20m 57s,65.24,50° 15'' 12''',50.25,Per,, , ,6.2,,
Barnard 213,,,Neb,Dark,5,15,u,u,2,Winding textured dark lane ,04h 21m 10s,65.29,27° 04'' 00''',27.07,Tau,, ,,,,
ESO 550-IG025,,,Gal,Merger,II,0.50,480,65,2,"Pair of interacting spiral galaxies of contrasting colors, with bridge and tail.",04h 21m 20s,65.33,-18° 48'' 47''',-18.81,Eri,, , ,,,
Barnard 214,,,Neb,Dark,5,50,u,u,3,Striking position next to vdB27 - Diam. 5'; close N of BD +28 645 (magnitude 9.1),04h 21m 55s,65.48,28° 34'' 00''',28.57,Tau,, ,vdB27,,,
vdB 027,,,Neb,Refl,,7.0,450,1.0,3,Brown dusty reflection nebula bisected by fascinating transparent dust lane (LDN 1495),04h 21m 55s,65.48,28° 27'' 04''',28.45,Tau,,LBN 785, ,,,
NGC 1555,,,Neb,Refl,,20,400,2.5,4,Molecular cloud with wonderful HH objects and orange reflection nebula at center,04h 21m 57s,65.49,19° 32'' 03''',19.53,Tau,Hinds Variable Nebula    ,Sh2-238, ,,,
RY Tau,,,Stars,YSO,,6.0,500,0.90,2,YSO which is the origin of a butterfly shaped tiny reflection nebula,04h 21m 57s,65.49,28° 26'' 36''',28.44,Tau,,LDN1495,"B214,vdB27",,,
T Tau,,,Stars,YSO,,3.0,400,0.33,2,YSO that is the source of a small orange nebula,04h 21m 59s,65.50,19° 32'' 07''',19.54,Tau,,NGC1555, ,,,
Sh2-214,,,Neb,Em,HII,4.0,u,u,0,Nothing seen - either very faint or false object,04h 22m 00s,65.50,44° 22'' 00''',44.37,Aur,, , ,,,
FS Tau,,,Stars,YSO,,3.0,440,0.40,2,"YSO within Barnard 216, powered by a variable star and obscured by dust clouds as a orange reflection nebula.",04h 22m 02s,65.51,26° 57'' 31''',26.96,Tau,,B216,"B213,216",,,
NGC 1530,,,Gal,Spiral,SBb/gnz,6.0,65,120,4,"Splendid barred grand design galaxy - long broad bar, complex core, distinct arms with star plume",04h 23m 27s,65.86,75° 17'' 42''',75.30,Cam,, , ,11.5,22.8,45°
Barnard 215,,,Neb,Dark,5,5.0,u,u,1,In east end of long thin dark cloud that also contains B210 and 212,04h 23m 33s,65.89,25° 03'' 00''',25.05,Tau,, ,,,,
Barnard 216,,,Neb,Dark,5,20,u,u,2,"In a lovely field with B213, B217, B218 and a few YSOs ",04h 23m 59s,66.00,26° 38'' 00''',26.63,Tau,, , ,,,
NGC 1568,,,Gal,Merger,II,1.3,200,80,3,"Superlong 200,000 light year bridge connecting this pair",04h 24m 21s,66.09,-00° 44'' 19''',-0.74,Eri,, ,UGC3031,14.0,21.0,
Barnard 011,,,Neb,Dark,3,10,u,u,2,Faint long dark cloud,04h 26m 34s,66.64,55° 03'' 00''',55.05,Per,,LDN1400, ,,,
Melotte 025,,,Stars,OC,II-3-200,330,150,15,2,The nearest open cluster to earth and one of the brightest,04h 27m 00s,66.75,16° 00'' 00''',16.00,Tau,Hyades Cluster  ,Caldwell 41, ,0.5,,
Hickson 028,,,Gal,Group,4,1.2,530,200,2,3 form a true cluster - the 4th is 1.4 billion ly away.,04h 27m 19s,66.83,-10° 19'' 00''',-10.32,Eri,,, ,13.2,22.2,
Barnard 217,,,Neb,Dark,5,20,u,u,2,"Nebulosity just southeast of B216, surrounds refection nebula - Southeast end of dark lane running from B 7",04h 27m 38s,66.91,26° 08'' 00''',26.13,Tau,, ,,,,
Barnard 218,,,Neb,Dark,5,20,u,u,2,Dark nebulosity just east of B217 - Triangular; diam. 15'; extension to the S,04h 28m 08s,67.03,26° 18'' 00''',26.30,Tau,, ,,,,
NGC 1592,,,Gal,Mag,,1.7,40,20,1,"Blue Magellanic galaxy, close to edge-on",04h 29m 41s,67.42,-27° 24'' 31''',-27.41,Eri,, , ,13.6,22.9,80°
Barnard 012,,,Neb,Dark,5,24,u,u,1,Isolated dark spot SE of B 11; irregularly round with extension E. from the NE side,04h 29m 44s,67.43,54° 16'' 00''',54.27,Per,, , ,,,
NGC 1579,,,Neb,Em,HII,10,2000,6.0,3,Dust lanes silhouetted by bright emission nebula ,04h 30m 14s,67.56,35° 16'' 47''',35.28,Per,Northern Trifid Nebula    , , ,,,
NGC 1589,,,Gal,Spiral,Sab/d,3.0,170,145,2,Edge-on spiral with detailed dust lane,04h 30m 46s,67.69,00° 51'' 49''',0.86,Tau,, ,"NGC1587,1588",13.0,21.8,84°
Arp 210,,,Gal,Dwarf,,3.3,10,10,2,ARP: IRREGULARITIES -  Starburst dwarf irregular galaxy with star clouds and HII regions.,04h 30m 49s,67.70,64° 50'' 00''',64.83,Cam,,NGC 1569, ,11.0,21.8,75°
IC 2067,,,Neb,Refl,,4.0,u,u,2,Faint reflection nebula just north of NGC1579 (Northern Trifid),04h 30m 51s,67.71,35° 26'' 46''',35.45,Per,, ,NGC 1579,,,
Barnard 018,,,Neb,Dark,5,60,u,u,2,Grouping of dark nebulae with several interesting reflections,04h 31m 12s,67.80,24° 22'' 00''',24.37,Tau,, , ,,,
Barnard 013,,,Neb,Dark,4,11,u,u,0,"Irregularly darker inside with a rather sharp, short, narrow extension toward the S.",04h 31m 15s,67.81,54° 54'' 00''',54.90,Cam,, , ,,,
HH 264,,,Stars,HH,,1.2,500,0.18,2,Striking red outflow jet nebula in Sh2-239,04h 31m 18s,67.83,18° 06'' 00''',18.10,Tau,, ,"Sh2-239,LDN1551",,,
Sh2-239,,,Neb,Em,HII,9.0,500,1.3,3,"With the adjacent dark nebula, a lovely bright nebula with many HH objects",04h 31m 18s,67.83,18° 06'' 00''',18.10,Tau,, ,LDN1551,,,
Barnard 015,,,Neb,Dark,5,15,u,u,2,Unusual comet-like dark nebula,04h 31m 54s,67.98,46° 38'' 00''',46.63,Per,, , ,,,
Barnard 016,,,Neb,Dark,5,2.0,u,u,0,"Supposedly close to SE edge of B 15, False object in my opinion",04h 32m 24s,68.10,46° 37'' 00''',46.62,Per,, , ,,,
Barnard 017,,,Neb,Dark,5,2.0,u,u,0,Supposedly close to E edge of B 15; False object in my opinion,04h 32m 28s,68.12,46° 32'' 00''',46.53,Per,, , ,,,
NGC 1560,,,Gal,Spiral,Sc/d,12,10,35,1,Nearly edge-on faint spiral with blue star clouds,04h 32m 48s,68.20,71° 52'' 48''',71.88,Cam,,IC 2062, ,11.4,23.3,89°
Sh2-251,,,Neb,Em,HII,35,u,u,1,Complex faint ring of HII nebula,04h 32m 54s,68.23,05° 51'' 00''',5.85,Tau,, , ,,,
Barnard 019,,,Neb,Dark,4,60,u,u,1,"Faint, large, and indefinite",04h 33m 39s,68.41,26° 17'' 00''',26.28,Cam,, , ,,,
Arp 186,,,Gal,Merger,IV/ju,2.0,210,120,2,"ARP: NARROW FILAMENTS -  Spiral with two unique star streams, a broad plume and a long tail.",04h 33m 59s,68.50,-08° 34'' 00''',-8.57,Eri,,NGC 1614, ,12.9,22.1,
Hickson 029,,,Gal,Group,4,0.80,620,140,1,"Dimmest Hickson group and one of the most challenging to image.  One of smallest Hicksons at 40,000 ly diam.",04h 34m 46s,68.69,-30° 32'' 50''',-30.55,Eri,,, ,14.8,22.9,
Barnard 219,,,Neb,Dark,5,55,u,u,0,"Very faint - Partly vacant space; 55' x 3 degrees, NE and SW",04h 34m 50s,68.71,29° 36'' 00''',29.60,Cam,, , ,,,
HP Tau,,,Stars,YSO,,3.0,500,0.45,4,YSO at the source of a dim and beautiful white reflection nebula,04h 35m 54s,68.98,22° 54'' 14''',22.90,Tau,,V1025 Tau, ,,,
Hickson 030,,,Gal,Group,4,4.5,220,280,2,All galaxies are spirals and at the same distance.,04h 36m 29s,69.12,-02° 49'' 57''',-2.83,Eri,,, ,11.6,23.5,
NGC 1620,,,Gal,Spiral,Sc,4.0,130,150,3,Large symmetric inclined spiral with star clouds and arm fragments,04h 36m 37s,69.15,-00° 08'' 48''',-0.15,Eri,, , ,12.3,22.2,75°
NGC 1622,,,Gal,Spiral,SBab/drz,4.0,210,240,3,"The highlight of a galaxy trio, a huge galaxy with yellow central bulge, inner ring, and 2 graceful sweeping arms",04h 36m 37s,69.15,-03° 11'' 21''',-3.19,Eri,, ,"NGC1618,1625",12.5,22.3,83°
Arp 061,,,Gal,Spiral,SB/z,1.3,330,130,2,ARP: SMALL HSB COMP - Barred spiral with interaction with companion.,04h 36m 42s,69.18,-02° 17'' 00''',-2.28,Eri,, , ,15.5,,70°
Sh2-211,,,Neb,Em,HII,2.5,24000,18,2,Unusual rough edged HII region with foreground small star cluster,04h 36m 57s,69.24,50° 52'' 36''',50.88,Per,,LBN 717, ,,,
Barnard 020,,,Neb,Dark,2,8,u,u,2,Small dark nebula set in dusty field with 2 small Sh2 HII nebulae,04h 37m 02s,69.26,50° 59'' 00''',50.98,Per,, , ,,,
H 3-29,,,Neb,PN,PCY,0.30,15000,1.4,2,"Unusual object, likely a PN but asymmetric.",04h 37m 24s,69.35,25° 02'' 44''',25.05,Tau,, , ,,,
Barnard 021,,,Neb,Dark,4,10,u,u,0,"Very faint, indefinite, irregularly round",04h 37m 55s,69.48,55° 22'' 00''',55.37,Per,, , ,,,
G156.4+01.1,,,Neb,PN,PHN/i,2,u,u,1,"Dim asymmetric HII-dominated PN with no progentor, likely impacted by the ISM",04h 38m 25s,69.60,48° 38'' 52''',48.65,Per,, , ,,,
Barnard 022,,,Neb,Dark,4,120,u,u,3,"Intense dark patch with 3 reflection nebulae, including IC 2087",04h 38m 39s,69.66,26° 04'' 00''',26.07,Tau,, ,,,,
Barnard 014,,,Neb,Dark,4,4.0,u,u,3,"Dark nebulosity just southwest of IC2087.  Very small, bright nebula.",04h 39m 58s,69.99,25° 46'' 00''',25.77,Tau,,,IC2087,,,
IC 2087,,,Neb,Refl,,6.0,500,0.90,3,Small colorful reflection nebula adjacent to dark Barnard 22 ,04h 40m 00s,70.00,25° 44'' 32''',25.74,Tau,, ,Barnard 22,,,
Sh2-250,,,Neb,Em,HII,10,u,u,1,Faint strip of HII emission,04h 40m 12s,70.05,07° 22'' 00''',7.37,Tau,, , ,,,
Barnard 023,,,Neb,Dark,5,5.0,u,u,2,2 dark nebulae with a vdB reflection nebula,04h 40m 32s,70.13,29° 54'' 00''',29.90,Tau,, , ,,,
NGC 1624,,,Stars,OC,I-2-40,3.0,20000,18,2,Open star cluster at the center of Sh2-212,04h 40m 36s,70.15,50° 27'' 44''',50.46,Per,,Sh2-212, ,12.8,,
Sh2-212,,,Neb,Em,HII,5.0,20000,30,2,Round HII region with the star cluster NGC 1624 at center,04h 40m 36s,70.15,50° 27'' 44''',50.46,Per,,NGC1624, ,,,
LBN 0906,,,Neb,Mol Cld,,55,u,u,1,Faint molecular cloud in Eridanus,04h 41m 28s,70.37,-05° 24'' 36''',-5.41,Eri,, ,LBN 917,,,
NGC 1637,,,Gal,Spiral,SBc/z,4.0,35,45,3,Barred grand design with offset core and fragments in the outer disk,04h 41m 28s,70.37,-02° 51'' 27''',-2.86,Eri,, , ,10.8,22.4,15°
Barnard 220,,,Neb,Dark,4,120,u,u,1,"Dark nebulosity northeast of IC2087 - Round, diam. 7'; feebler extension runs NW for 1 degree",04h 41m 29s,70.37,26° 00'' 00''',26.00,Tau,, ,,,,
NGC 1640,,,Gal,Spiral,SBab/lz,2.7,75,60,2,Barlense with ansae and inner ring,04h 42m 14s,70.56,-20° 26'' 06''',-20.44,Eri,, , ,11.7,22.2,30°
Barnard 024,,,Neb,Dark,5,8.0,u,u,1,"Faint, sharply pointed to the S",04h 42m 52s,70.72,29° 45'' 00''',29.75,Per,, , ,,,
CRL 618,,,Neb,PPN,j,0.20,12000,0.70,2,Tiny bi-polar protoplanetary nebula.  Progenitor star not visible.,04h 42m 54s,70.73,36° 07'' 00''',36.12,Aur,, , ,18.0,,
Sh2-216,,,Neb,PN,ARN/i,120,420,15,3,Largest PN and closest to earth.  Very faint.,04h 43m 21s,70.84,46° 42'' 06''',46.70,Per,,Simeiz 288, ,12.9,,
Barnard 221,,,Neb,Dark,0,45,u,u,0,Very faint - diam. about 3/4 degree,04h 44m 00s,71.00,31° 45'' 00''',31.75,Per,, , ,,,
Berkeley 68 ,,,Stars,OC,III-1-60,12,5500,20,2,Tough cluster to pick out from background.,04h 44m 13s,71.05,42° 08'' 02''',42.13,Per,, , ,9.8,,
NGC 1646,,,Gal,Lent,S0,2.4,220,150,2,"Disturbed lenticular with small elliptical companion, anchoring a small galaxy group",04h 44m 24s,71.10,-08° 31'' 55''',-8.53,Eri,, , ,12.4,22.6,
GN 04.41.8,,,Neb,Refl,,4.0,u,u,2,"Reflection nebula is primarily blue but has hints of red, purple and yellow on the right side ",04h 45m 21s,71.34,41° 58'' 42''',41.98,Per,, , ,,,
NGC 1672,,,Gal,Spiral,SBb/z,6.6,50,100,3,Seyfert starburst spiral with one strong arm,04h 45m 42s,71.43,-59° 15'' 00''',-59.25,Dor,, , ,9.7,22.3,45°
NGC 1647,,,Stars,OC,II-2-60,40,1700,20,2,"Colorful mix of stars, roughly circular in pattern",04h 45m 55s,71.48,19° 06'' 54''',19.12,Tau,Pirate Moon Cluster  , , ,6.4,,
LBN 0917,,,Neb,Mol Cld,,70,u,u,2,Textured molecular cloud adjacent to LBN 906,04h 47m 28s,71.87,-05° 54'' 36''',-5.91,Eri,, , ,,,
NGC 1662,,,Stars,OC,I-2-20,15,1400,6.0,3,"Small, colorful and attractive open cluster",04h 48m 27s,72.11,10° 56'' 12''',10.94,Ori,, , ,6.4,,
vdB 029,,,Neb,Refl,,12,510,2.0,2,Wispy blue reflection nebula,04h 48m 35s,72.15,29° 44'' 02''',29.73,Tau,,LBN 792, ,,,
NGC 1664,,,Stars,OC,III-1-40-a,18,4000,20,2,"True to its nickname, has a bit of a kite shape",04h 51m 06s,72.78,43° 40'' 30''',43.68,Aur,Kite Cluster  , , ,7.6,,
Barnard 025,,,Neb,Dark,3,8.0,u,u,0,"Very faint, irregularly round",04h 52m 02s,73.01,46° 02'' 00''',46.03,Aur,, , ,,,
Arp 180,,,Gal,Spiral,S/j,0.60,200,35,2,"ARP: NARROW FILAMENTS -  Pair of interacting galaxies with 150,000 ly star stream.",04h 53m 22s,73.34,-04° 48'' 00''',-4.80,Eri,, , ,14.8,,65°
vdB 030,,,Neb,Refl,,46,5000,70,2,Large emission arc which also has reflection components,04h 54m 01s,73.50,66° 18'' 42''',66.31,Cam,, , ,,,
Barnard 026,,,Neb,Dark,6,8.0,u,u,2,Dark nebulosity west of vdB31.,04h 54m 37s,73.65,30° 38'' 00''',30.63,Aur,, ,vdB31,,,
Barnard 027,,,Neb,Dark,6,6.0,u,u,2,Dark nebulosity immediately west of blue reflection nebula vdB31 and 2 YSOs,04h 55m 07s,73.78,30° 34'' 00''',30.57,Aur,, ,vdB31,,,
Sh2-260,,,Neb,Em,HII,55,u,u,2,Dim dumb-bell shaped HII region,04h 55m 12s,73.80,05° 40'' 00''',5.67,Ori,, , ,,,
vdB 031,,,Neb,Refl,,35,500,5.0,4,Beautiful blue reflection nebula adjacent to a yellow reflection nebula and several dark nebulae,04h 55m 46s,73.94,30° 33'' 38''',30.56,Aur,Blackbird Nebula, , ,,,
Barnard 028,,,Neb,Dark,6,9.0,u,u,2,Dark nebulosity immediately north of vdB31,04h 55m 52s,73.97,30° 39'' 00''',30.65,Aur,, ,vdB31,,,
SU Aur,,,Stars,YSO,,3.0,500,0.45,2,YSO that is the origin of a wispy yellow nebula,04h 55m 59s,74.00,30° 34'' 01''',30.57,Aur,,vdB31,vdB31,,,
Sh2-219,,,Neb,Em,HII,3.0,13000,12,1,Dim circular HII region with slight dust lanes,04h 56m 06s,74.03,47° 22'' 33''',47.38,Aur,, , ,,,
N11 (LMC),,,Neb,Em,SHO,20,u,u,5,Gorgeous mix of bright nebulae with star clusters,04h 57m 00s,74.25,-66° 25'' 25''',-66.42,Dor,Bean Nebula, ,"NGC 1760, 1761",,,
IC 0391,,,Gal,Spiral,Sc/f,1.0,70,20,2,"Tremendous structure and detail for such a small (20,000ly) diameter galaxy.",04h 57m 22s,74.34,78° 11'' 18''',78.19,Cam,, , ,12.7,21.7,5°
Sh2-210,,,Neb,Em,HII,20,7000,42,1,Faint HII region,04h 58m 46s,74.69,51° 00'' 00''',51.00,Aur,, , ,,,
Sh2-217,,,Neb,Em,HII,9.0,14000,36,1,Elliptical HII region with dust lane,04h 58m 46s,74.69,47° 59'' 36''',47.99,Aur,, , ,,,
G156.2+5.7,,,Neb,SNR,,90,5000,130,2,Extremely faint large SNR set behind a field of LDN dark nebulae,04h 58m 51s,74.71,51° 50'' 28''',51.84,Aur,, ,,,,
NGC 1721 Group,,,Gal,Group ,5,15,200,900,2,"5 galaxies with interesting structure, highlighted by the barred ring grand spiral NGC 1723",04h 59m 17s,74.82,-11° 07'' 08''',-11.12,Eri,, , ,12.8,22.3,
NGC 1723,,,Gal,Spiral,SBa/lrz,3.0,170,160,3,"Barred spiral with ansae, strong inner ring, 2 long arms and a highly disturbed lower section",04h 59m 26s,74.86,-10° 58'' 51''',-10.98,Eri,, , ,11.7,22.1,40°
Arp 259,,,Gal,Group,4,3.0,190,170,2,ARP: CLUMPS - Complex. Tied for having the second most galaxies (7) of any Hickson group.,05h 01m 36s,75.40,-04° 15'' 00''',-4.25,Eri,,Hickson 31, ,13.5,21.9,
PGC 0016572,,,Gal,Coll,,0.20,400,24,3,"Wonderful collisional galaxy system, including likely culprit",05h 01m 42s,75.43,03° 34'' 28''',3.57,Ori,,II ZW 28, ,16.0,,
Sh2-221,,,Neb,SNR,,120,2600,90,1,Very faint SNR arc,05h 01m 42s,75.43,46° 20'' 00''',46.33,Aur,, , ,,,
Hickson 032,,,Gal,Group,4,3.0,580,500,2,All 4 galaxies at same distance.,05h 01m 43s,75.43,-15° 25'' 12''',-15.42,Lep,,, ,12.7,23.7,
vdB 032,,,Neb,Refl,,1.0,1840,0.60,1,Dim small blue reflection nebula,05h 02m 00s,75.50,44° 55'' 02''',44.92,Tau,, , ,,,
Sh2-246,,,Neb,Mol Cld,,65,12000,240,1,Faint molecular cloud in comet shape,05h 02m 06s,75.53,14° 05'' 00''',14.08,Ori,,"LBN 838, LDN 1563", ,,,
NGC 1752,,,Gal,Spiral,SBc/gz,3.0,140,120,2,Grand design spiral with incredible arm structure,05h 02m 09s,75.54,-08° 14'' 28''',-8.24,Eri,, , ,12.4,22.0,75°
Abell 07,,,Neb,PN,AOY/aq,13,1800,6.7,2,"Lrge faint PN, mostly OIII, with blue central star and HII ansae.",05h 03m 08s,75.78,-15° 36'' 13''',-15.60,Lep,, , ,16.0,,
NGC 1750,,,Stars,OC,III-2-40,30,2000,17,2,"2 superimposed open star clusters, with NGC 1758",05h 03m 55s,75.98,23° 39'' 31''',23.66,Tau,, ,NGC1758,,,
NGC 1758,,,Stars,OC,IV-I-30,10,2500,7.0,2,"2 superimposed open star clusters, with NGC 1750",05h 04m 42s,76.18,23° 48'' 50''',23.81,Tau,, ,NGC1750,,,
Arp 187,,,Gal,Spiral,SB/z,1.0,560,160,2,"ARP: NARROW FILAMENTS -  Some disk disturbance and a long faint star stream, but no companion.",05h 04m 53s,76.22,-10° 14'' 00''',-10.23,Eri,, , ,15.0,,70°
IC 2118,,,Neb,Refl,,180,900,50,4,Faint reflection nebula  with bluish cast from Rigel,05h 04m 54s,76.23,-07° 15'' 00''',-7.25,Eri,Witch Head Nebula  , , ,,,
NGC 1792,,,Gal,Spiral,SBbc/z,4.0,35,40,2,"Small starburst galaxy - colorful with yellow core, blue star clouds and pink HII regions",05h 05m 14s,76.31,-37° 58'' 49''',-37.98,Col,, , ,10.2,21.8,65°
NGC 1784,,,Gal,Spiral,SBc/z,4.5,90,120,2,"Long bar, central pseudo-ring and wind-blown outer disk",05h 05m 27s,76.36,-11° 52'' 18''',-11.87,Lep,, , ,11.7,22.9,50°
Barnard 029,,,Neb,Dark,6,10,u,u,1,"Faint, round, indefinite",05h 06m 23s,76.60,31° 36'' 00''',31.60,Aur,, , ,,,
Abell 08,,,Neb,PN,SCN,1.0,5200,1.5,1,Part of Bica 6 open cluster.  No central star.  No inner structure.,05h 06m 38s,76.66,39° 08'' 08''',39.14,Aur,, , ,18.0,,
Sh2-262,,,Neb,Em,HII,20,2900,17,1,Faint HII emission arc,05h 06m 48s,76.70,06° 10'' 00''',6.17,Ori,, , ,,,
NGC 1788,,,Neb,Refl,,8.0,1300,3.0,4,"Incredible molecular cloud highlight by bright reflection and emission nebulae, known as the Fox Face Nebula",05h 06m 53s,76.72,-03° 20'' 27''',-3.34,Ori,Foxface Nebula, , ,,,
Kohoutek 2-01,,,Neb,PN,EOY/i,3.0,3500,3.0,2,OIII-dominated PN with progenitor,05h 07m 16s,76.82,30° 48'' 00''',30.80,Aur,, , ,,,
NGC 1808,,,Gal,Spiral,SBa/nz,4.5,40,55,3,Glowing core surrounded by disk with interesting dust lanes,05h 07m 43s,76.93,-37° 30'' 48''',-37.51,Col,, , ,9.9,22.2,70°
Barnard 222,,,Neb,Dark,0,10,u,u,0,Very faint - Round; indefinite; diam. 10',05h 08m 23s,77.10,32° 11'' 00''',32.18,Aur,, , ,,,
NGC 1807,,,Stars,OC,II-2-40,17,6000,30,2,"Together with NGC1817, a lovely open cluster pair.  Many orange supergiants.",05h 10m 43s,77.68,16° 31'' 18''',16.52,Tau,Poor Man's Double Cluster, ,NGC 1817,7.0,,
Hickson 033,,,Gal,Group,4,2.1,350,220,2,All 4 galaxies at same distance.  Some signs of possible interaction.,05h 10m 48s,77.70,18° 02'' 05''',18.03,Tau,,, ,12.4,22.6,
ZW II 33,,,Gal,BCD,,0.40,130,16,1,Small blue compact dwarf galaxy with a nearby companion that may or may not be interacting,05h 10m 48s,77.70,-02° 40'' 51''',-2.68,Ori,, , ,14.4,,
Sh2-226,,,Neb,Em,HII,5.0,13500,20,2,Circular HII region with dust lanes,05h 11m 00s,77.75,37° 59'' 01''',37.98,Aur,, , ,,,
NGC 1819,,,Gal,Lent,SB0/lnz,1.3,205,80,2,"Complex inner bar lens region with nuclear core and ansae, faint outer arms",05h 11m 46s,77.94,05° 12'' 01''',5.20,Ori,, , ,12.5,21.5,
NGC 1817,,,Stars,OC,III-1-300,20,6000,35,2,"Together with NGC1807, a lovely open cluster pair",05h 12m 15s,78.06,16° 41'' 24''',16.69,Tau,Poor Man's Double Cluster, ,NGC 1807,7.7,,
Sh2-228,,,Neb,Em,HII,3.0,14000,12,3,Beautiful small bright Hii region with dust pillars,05h 13m 26s,78.36,37° 27'' 01''',37.45,Aur,,LBN784, ,,,
NGC 1851,,,Stars,GC,II,11,40000,130,2,Concentrated globular cluster,05h 14m 07s,78.53,-40° 02'' 46''',-40.05,Col,,Caldwell73, ,7.1,,
vdB 036,,,Neb,Refl,,60,860,16,4,"The Witch Head, a massive bright blue reflection nebula illuminated by Rigel, which is off frame lower right",05h 14m 32s,78.63,-08° 12'' 02''',-8.20,Ori,,IC 2118, ,,,
vdB 035,,,Neb,Refl,,4.0,1200,1.3,2,Whitish-blue reflection nebula surrounding an orange star,05h 14m 59s,78.75,13° 01'' 12''',13.02,Ori,,LBN 848, ,,,
IC 0405,,,Neb,Em,SHO-.2/1/.1,60,1500,25,4,"Beautifully texture nebula with both reflection and emission parts, resulting in red and blue hues at head",05h 16m 29s,79.12,34° 21'' 24''',34.36,Aur,Flaming Star Nebula,Caldwell31,vdB34,,,
AbellG 0539,,,Gal,Cluster,50,20,400,2500,3,"View is highlighted by a non-cluster galaxy, the edge-on spiral UGC 3275.  This galaxy is huge at 200,000 ly in diameter.",05h 16m 35s,79.15,06° 28'' 14''',6.47,Ori,,UGC 3274,UGC 3275,14.4,,
Sh2-223,,,Neb,Em,HII,90,7000,180,4,Large HII region which originally was thought to be a SNR.,05h 17m 18s,79.33,42° 12'' 00''',42.20,Aur,, ,Sh2-224,,,
vdB 037,,,Neb,Refl,,15,1100,5.0,2,Orange reflection nebula with significant texture,05h 18m 06s,79.53,13° 24'' 57''',13.42,Ori,,LBN 850/851, ,,,
LMC,,,Gal,Mag,,600,0.16,28,5,The wonder that is the Large Magellanic Cloud,05h 18m 27s,79.61,-69° 13'' 00''',-69.22,Dor,, ,NGC2070,0.1,,
NGC 1910 (LMC),,,Neb ,Em,SHO,2.0,160000,100,4,Gorgeous combination of S-shaped nebulae and bright open cluster,05h 18m 30s,79.63,-69° 14'' 12''',-69.24,Dor,, , ,,,
Sh2-265,,,Neb,Em,HII,60,u,u,1,"Very faint, pales in comparison to its neighbors",05h 18m 36s,79.65,07° 26'' 00''',7.43,Ori,, ,Sh2-263,,,
Sh2-227,,,Neb,Em,HII,25,13500,100,1,Dim half-circle of HII nebulosity,05h 19m 00s,79.75,38° 55'' 01''',38.92,Aur,, , ,,,
Arp 052,,,Gal,Spiral,S,0.60,390,70,1,ARP: SMALL HSB COMP. - Distant galaxy with some detail and a possible companion.,05h 19m 44s,79.93,03° 43'' 00''',3.72,Ori,, , ,16.0,,70°
Sh2-278,,,Neb,Em,HII,55,1700,26,3,"Splendid vista with an emission, dark, and reflection nebulae all present",05h 19m 54s,79.98,-05° 39'' 00''',-5.65,Ori,, , ,,,
NGC 1857,,,Stars,OC,II-2-90,7.0,9500,20,2,"Pleasing view, although most colorful stars are not part of the cluster",05h 20m 05s,80.02,39° 19'' 30''',39.33,Aur,, , ,7.0,,
Barnard 223,,,Neb,Dark,3,8.0,u,u,1,Dark nebulosity streaks in reflection nebula - nebula is close southwest of BD +8 933 (magnitude 6.5). ,05h 21m 28s,80.37,08° 20'' 00''',8.33,Ori,, , ,,,
Sh2-263,,,Neb,Em,HII,110,1300,40,4,"Resplendent pairing of emission and reflection nebulae, the Moldy Strawberry ",05h 21m 45s,80.44,08° 23'' 57''',8.40,Ori,Moldy Strawberry Nebula    , ,vdb38,,,
Arp 327,,,Gal,Chain,4,3.0,420,350,2,All galaxies at same distance.  2 of the 4 galaxies appear to be interacting.,05h 21m 47s,80.45,06° 41'' 00''',6.68,Ori,,Hickson 34, ,12.7,21.7,
IC 0414,,,Gal,Spiral,S,0.60,200,35,2,Tiny asymmetric spiral ring galaxy with offset core and some disturbance.,05h 21m 55s,80.48,03° 20'' 30''',3.34,Ori,, , ,15.0,20.7,65°
IC 0412,,,Gal,Merger,II,1.0,200,60,3,A grand design spiral and a lenticular dancing a tango prior to their merger.,05h 21m 57s,80.49,03° 29'' 10''',3.49,Ori,,IC413, ,13.7,22.1,
Sh2-230,,,Neb,Em,HII,300,10500,900,2,Enormous HII region that includes familiar objects like IC 405 & IC 410,05h 22m 00s,80.50,34° 00'' 01''',34.00,Aur,, , ,,,
N44 (LMC),,,Neb,Em,SHO,20,u,u,4,Numerous bright nebulae surrounding large open cluster in the LMC,05h 22m 25s,80.60,-67° 57'' 32''',-67.96,Dor,, ,NGC1929,,,
Arp 123,,,Gal,Spiral,SBc/dwz,3.0,120,100,2,ARP: ELLIPTICAL/SPIRAL PAIR - Asymmetric spiral disk with some warping and interaction with elliptical.,05h 22m 35s,80.65,-11° 29'' 00''',-11.48,Lep,,NGC 1888,NGC1889,12.0,20.5,79°
IC 0410,,,Neb,Em,SHO-.1/1/.4,30,12000,100,4,Illuminated by NGC1893 cluster.  Tadpole pillars are 15 ly long.,05h 22m 44s,80.68,33° 25'' 00''',33.42,Aur,Tadpole Emission Nebula  , ,NGC1893,,,
Barnard 224,,,Neb,Dark,0,20,u,u,0,Very faint - Indefinite; diam. 20',05h 23m 55s,80.98,10° 38'' 00''',10.63,Ori,, , ,,,
vdB 039,,,Neb,Refl,,1.0,3300,1.0,1,Tiny faint blue reflection nebula in Taurus,05h 24m 00s,81.00,39° 49'' 02''',39.82,Tau,, , ,,,
M 079,,,Stars,GC,V,9.0,40000,106,3,"One of only 2 extragalactic globular clusters, coming from our neighboring Canis Major Dwarf Galaxy",05h 24m 11s,81.05,-24° 31'' 29''',-24.52,Lep,,NGC 1904, ,7.7,,
vdB 040,,,Neb,Refl,,2.0,1340,0.80,1,Faint small blue reflection nebula in the glare of the bright Orion star Bellatrix (γ Ori),05h 25m 00s,81.25,06° 35'' 02''',6.58,Tau,, , ,,,
N51 (LMC),,,Neb,Em,SHO,20,u,u,4,Bright flower-like series of emission nebulae in the LMC,05h 26m 30s,81.63,-67° 31'' 30''',-67.53,Dor,, ,NGC1955,,,
Sh2-224,,,Neb,SNR,,50,12000,170,4,Unusual SNR with two different cavities,05h 26m 36s,81.65,42° 55'' 00''',42.92,Aur,, ,Sh2-223,,,
NGC 1962 (LMC),,,Neb,Em,SHO,10,u,u,4,"Splendid emission nebulae in a tulip shape, surrounding an open cluster",05h 26m 50s,81.71,-68° 49'' 02''',-68.82,Dor,Tulip Nebula (1 of 2), , ,,,
Sh2-225,,,Neb,Em,HII,24,12000,84,1,Dim HII emission arc,05h 27m 00s,81.75,40° 31'' 01''',40.52,Aur,, , ,,,
IC 0418,,,Neb,PN,ERY,0.20,5000,0.30,1,"Tiny stellar-like bright PN, progenitor visible",05h 27m 28s,81.87,-12° 41'' 50''',-12.70,Lep,Spirograph Nebula  , , ,9.3,,
NGC 1907,,,Stars,OC,II-1-60,6.0,5500,10,2,Oblong bright cluster with nebula background,05h 28m 00s,82.00,35° 19'' 00''',35.32,Aur,, , ,8.2,,
IC 0417,,,Neb,Em,SHO-.1/1/.1,11,7000,22,4,"Beautiful complex nebula, with thin dust pillar that is about 1.5 ly long",05h 28m 06s,82.03,34° 25'' 24''',34.42,Aur,Spider Nebula  ,Sh2-234,Stock 8,,,
M 038,,,Stars,OC,II-2-100,20,3800,22,3,100 star typical open cluster,05h 28m 40s,82.17,35° 50'' 54''',35.85,Aur,Starfish Cluster (1 of 2),NGC 1912, ,6.4,,
Barnard 225,,,Neb,Dark,5,35,u,u,1,Faint - South end of extension running S for 35' from B 30,05h 28m 58s,82.24,11° 37'' 00''',11.62,Ori,, , ,,,
Abell 09,,,Neb,PN,SHN,0.50,13000,2.0,2,Outer rim strong in HII.  Slight dimming at 12 o'clock.  ,05h 29m 00s,82.25,36° 02'' 00''',36.03,Aur,, , ,19.0,,
vdB 041,,,Neb,Refl,,1.0,670,0.20,0,Tiny faint blue reflection nebula in Taurus,05h 29m 00s,82.25,23° 41'' 02''',23.68,Tau,, , ,,,
Barnard 030,,,Neb,Dark,4,55,u,u,2,Surrounds Cederblad 51. Large dark area with few stars. ,05h 30m 16s,82.57,12° 47'' 00''',12.78,Ori,, ,Cedarblad 51,,,
vdB 042,,,Neb,Refl,,6.0,1300,2.5,1,"Reflection nebula and dust, in vicinity of Orion Nebula",05h 31m 00s,82.75,-05° 41'' 02''',-5.68,Tau,, ,M42,,,
NGC 2018 (LMC),,,Neb,Em,SHO,1.7,158000,84,5,Overflowing nebula chalice of bright stars,05h 31m 14s,82.81,-71° 03'' 00''',-71.05,Men,Chalice Nebula, , ,,,
NGC 1931,,,Neb,Em,SHO-.2/1/.1,4.0,10000,12,4,Vivid nebula surrounding tight open cluster,05h 31m 25s,82.85,34° 14'' 42''',34.25,Aur,Fly Nebula, ,IC417,10.1,,
HK Ori,,,Stars,YSO,,3.0,1300,1.2,2,YSO is associated with the blue reflection nebula Ced 51 as well as Barnard 30,05h 31m 30s,82.88,12° 09'' 10''',12.15,Ori,,Ced 51,B30,,,
Abell 10,,,Neb,PN,SRY/h,0.50,13000,2.0,2,Scalloped HII outer rim surrounding brighter OIII inner region.  Blue progenitor star faintly visible.,05h 31m 48s,82.95,06° 56'' 09''',6.94,Ori,,K 1-7, ,14.0,,
Cederblad 051,,,Neb,Em,HII,5.0,1300,1.1,4,Small blue reflection nebula in bright HII field,05h 32m 00s,83.00,12° 09'' 33''',12.16,Ori,, ,B30,,,
vdB 043,,,Neb,Refl,,2.0,1230,0.70,1,Small blue reflection nebula,05h 32m 00s,83.00,06° 02'' 02''',6.03,Tau,, , ,,,
vdB 044,,,Neb,Refl,,8.0,1340,3.0,1,Medium-sized faint blue and orange reflection nebula in the Orion Nebula vicinity,05h 32m 00s,83.00,-04° 31'' 02''',-4.52,Tau,, ,M42,,,
Barnard 031,,,Neb,Dark,4,30,u,u,1,Faint nebulosity north of Cederblad 30. Extended NE and SW; the E. and darkest part of B 30,05h 32m 01s,83.00,12° 46'' 00''',12.77,Ori,, , ,,,
Barnard 032,,,Neb,Dark,3,45,u,u,2,Small dark path north of Cederblad 30,05h 32m 08s,83.03,12° 26'' 00''',12.43,Ori,, , ,,,
IC 0421,,,Gal,Spiral,SBbc/z,2.0,165,100,3,"Disturbed faint face-on barred spiral, with broken arms and a few nearby companions.",05h 32m 09s,83.04,-07° 55'' 05''',-7.92,Ori,, , ,15.0,25.4,40°
NGC 1954,,,Gal,Spiral,Sbc,3.0,140,130,2,"Dim galaxy with interesting structure, including outer rim",05h 32m 48s,83.20,-14° 03'' 46''',-14.06,Lep,, , ,11.8,23.0,60°
NGC 1964,,,Gal,Spiral,SBb/gz,5.0,65,100,2,Barred grand spiral with distinct dust lanes,05h 33m 24s,83.35,-21° 57'' 00''',-21.95,Lep,, , ,10.8,22.3,75°
M 001,,,Neb,SNR,,7.0,6500,13,5,"Showcase SNR, the only Messier object whose birth was witness by man.",05h 34m 32s,83.63,22° 00'' 52''',22.01,Tau,Crab Nebula,NGC 1952, ,8.4,,
Collinder 069,,,Stars,OC,III-3-20-a,70,1600,30,2,This open cluster is the fuzzy spot seen with the naked eye marking the head of Orion,05h 35m 00s,83.75,09° 56'' 00''',9.93,Ori,Orion's Head Cluster, , ,2.8,,
NGC 1981,,,Stars,OC,III-2-20-a,25,1300,10,2,Topmost of 4 DSO objects which define Orion's Sword,05h 35m 09s,83.79,-04° 25'' 54''',-4.43,Ori,Coal Car Cluster,Collinder 73, ,4.2,,
NGC 1977,,,Neb,Em,HII,20,1300,8.0,4,Strong emission nebula with bright stars and dark nebulae,05h 35m 16s,83.82,-04° 49'' 15''',-4.82,Ori,Running Man Nebula  , , ,,,
M 042,,,Neb,Em,HII,66,1600,30,5,"Showcase nebula, highlighted by the 4 star trapezium and the brightest nebula in the sky.",05h 35m 17s,83.82,-05° 23'' 28''',-5.39,Ori,Orion Nebula    ,NGC 1976,"M43,Trapezium",4.0,,
Trapezium,,,Stars,OC,I-1-10-a,30,1400,u,4,Famous open cluster discovered by Galileo in the heart of Orion,05h 35m 17s,83.82,-05° 23'' 14''',-5.39,Ori,Trapezium Asterism, , ,,,
NGC 1980,,,Stars,OC,III-3-50,15,1500,7.0,2,Bright open cluster next to M42,05h 35m 24s,83.85,-05° 55'' 00''',-5.92,Ori,,Collinder72,M42,2.5,,
M 043,,,Neb,Em,HII,7.0,1600,3.5,4,A lovely nebula overshadowed by its showy neighbor,05h 35m 31s,83.88,-05° 16'' 03''',-5.27,Ori,De Mairan's Nebula,NGC 1982,M42,9.0,,
NGC 2029 (LMC),,,Neb,Em,SHO,10,u,u,4,Brilliant OIII-dominated emission nebula looking like a dragon's head,05h 35m 35s,83.90,-67° 32'' 40''',-67.54,Dor,Dragon's Head Nebula, , ,,,
HH 222,,,Stars,HH,,3.0,1500,1.4,2,"Beautiful jet-formed nebula, cause by the distant V380 Orionis jet. ",05h 35m 42s,83.93,-06° 23'' 03''',-6.38,Ori,Waterfall Cluster , , ,,,
Collinder 070,,,Stars,OC,III-3-100-a,150,1200,50,3,Open cluster marking Orion's Belt,05h 36m 00s,84.00,-01° 00'' 00''',-1.00,Ori,Orion's Belt Asterism, , ,0.6,,
M 036,,,Stars,OC,II-3-50,10,3800,12,3,"Comprised of 50 stars located 3800 light years away, this is one of the fainter Messier open clusters.",05h 36m 18s,84.08,34° 08'' 24''',34.14,Aur,Pinwheel Cluster  ,NGC 1960, ,6.0,,
Barnard's Loop,,,Neb,Em,HII,1080,1600,500,4,"A huge HII loop, about 18 x 14 degrees",05h 36m 22s,84.09,-00° 09'' 36''',-0.16,Ori,Barnard's Loop,Sh2-276, ,,,
HH 002,,,Stars,HH,,1.0,u,u,2,One of the first HH objects to be identified.  Located just south of NGC 1999 (Keyhole Nebula),05h 36m 25s,84.10,-06° 42'' 57''',-6.72,Ori,, ,NGC 1999,,,
NGC 1999,,,Neb,Refl,,2.0,1500,0.90,4,Key-hole shaped dark area in front of white reflection nebula,05h 36m 25s,84.10,-06° 42'' 57''',-6.72,Ori,"Rubber Stamp Nebula, Keyhole Nebula  ", , ,,,
V0380 Ori,,,Stars,YSO,,2.0,1500,0.90,2,The multiple variable YSO star system at the center of the Rubber Stamp Nebula,05h 36m 26s,84.11,-06° 42'' 57''',-6.72,Ori,,NGC1999,,,,
IC 0426,,,Neb,Refl,,5.0,1300,2.0,3,"Colorful reflection nebula, illuminated by the bright stars in Orion's Belt.",05h 36m 31s,84.13,-00° 17'' 54''',-0.30,Ori,Miniature Witch's Head Nebula    , , ,,,
Barnard 226,,,Neb,Dark,0,17,u,u,1,Faint - Dark spot; diam. 17'; S of M 36,05h 36m 34s,84.14,33° 43'' 00''',33.72,Aur,, , ,,,
vdB 045,,,Neb,Refl,,1.0,6400,2.0,0,Small blue-white reflection nebula near NGC 1985,05h 36m 41s,84.17,31° 51'' 19''',31.86,Aur,, ,NGC1985,,,
Sh2-264,,,Neb,Em,HII,420,1100,130,2,Beautiful large HII nebula at Orion's Head,05h 36m 48s,84.20,10° 10'' 00''',10.17,Ori,"Angelfish Nebula,Orions Head Nebula", , ,,,
NGC 2070 (LMC),,,Neb ,Em,SHO,15,160000,700,5,One of the best DSOs in the night sky,05h 37m 17s,84.32,-69° 13'' 25''',-69.22,Dor,Tarantula Nebula,Caldwell103, ,,,
Abell 11,,,Neb,Refl,,1.0,u,u,0,"Not a PN but a reflection nebula, wrongly catalogued by Abell",05h 37m 22s,84.34,08° 15'' 31''',8.26,Cet,, , ,,,
NGC 1985,,,Neb,Refl,,2.2,6000,4.0,2,Small reflection nebula in Auriga,05h 37m 48s,84.45,31° 59'' 20''',31.99,Aur,,Cederblad57, ,,,
vdB 048,,,Neb,Refl,,11,740,2.4,2,Faint blue reflection nebula illuminated by 4 blue stars near IC426,05h 38m 00s,84.50,-00° 11'' 02''',-0.18,Tau,,LBN 928,IC426,,,
vdB 049,,,Neb,Refl,,10,1800,5.0,2,Blue reflection nebula with some texture to north,05h 39m 00s,84.75,04° 09'' 02''',4.15,Tau,,LBN 894, ,,,
Sh2-231,,,Neb,Em,HII,12,6500,21,2,"Kidney bean shaped faint HII emission, incorrect location in Aladin",05h 39m 13s,84.80,35° 45'' 54''',35.77,Aur,, ,"Sh2-232, 233, 235",,,
vdB 047,,,Neb,Refl,,12,4300,16,2,Nicely textured yellow reflection nebula,05h 39m 18s,84.83,23° 17'' 00''',23.28,Tau,,,Sh2-243,,,
vdB 050,,,Neb,Refl,,6.2,1340,2.5,2,Blue reflection nebula about 1 degree north of the Horsehead Nebula,05h 40m 14s,85.06,-01° 27'' 09''',-1.45,Ori,,IC431, ,,,
Sh2-233,,,Neb,Em,HII,2.0,6000,3.6,2,Least impressive of 4 adjacent circular HII regions in Auriga,05h 40m 30s,85.13,35° 51'' 04''',35.85,Aur,, ,"Sh2-231,232, 235",,,
H 3-75,,,Neb,PN,ERY,0.50,10000,1.5,2,"Bright progenitor, typical Ha rim / OIII inner signal",05h 40m 42s,85.18,12° 21'' 00''',12.35,Ori,, , ,14.0,,
PGC 0017588,,,Gal,Merger,V,0.90,260,70,3,"Merger with single core, dust lanes, and small tail remnant",05h 40m 43s,85.18,49° 41'' 41''',49.69,Aur,, , ,15.0,,
PP40,,,Neb,Em,HII,0.60,u,u,2,"Small bright nebula is Auriga, originally thought to be a PN",05h 40m 53s,85.22,35° 41'' 00''',35.68,Aur,,Sh2-235a, ,,,
vdB 051,,,Neb,Refl,,10,1280,4.0,3,"Blue reflection nebula surrounded by emission nebulosity, just east of vdB 50",05h 40m 58s,85.24,-01° 29'' 13''',-1.49,Ori,,IC432, ,,,
IC 0434,,,Neb,Dark,4,12.0,1600,2.0,5,"The most recognized dark nebula in the sky, silhouetted by a curtain of red HII signal. ",05h 40m 59s,85.25,-02° 27'' 30''',-2.46,Ori,Horsehead Nebula    ,Barnard33,NGC 2024,,,
Sh2-218,,,Neb,Mol Cld,,66,u,u,0,Very faint molecular cloud,05h 41m 00s,85.25,52° 10'' 00''',52.17,Aur,, , ,,,
vdB 053,,,Neb,Refl,,3.0,1350,1.3,0,"Very faint small reflection nebula, barely visible, one of the faintest vdB objects",05h 41m 00s,85.25,-10° 19'' 02''',-10.32,Ori,, , ,,,
Sh2-235,,,Neb,Em,HII,20,4400,26,3,The brightest of 4 adjacent HII regions in Auriga,05h 41m 06s,85.28,35° 50'' 00''',35.83,Aur,, ,"Sh2-231,232,233",,,
Sh2-240,,,Neb,SNR,,150,3000,140,5,Huge SNR with bright filaments in both HII and OII,05h 41m 06s,85.28,28° 05'' 00''',28.08,Tau,Spaghetti Nebula   ,Simeis 147,Sh2-242,,,
vdB 052,,,Neb,Refl,,8.6,1300,3.2,3,"Tremendous multihued reflection nebula, just northeast of the Horsehead",05h 41m 39s,85.41,-02° 15'' 04''',-2.25,Ori,,NGC2023,NGC2023,,,
NGC 2024,,,Neb,Em,HII,30,1300,12,4,"Bright HII emission nebula, with most source stars hidden, behind a dark and branching dust lane",05h 41m 42s,85.43,-01° 51'' 24''',-1.86,Ori,Flame Nebula  , , ,,,
vdB 054,,,Neb,Refl,,5.0,u,u,1,White reflection nebula with diagonal dust streaks,05h 42m 00s,85.50,-04° 16'' 02''',-4.27,Ori,, , ,,,
vdB 055,,,Neb,Refl,,2.0,1350,0.75,2,Faint but interesting blue and orange nebula with dark dust lanes,05h 42m 00s,85.50,-08° 08'' 02''',-8.13,Ori,, , ,,,
Arp 184,,,Gal,Spiral,SBbc/z,4.0,200,225,2,"ARP: NARROW FILAMENTS -  Chaotic disk structure with off-center core, dark dust lanes, and star clouds.",05h 42m 04s,85.52,69° 22'' 00''',69.37,Cam,,NGC 1961, ,11.0,22.6,55°
NGC 2022,,,Neb,PN,BOY,0.50,8000,1.1,2,Bipolar OIII PN with scalloped torus,05h 42m 06s,85.53,09° 05'' 13''',9.09,Ori,Kissing Crescents Nebula    , , ,11.6,,
Sh2-232,,,Neb,Em,HII,45,5600,80,3,Large bright HII region with interesting dark lanes ,05h 42m 30s,85.63,36° 11'' 00''',36.18,Aur,Jelly Doughnut Nebula    , ,"Sh2-231,233, 235",,,
vdB 057,,,Neb,Refl,,5.2,1230,2.0,2,Blue reflection nebula east of vdB 52 and the Horsehead,05h 43m 00s,85.75,-02° 18'' 20''',-2.31,Ori,, ,vdb51,,,
vdB 056,,,Neb,Refl,,2.0,1100,0.65,0,Small and very faint blue nebula,05h 43m 01s,85.75,16° 21'' 02''',16.35,Ori,, , ,,,
N70 (LMC),,,Neb,SNR,,7.0,u,u,4,Faint spherical HII-dominated SNR,05h 43m 25s,85.85,-67° 50'' 00''',-67.83,Dor,, , ,,,
Barnard 034,,,Neb,Dark,4,20,u,u,1,"Faint, round",05h 43m 30s,85.88,32° 39'' 00''',32.65,Aur,, , ,,,
vdB 058,,,Neb,Refl,,1.0,1330,0.40,0,"Tiny and faint orange reflection nebula, 1 degree southwest of vdB 55",05h 44m 18s,86.08,-08° 42'' 00''',-8.70,Ori,, , ,,,
FU Ori,,,Stars,YSO,,2.0,1300,0.70,2,YSO appearing as a tiny yellow reflection nebula in Barnard 35 ,05h 45m 22s,86.34,09° 04'' 12''',9.07,Ori,,B35,B35,,,
Barnard 035,,,Neb,Dark,2,20,u,u,4,Striking dark nebula with emission and reflection components.,05h 45m 31s,86.38,09° 04'' 00''',9.07,Ori,, ,LBN878,,,
vdB 059,,,Neb,Refl,,8.0,1380,3.0,4,Striking multihued blue-purple-white reflection nebula in M78,05h 46m 43s,86.68,00° 04'' 36''',0.08,Ori,, ,M78,,,
M 078,,,Neb,Refl,,8.0,1600,4.0,4,Lovely blue and purple reflection nebulae with dramatic dust lanes in the foreground,05h 46m 45s,86.69,00° 04'' 48''',0.08,Ori,Casper's Nebula,NGC 2068,NGC2071,,,
NGC 2090,,,Gal,Spiral,Sc/g,4.0,40,50,2,Small grand design spiral ,05h 47m 02s,86.76,-34° 15'' 04''',-34.25,Col,, , ,11.2,22.6,70°
vdB 060,,,Neb,Refl,,8.0,805,1.8,3,"Similar to the wonderful vdb59, just a bit smaller and less colorful",05h 47m 08s,86.78,00° 17'' 56''',0.30,Ori,, ,M78,,,
NGC 2071,,,Neb,Refl,,4.0,1600,2.0,3,"Commonly imaged with M78, like M78 but smaller",05h 47m 10s,86.79,00° 18'' 00''',0.30,Ori,,,M78,,,
Barnard 036,,,Neb,Dark,4,120,u,u,1,Long faint dark lane adjacent to Betelgeuse,05h 49m 46s,87.44,07° 26'' 00''',7.43,Ori,, , ,,,
Sh2-242,,,Neb,Em,HII,7.0,7100,15,2,"Small bright red HII region, looks puny right next to Sh2-240",05h 51m 54s,87.98,27° 01'' 54''',27.03,Tau,, ,Sh2-240,,,
vdB 061,,,Neb,Refl,,2.6,1320,1.0,1,Faint blue reflection nebula in the form of a near-vertical streak,05h 52m 00s,88.00,05° 10'' 00''',5.17,Ori,, , ,,,
M 037,,,Stars,OC,II-1-500,19,4700,26,3,The most spectacular of the 3 open clusters in Auriga.,05h 52m 18s,88.08,32° 33'' 12''',32.55,Aur,Salt and Pepper Cluster ,NGC 2099, ,5.6,,
Pu 1,,,Neb,PN,EHN,1.0,6800,2.0,2,HII-dominated elliptical PN,05h 52m 48s,88.20,28° 06'' 00''',28.10,Tau,, , ,17.0,,
G179.0+02.6,,,Neb,SNR,,90,11000,280,1,"Extremely faint large SNR, OIII dominated.",05h 53m 42s,88.43,31° 05'' 00''',31.08,Aur,, , ,,,
LDN 1622,,,Neb,Dark,6,40,500,6.0,4,Wonderful dark nebula with HII emission components and yellow reflection nebula,05h 54m 02s,88.51,01° 40'' 15''',1.67,Ori,Bogeyman Nebula, ,vdB62,,,
V1793 Ori,,,Stars,YSO,,3.0,500,0.44,2,YSO that is at the eye of the Boogeyman,05h 54m 03s,88.51,01° 40'' 15''',1.67,Ori,,LDN1622,,,,
vdB 062,,,Neb,Refl,,8.0,408,1.0,4,"Yellow-white reflection nebula that is the head of the Boogeyman Nebula, surrounds pre-main sequence star HBC515",05h 54m 04s,88.52,01° 40'' 24''',1.67,Ori,,Parsamian 3 ,LDN1622,,,
DeHt 1,,,Neb,PN,SOY/it,2.0,6200,3.5,2,Delicate crescent-moon shaped PN.  Progenitor visible.,05h 55m 00s,88.75,-22° 30'' 00''',-22.50,Lep,, , ,,,
vdB 063,,,Neb,Refl,,7.0,1270,2.5,2,"Yellow reflection nebula that, with vdB 62, is part of the Boogeyman Nebula in Orion",05h 56m 18s,89.08,01° 51'' 53''',1.86,Ori,, ,,,,
IC 2149,,,Neb,PN,BOY/y,0.25,3600,0.28,2,Tiny bi-polar OIII-dominated PN with red ansae and visible progenitor,05h 56m 24s,89.10,46° 06'' 17''',46.10,Aur,, , ,10.6,,
vdB 064,,,Neb,Refl,,1.2,2080,0.70,3,Small blue reflection nebula in close proximity to other lovely Lupus reflection and dark nebulae,05h 57m 55s,89.48,-14° 03'' 40''',-14.06,Lep,, , ,,,
WeDe 1,,,Neb,PN,AHY,15,1890,8.0,2,Very faint ancient PN,05h 59m 00s,89.75,10° 42'' 00''',10.70,Ori,, , ,17.2,,
NGC 2129,,,Stars,OC,III-3-35,5.0,6500,10,3,Small open cluster with brilliant mix of brightnesses and color,06h 01m 00s,90.25,23° 18'' 00''',23.30,Gem,, , ,6.7,,
NGC 2139,,,Gal,Spiral,SBc/z,1.8,120,65,2,"Near face-on barred spiral that is likely a merger result, with fragmented arms and a chaotic disk.",06h 01m 08s,90.28,-23° 40'' 18''',-23.67,Lep,, , ,11.6,22.2,20°
Abell 12,,,Neb,PN,SRN/i,0.70,7000,1.4,2,Strong HII rim.  Breakthrough at 12 o'clock.,06h 02m 23s,90.60,09° 39'' 03''',9.65,Ori,, , ,12.0,,
NGC 2126,,,Stars,OC,II-1-40,6.0,4250,8.0,2,Uniformly bright open cluster behind bright blue foreground star,06h 03m 00s,90.75,49° 54'' 00''',49.90,Aur,, , ,10.2,,
vdB 066,,,Neb,Refl,,1.8,3300,1.8,2,Faint blue reflection nebula just west of NGC 2149,06h 03m 04s,90.77,-09° 42'' 37''',-9.71,Mon,, ,NGC2170,,,
NGC 2149,,,Neb,Refl,,3.0,1300,1.1,3,Tremendous multihued reflection nebula adjacent to dark nebula Dobashi 5004,06h 03m 31s,90.88,-09° 43'' 50''',-9.73,Mon,, ,vdb66,,,
Sh2-241,,,Neb,Em,HII,4.0,15000,17,2,"Faint emission nebula, fortunately located next to a blue reflection nebula",06h 04m 06s,91.03,30° 15'' 00''',30.25,Aur,, ,vdB65,,,
vdB 065,,,Neb,Refl,,4.6,3600,5.0,2,Small blue reflection nebula with multiple bright regions and hints of emission,06h 04m 33s,91.14,30° 30'' 07''',30.50,Aur,, , ,,,
Abell 13,,,Neb,PN,EHY/ir,3.0,4000,3.5,3,Strong HII rim.  Little OIII signal.  ISM likely interacting with nebula and blurring edges. Faint blue progenitor star.,06h 04m 47s,91.20,03° 56'' 27''',3.94,Ori,, , ,15.0,,
IC 2157,,,Stars,OC,III-2-20,7.0,7000,15,2,Small open cluster just west of M35,06h 04m 48s,91.20,24° 03'' 54''',24.07,Gem,, ,NGC2158,8.4,,
Barnard 227,,,Neb,Dark,4,12,u,u,1,"Faint - Round, diam. 12'; one or two faint stars in it",06h 07m 24s,91.85,19° 40'' 00''',19.67,Ori,, , ,,,
NGC 2158,,,Stars,OC,II-3-120,5.0,14000,20,2,Older cluster commonly imaged with M35,06h 07m 25s,91.85,24° 05'' 48''',24.10,Gem,,Melotte40,M35,8.6,,
NGC 2170,,,Neb,Refl,,40,2400,28,4,"Combination reflection & emission nebula, contains 6 vdB objects",06h 07m 32s,91.88,-06° 23'' 57''',-6.40,Mon,Angel Nebula, , ,,,
vdB 067,,,Neb,Refl,,2.2,2900,2.0,3,Brilliant blue reflection nebula near NGC 2170,06h 07m 32s,91.88,-06° 24'' 33''',-6.41,Mon,,NGC2170,,,,
NGC 2163,,,Neb,Refl,,3.0,3300,3.0,2,"Reflection nebula around young variable star, bipolar flow evident",06h 07m 49s,91.95,18° 39'' 27''',18.66,Ori,,Cederblad 62, ,11.0,,
LkHa 208,,,Stars,YSO,,3.0,3300,3.0,2,YSO emitting a small intricate blue reflection nebula,06h 07m 50s,91.96,18° 39'' 27''',18.66,Ori,,Cederblad62, ,,,
vdB 068,,,Neb,Refl,,6.8,2700,6.0,4,"A favorite, larger reflection nebula, with shimmering texture, great color, and an emission component",06h 08m 04s,92.02,-06° 13'' 03''',-6.22,Mon,, ,NGC2170,,,
vdB 069,,,Neb,Refl,,6.2,2700,5.0,3,Stunning asymmetric bright blue reflection nebula in Monoceros,06h 08m 05s,92.02,-06° 21'' 58''',-6.37,Mon,, ,NGC2170,,,
vdB 070,,,Neb,Refl,,8.0,2800,7.0,2,"Faint nebula which has both emission and reflection components, 1 deg north of NGC2170",06h 08m 18s,92.08,-05° 19'' 00''',-5.32,Mon,, , ,,,
NGC 2169,,,Stars,OC,I-3-30-a,6.0,3000,5.0,4,"Striking ""37"" open cluster with no nebulosity and vividly colored stars",06h 08m 24s,92.10,13° 57'' 54''',13.97,Ori,"""37"",""LE"", Shopping Cart Cluster", , ,5.9,,
Sh2-247,,,Neb,Em,HII,9.0,6500,17,2,Circular faint HII region,06h 08m 30s,92.13,21° 36'' 00''',21.60,Gem,, , ,,,
Sh2-261,,,Neb,Em,SHO-.1/1/.1,60,6000,100,4,"Nicely textured bright HII region with a small mysterious OII ""mushroom"" in the center",06h 08m 36s,92.15,15° 47'' 00''',15.78,Ori,Lower's Nebula    , , ,,,
M 035,,,Stars,OC,III-2-200,38,2900,32,3,"Pretty 200 star distributed cluster, contrasting with adjacent cluster NGC 2158.",06h 09m 00s,92.25,24° 21'' 00''',24.35,Gem,Shoe-Buckle Cluster  ,NGC 2168,NGC2158,5.1,,
NGC 2174,,,Neb,Em,SHO-.1/1/.3,40,7000,80,4,Large oval emission nebula with interesting dust clouds and star clusters,06h 09m 24s,92.35,20° 39'' 34''',20.66,Ori,Monkey Head Nebula    , , ,,,
vdb 072,,,Neb,Refl,,6.0,u,u,3,"One of 5 resplendent blue reflection nebula, part of the Angel Nebula",06h 09m 31s,92.38,-06° 19'' 33''',-6.33,Mon,,NGC2182,NGC2170,,,
Sh2-268,,,Neb,Em,HII,72,4250,85,1,Poorly defined faint HII nebula,06h 10m 00s,92.50,13° 17'' 00''',13.28,Ori,, , ,,,
Sh2-270,,,Neb,Em,HII,1.0,22000,6.0,1,Tiny HII spot,06h 10m 00s,92.50,12° 48'' 00''',12.80,Ori,, , ,,,
vdB 071,,,Neb,Refl,,2.0,3400,2.0,0,Very faint blue reflection nebula,06h 10m 18s,92.58,14° 04'' 00''',14.07,Mon,, , ,,,
NGC 2185,,,Neb,Refl,,8.0,2800,7.0,2,A dim copy of the NGC 2170 nebula,06h 11m 00s,92.75,-06° 13'' 36''',-6.23,Mon,, ,NGC 2183,,,
vdB 073,,,Neb,Refl,,7.0,2700,6.0,3,Wonderfully complex and colorful reflection and emission nebula,06h 11m 06s,92.78,-06° 12'' 39''',-6.21,Mon,,NGC2185, ,,,
Abell 14,,,Neb,PN,BHY/q,0.70,11000,2.1,2,Bipolar PN. Viewing torus from near side-on view. Bright blue central star with unseen progenitor companion.,06h 11m 09s,92.79,11° 46'' 47''',11.78,Ori,, , ,15.0,,
vdB 074,,,Neb,Refl,,2.0,2700,1.7,2,Reflection nebula at the westernmost end of the Angel Nebula (NGC 2170),06h 11m 18s,92.83,-06° 09'' 00''',-6.15,Mon,, ,NGC2185,,,
Sh2-259,,,Neb,Em,HII,2.0,27000,16,1,Small faint circular HII spot,06h 11m 26s,92.86,17° 26'' 25''',17.44,Ori,, , ,,,
Sh2-254,,,Neb,Em,HII,10,8000,23,4,Largest HII region in a 5 HII cluster in Orion,06h 11m 59s,93.00,18° 03'' 18''',18.06,Ori,Mushroom Nebula    , , ,,,
NGC 2196,,,Gal,Spiral,Sa/m,3.0,95,80,2,"Odd outer disk - star formation in galaxy rim, and void area in the lower half",06h 12m 10s,93.04,-21° 48'' 23''',-21.81,Lep,, , ,11.0,21.7,45°
NGC 2186,,,Stars,OC,II-2-30,4.0,7500,9.0,2,Anvil shaped cluster of varying brightness stars,06h 12m 12s,93.05,05° 27'' 00''',5.45,Ori,, , ,8.7,,
Sh2-256,,,Neb,Em,HII,2.0,8400,5.0,2,Often overlooked member of the 5 HII region Orion complex,06h 12m 36s,93.15,17° 56'' 54''',17.95,Ori,, , ,,,
Sh2-257,,,Neb,Em,HII,4.0,7000,8.0,2,Central HII region in the Orion cluster of 5 HII regions.,06h 12m 44s,93.18,17° 59'' 19''',17.99,Ori,, , ,,,
Sh2-255,,,Neb,Em,HII,4.0,7400,8.0,3,"Interesting dust lanes, a bit like the Trifid nebula",06h 13m 03s,93.26,17° 58'' 58''',17.98,Ori,, , ,,,
Sh2-258,,,Neb,Em,HII,1.0,9900,3.0,2,Tiny PN-like HII region,06h 13m 28s,93.37,17° 55'' 30''',17.93,Ori,, , ,,,
NGC 2194,,,Stars,OC,III-1-120,10,11000,32,2,H-shaped cluster of many uniform stars,06h 13m 48s,93.45,12° 48'' 00''',12.80,Ori,, , ,8.5,,
We 1-04,,,Neb,PN,BHN/c,0.70,15000,3.0,2,Bipolar HII PN with lobes blown out,06h 14m 34s,93.64,07° 34'' 30''',7.58,Ori,, , ,,,
Sh2-269,,,Neb,Em,HII,4.0,17000,20,2,Bright small HII region with dust lanes,06h 14m 38s,93.66,13° 49'' 45''',13.83,Ori,, , ,,,
Sh2-267,,,Neb,Em,HII,6.0,11500,20,1,Faint HII region,06h 15m 00s,93.75,14° 16'' 00''',14.27,Ori,, , ,,,
Sh2-272,,,Neb,Em,HII,1.0,15000,4.6,1,Tiny HII dot just southeast of Sh2-271,06h 15m 00s,93.75,12° 20'' 00''',12.33,Ori,, ,Sh2-272,,,
Sh2-271,,,Neb,Em,HII,2.0,11000,7.0,2,Bright HII nebulosity with dust lanes,06h 15m 12s,93.80,12° 22'' 00''',12.37,Ori,, , ,,,
NGC 2204,,,Stars,OC,III-3-80,12,14000,50,2,X-shaped distant cluster with bright orange star just north ,06h 15m 42s,93.93,-18° 39'' 00''',-18.65,CMa,, , ,8.6,,
WeSb 2,,,Neb,PN,EHN,2.0,u,u,1,Very faint HII elliptical PN,06h 16m 12s,94.05,28° 22'' 00''',28.37,Aur,, , ,,,
NGC 2207 Pair,,,Gal,Pair,,3.8,120,140,2,Paired with IC2163 in the background.  Galaxies may be interacting.,06h 16m 22s,94.09,-21° 22'' 22''',-21.37,CMa,, ,IC2163,10.9,22.0,45°
IC 0443,,,Neb,SNR,,60,5000,85,5,"Beautiful complex SNR, consisting of 2 shells and an obscuring molecular cloud",06h 16m 36s,94.15,22° 31'' 00''',22.52,Gem,Jellyfish Nebula    ,Sh2-248,IC444,,,
IC 0444,,,Neb,Refl,,10,u,u,2,Small textured reflection nebula that also has an emission component.,06h 18m 34s,94.64,23° 18'' 48''',23.31,Gem,, ,IC443,,,
NGC 2146,,,Gal,Merger,IV,6.0,85,150,4,Highly disturbed edge-on barred spiral.  Looks like a merger result but no scientific evidence of a merger has been found so far.,06h 18m 38s,94.66,78° 21'' 22''',78.36,Cam,, , ,12.9,23.0,78°
Sh2-266,,,Neb,Em,HII,2.0,2000,1.2,3,"Easily mistaken for a PN, this HII region has a bright ring, a central star and nice texture.",06h 18m 46s,94.69,15° 16'' 52''',15.28,Ori,, , ,,,
vdB 075,,,Neb,Refl,,9.0,5600,15,2,"Bright blue reflection nebula near IC 444, one of the largest vdB nebulae in actual diameter ",06h 19m 18s,94.83,23° 17'' 00''',23.28,Mon,, , ,,,
GN 06.16.4,,,Neb,Refl,,6.0,6000,11,2,Bright blue reflection nebula surrounding the 7th magnitude star 12 Gem.  ,06h 19m 22s,94.84,23° 16'' 29''',23.27,Gem,, ,IC444,,,
Red Rectangle,,,Neb,PPN,j,0.20,2300,0.15,4,Protoplanetary nebula with X shape due to bipolar flows of gas and dust,06h 19m 58s,94.99,-10° 38'' 15''',-10.64,Mon,Red Rectangle,HD 44179, ,,,
NGC 2215,,,Stars,OC,II-2-40,13,3200,12,2,Rough circular shape of small open cluster stars,06h 21m 00s,95.25,-07° 17'' 00''',-7.28,Mon,, , ,8.4,,
NGC 2217,,,Gal,Lent,SB0/lnoz,4.5,80,105,2,Barred lenticular ring galaxy with both nuclear and outer rings,06h 21m 40s,95.42,-27° 14'' 02''',-27.23,CMa,, , ,10.7,22.7,30°
Sh2-249,,,Neb,Em,SHO,80,6600,150,3,"Bright HII emission with 2 dark nebulae, just east of the Jellyfish",06h 22m 32s,95.63,22° 58'' 30''',22.98,Gem,, , ,,,
HDW 05,,,Neb,PN,MHN/i,1.5,3600,1.5,2,"Looks multipolar, dominant HII composition.  Faint wide HII stream reaching up.  No progenitor.",06h 23m 36s,95.90,-10° 13'' 00''',-10.22,Mon,, , ,15.4,,
NGC 2223,,,Gal,Spiral,SBb/z,2.3,135,90,2,Inner pseudo-ring is slightly off-center,06h 24m 36s,96.15,-22° 50'' 19''',-22.84,CMa,, , ,11.5,22.5,35°
Sh2-253,,,Neb,Em,HII,5.0,1350,2.0,1,Comet-like swath of HII nebulosity,06h 25m 48s,96.45,20° 01'' 00''',20.02,Gem,, , ,,,
Abell 15,,,Neb,PN,EOY/i,0.60,12000,2.0,2,OIII dominant rim & HII dominant inner region.  Rim is brighter on left than right.  Bright progenitor. ,06h 27m 02s,96.76,-25° 22'' 54''',-25.38,CMa,, , ,16.0,,
NGC 2232,,,Stars,OC,IV-3-30,45,1050,14,2,Irregularly shaped open cluster with several nice bright stars,06h 28m 01s,97.00,-04° 50'' 48''',-4.85,Mon,, , ,4.2,,
EGB 04,,,Neb,PN,PHN/i,2.0,1200,0.70,2,Peculiar HII ring shape with some OIII signal,06h 29m 34s,97.39,71° 04'' 37''',71.08,Cam,, , ,13.3,,
vdB 080,,,Neb,Refl,,9.0,3040,8.0,2,Faint but interesting reflection and emission nebula in Monoceros,06h 30m 18s,97.58,-09° 38'' 00''',-9.63,Mon,, , ,,,
vdB 076,,,Neb,Refl,,2.0,2450,1.4,2,"Small, nicely textured blue reflection nebula, part of IC447",06h 30m 48s,97.70,10° 03'' 46''',10.06,Mon,, ,IC447,,,
NGC 2237,,,Neb,Em,SS-.10/1/.50,100,5000,150,5,"Rosette Nebula, most famous example of Stromgren sphere.  The state DSO of Oklahoma.",06h 30m 54s,97.73,05° 03'' 00''',5.05,Mon,Rosette Nebula  ,Caldwell49,NGC2244,,,
vdB 077,,,Neb,Refl,,2.0,2090,1.3,2,"Blue reflection nebula, part of IC447",06h 30m 58s,97.74,09° 48'' 35''',9.81,Mon,, ,IC447,,,
IC 0447,,,Neb,Refl,,60,u,u,3,Lovely blue reflection nebula adjacent to intense dark nebulae  ,06h 31m 07s,97.78,09° 52'' 00''',9.87,Mon,,IC 2169,"vdB77,78",,,
vdB 078,,,Neb,Refl,,4.0,2200,2.4,2,Part of 3 vdB nebula complex that comprises IC447,06h 31m 15s,97.81,09° 47'' 25''',9.79,Mon,, ,IC447,,,
IC 2169,,,Neb,Refl,,30,u,u,2,Blue reflection nebula with nice dust lane,06h 31m 39s,97.91,10° 08'' 02''',10.13,Mon,,IC 447, ,,,
vdB 079,,,Neb,Refl,,2.0,2100,1.3,1,"Small blue reflection nebula, near IC447",06h 31m 43s,97.93,10° 20'' 21''',10.34,Mon,, , ,,,
NGC 2244,,,Stars,OC,II-3-20,20,5000,30,5,Star cluster within the Rosette Nebula,06h 32m 11s,98.05,04° 54'' 50''',4.91,Mon,,,NGC2237,4.8,,
vdB 081,,,Neb,Refl,,15,2680,12,1,Faint large blue reflection and emission nebula,06h 32m 18s,98.08,07° 21'' 00''',7.35,Mon,,IC448, ,,,
NGC 2245,,,Neb,Refl,,6.0,2400,4.5,3,"Blue and white reflection nebula, a lovely pair with NGC 2247.",06h 32m 41s,98.17,10° 09'' 24''',10.16,Mon,, ,NGC2247,,,
Barnard 037,,,Neb,Dark,4,60,u,u,2,"Nice contrast to NGC2245 and NGC2247. - Irregular, semi-vacant region. ",06h 32m 55s,98.23,10° 29'' 00''',10.48,Mon,, ,"NGC2245,2247",,,
NGC 2247,,,Neb,Refl,,6.0,2400,4.5,3,"Wonderfully detailed blue reflection nebula, a lovely pair with NGC 2245.",06h 33m 05s,98.27,10° 19'' 20''',10.32,Mon,, ,NGC2245,,,
Barnard 038,,,Neb,Dark,4,60,u,u,0,Very faint - Irregular vacancy. This seems to refer to a portion of B 37.,06h 33m 42s,98.43,11° 05'' 00''',11.08,Mon,, , ,,,
NGC 2242,,,Neb,PN,BOY/o,0.50,9600,1.5,1,OIII owl-type PN,06h 34m 07s,98.53,44° 46'' 38''',44.78,Aur,, , ,15.0,,
Sh2-280,,,Neb,Em,SHO-.1/1/.1,40,5000,56,3,Complex narrowband object with a blue bow shock,06h 34m 22s,98.59,02° 28'' 06''',2.47,Mon,, , ,,,
NGC 2251,,,Stars,OC,III-2-30,10,5000,15,2,Arrowhead shape of cluster which is not well differentiated,06h 34m 38s,98.66,08° 22'' 00''',8.37,Mon,, , ,7.3,,
Tr 5,,,Stars,OC,II-3-120,7.0,10000,22,2,Old open cluster which looks a bit like a globular,06h 36m 42s,99.18,09° 26'' 00''',9.43,Mon,,Cr105, ,,,
Minkowski 1-07,,,Neb,PN,BRN,0.50,20000,3.0,2,Small bipolar PN with odd OIII glow,06h 37m 21s,99.34,24° 00'' 36''',24.01,Gem,, , ,13.5,,
Barnard 039,,,Neb,Dark,5,6.0,u,u,1,"Faint - Small, sharply defined, elongated spot in the nebulosity NW of 15 Monoceros.",06h 38m 03s,99.51,10° 20'' 00''',10.33,Mon,, , ,,,
Sh2-282,,,Neb,Em,HII,35,4250,45,3,Irregular HII region south of the Rosette Nebula,06h 38m 08s,99.53,01° 25'' 12''',1.42,Mon,, , ,,,
Sh2-283,,,Neb,Em,HII,9.0,26000,68,1,Faint complex HII shape,06h 38m 08s,99.53,00° 44'' 12''',0.74,Mon,, , ,,,
R Mon,,,Stars,YSO,,1.4,2500,1.0,2,YSO emitting the Hubble Variable Nebula,06h 39m 09s,99.79,08° 44'' 40''',8.74,Mon,,NGC2261, ,,,
NGC 2261,,,Neb,Refl,,2.0,2500,1.4,4,"The best variable reflection nebula in the sky, with changes seen year to year",06h 39m 10s,99.79,08° 44'' 40''',8.74,Mon,Hubble's Variable Nebula    ,Caldwell46, ,9.0,,
vdB 083,,,Neb,Refl,,2.0,2700,1.7,1,White reflection nebula surrounding 3 stars,06h 39m 18s,99.83,-27° 14'' 00''',-27.23,CMa,, , ,,,
vdB 084,,,Neb,Refl,,3.0,2840,2.6,1,"With vdB 83, one of 2 reflection nebula in Canis Major molecular cloud.  Fainter and larger than vdB 83",06h 40m 18s,100.08,-27° 23'' 00''',-27.38,CMa,, , ,,,
HH 124,,,Stars,HH,,2.0,u,u,2,Bright pair of faint red jet flows just north of the Cone Nebula,06h 40m 58s,100.24,09° 53'' 42''',9.90,Mon,, ,NGC 2264,,,
NGC 2264,,,Neb,Em,SHO-.2/1/.4,40,2400,30,5,"Showcase cluster + nebula, including Cone Nebula and Fox Fur Nebula",06h 40m 58s,100.24,09° 53'' 42''',9.90,Mon,"Cone Nebula,Christmas Tree Cluster", , ,4.1,,
NGC 2266,,,Stars,OC,II-2-70,6.0,10500,19,2,Triangle shaped open cluster,06h 43m 12s,100.80,26° 58'' 00''',26.97,Gem,, , ,9.5,,
Abell 16,,,Neb,PN,SCY/i,2.4,4400,3.0,1,Very faint.  The progenitor star is visible as the tiny blue star just left of center. ,06h 43m 55s,100.98,61° 47'' 25''',61.79,Lyn,, , ,16.0,,
Sh2-304,,,Neb,Em,HII,180,1900,100,2,Rough ring shape of HII nebulosity,06h 44m 00s,101.00,-23° 54'' 12''',-23.90,Mon,,RCW9, ,,,
NGC 2280,,,Gal,Spiral,Sc,3.5,90,90,2,Grand design spiral with each arm spiraling out more than 1 revolution,06h 44m 49s,101.20,-27° 38'' 21''',-27.64,CMa,, , ,10.3,22.2,70°
Sh2-289,,,Neb,Em,HII,19,33000,185,1,Very faint PN region,06h 45m 00s,101.25,-07° 20'' 12''',-7.34,Mon,, , ,,,
Sh2-284,,,Neb,Em,HII,30,18000,150,2,Rose shaped HII region with several nice pillars and dark lanes. ,06h 45m 28s,101.37,00° 17'' 48''',0.30,Mon,, , ,,,
M 041,,,Stars,OC,II-3-100,40,2200,25,3,A beautiful 100 star cluster with a nice mix of colors and brightnesses.,06h 46m 01s,101.50,-20° 45'' 24''',-20.76,CMa,Little Beehive Cluster  ,NGC 2287, ,4.5,,
NGC 2282,,,Neb,Refl,,4.5,5000,6.5,3,"Multihued object includes several reflection nebula, an emission nebula, and a star cluster",06h 46m 51s,101.71,01° 18'' 56''',1.32,Mon,,IC 2172, ,,,
NGC 2274 Group,,,Gal,Group,4,18,225,1200,3,One of the most interesting small galaxy groups in the sky with interesting galaxy structures,06h 47m 17s,101.82,33° 34'' 01''',33.57,Gem,, , ,12.1,21.4,
NGC 2286,,,Stars,OC,IV-3-60,14,9500,40,1,Indistinct from background,06h 47m 36s,101.90,-03° 10'' 00''',-3.17,Mon,, , ,7.5,,
NGC 2281,,,Stars,OC,I-3-30,25,1800,13,2,"Varying colors and brightnesses, in a fairly dust free region of the sky",06h 48m 17s,102.07,41° 04'' 42''',41.08,Aur,Broken Heart Cluster, , ,5.4,,
G206.9+2.3,,,Neb,SNR,,120,7000,250,3,"Oblong OIII-dominated SNR, likely impacted by ISM",06h 48m 22s,102.09,06° 22'' 11''',6.37,Ori,, , ,,,
NGC 2298,,,Stars,GC,VI,6.0,35000,65,2,Globular clusters in Puppis,06h 48m 59s,102.25,-36° 00'' 15''',-36.00,Pup,, , ,9.3,,
NGC 2273,,,Gal,Spiral,SBa/oz,3.5,100,100,2,Seyfert double ring spiral with bright short inner arms and 2 faint closed outer rings,06h 50m 09s,102.54,60° 50'' 45''',60.85,Lyn,, , ,13.5,22.7,60°
NGC 2290 Group,,,Gal,Group,5,6.0,230,400,2,"Pleasing group, including 3 spirals, which was somehow not included in the Hickson catalogue",06h 50m 57s,102.74,33° 26'' 15''',33.44,Gem,, , ,13.2,21.9,
NGC 2301,,,Stars,OC,I-3-80,15,2500,11,2,Pleasing arrangement of colorful and multisized stars,06h 51m 45s,102.94,00° 27'' 36''',0.46,Mon,Hagrid's Dragon Cluster  , , ,6.0,,
Kohoutek 2-02,,,Neb,PN,EHY/i,4.0,2700,3.0,2,A half-ring HII-dominated faint PN,06h 52m 30s,103.13,09° 57'' 48''',9.96,Mon,, , ,14.3,,
Pakan's 3,,,Stars,OC,II-1-14-a,30,u,u,2,"The number ""3"" in the sky",06h 53m 00s,103.25,-10° 07'' 00''',-10.12,Mon,Pakan's 3 Asterism, , ,,,
Berkeley 29,,,Stars,OC,I-2-20,2.0,40000,25,2,"The most distant OC from the core of our galaxy.  It lies 70,000 ly from the galactic center.  ",06h 53m 06s,103.28,16° 56'' 00''',16.93,Gem,, , ,13.5,,
Minkowski 1-08,,,Neb,PN,MRN,0.30,13000,1.2,1,Small multipolar PN with HII rim.,06h 53m 34s,103.39,03° 08'' 24''',3.14,Mon,, , ,,,
Sh2-286,,,Neb,Em,HII,7.0,22000,44,1,Very faint circular HII patch,06h 54m 00s,103.50,-04° 31'' 00''',-4.52,Mon,, , ,,,
Sh2-308,,,Neb,Em,WR,45,5000,66,5,"Fantastic OIII-dominated Wolf-Rayet nebula, with axis flow clearly seen",06h 54m 00s,103.50,-23° 56'' 00''',-23.93,CMa,"Gourd Nebula, Dolphin's Head Nebula",RCW11, ,,,
NGC 2304,,,Stars,OC,II-1-50,5.0,14000,21,2,Unique diamond shaped cluster arrangement,06h 55m 00s,103.75,18° 01'' 00''',18.02,Gem,, , ,10.0,,
Sh2-285,,,Neb,Em,HII,5.0,25000,36,2,Star cluster with HII emission,06h 55m 00s,103.75,-00° 32'' 00''',-0.53,Mon,, , ,,,
Sh2-291,,,Neb,Em,HII,10,28000,80,1,Faint circular HII nebulosity,06h 55m 00s,103.75,-08° 00'' 12''',-8.00,Mon,, , ,,,
Abell 18,,,Neb,PN,ERN/hr,1.4,5000,2.0,2,"Outer rim stronger in HII while inner stronger in OIII. Elliptical PN, pinched at the 5 and 11 o’clock. No progenitor.  ",06h 56m 14s,104.06,-02° 53'' 08''',-2.89,Mon,, , ,17.0,,
BFS 63,,,Neb,Em,HII,12,u,u,2,Dim emission nebula,06h 57m 00s,104.25,-08° 12'' 00''',-8.20,Mon,, ,RNO 78,,,
vdB 086,,,Neb,Refl,,3.0,2580,2.2,1,Asymmetric blue reflection nebula,06h 57m 18s,104.33,-10° 16'' 00''',-10.27,Mon,, , ,,,
NGC 2311,,,Stars,OC,III-2-40,9.6,7200,20,2,Seen just southwest of a line of 3 brighter stars,06h 57m 48s,104.45,-04° 35'' 00''',-4.58,Mon,, , ,9.6,,
V0565 Mon,,,Stars,YSO,,2.0,4000,2.2,2,YSO that is the origin of a small cometary nebula,06h 58m 02s,104.51,-07° 56'' 42''',-7.95,Mon,,NGC2313,,,,
NGC 2313,,,Neb,Refl,,0.70,4000,0.80,2,"Small cometary nebula, with orange color due to orange source star",06h 58m 03s,104.51,-07° 56'' 42''',-7.95,Mon,, , ,,,
Sh2-287,,,Neb,Em,HII,16,7000,34,1,Faint mushroom-shaped HII region,06h 59m 00s,104.75,-04° 46'' 00''',-4.77,Mon,, , ,,,
NGC 2316,,,Neb,Refl,,4.0,3300,4.0,2,"Small cometary nebula, one of the reddish known",06h 59m 40s,104.92,-07° 46'' 39''',-7.78,Mon,, , ,,,
HBC 547,,,Stars,YSO,,3.0,3300,3.0,2,YSO at the center of NGC 2316.,06h 59m 41s,104.92,-07° 46'' 39''',-7.78,Mon,,NGC 2316,,,,
Abell 19,,,Neb,PN,ERY/q,1.4,7500,3.0,2,"Strong HII rim, brightest on left and right sides.  Central star is likely in foreground and not the progenitor.  ",06h 59m 57s,104.99,14° 36'' 47''',14.61,Gem,, , ,16.0,,
vdB 087,,,Neb,Refl,,5.0,1480,2.0,2,"Circular reflection and emission nebula, 2 degrees NW of the Seagull Nebula",07h 00m 18s,105.08,-08° 51'' 00''',-8.85,Mon,, , ,,,
Sh2-293,,,Neb,Em,HII,14,3600,15,2,Reddish-purple emission/reflection region that is the most western component of the Seagull Nebula,07h 01m 50s,105.46,-11° 18'' 03''',-11.30,CMa,,vdB88,Seagull Nebula,,,
vdB 089,,,Neb,Refl,,9.0,u,u,0,Very faint reflection nebula,07h 02m 18s,105.58,-12° 13'' 00''',-12.22,CMa,, ,Seagull Nebula,,,
Sh2-295,,,Neb,Em,HII,10,3600,10,2,Reflection and emission nebulae right above the southern shoulder of the Seagull Nebula,07h 02m 39s,105.66,-11° 27'' 24''',-11.46,CMa,, ,Seagull Nebula,,,
M 050,,,Stars,OC,II-3-200,32,3200,28,3,Pleasing Messier open cluster with nice spacing and color,07h 02m 42s,105.68,-08° 23'' 00''',-8.38,Mon,Heart-shaped Cluster,NGC 2323, ,5.9,,
Minkowski 3-01,,,Neb,PN,BON/y,0.50,15000,2.2,3,Bipolar PN with ansae from the jet outflows,07h 02m 50s,105.71,-31° 35'' 30''',-31.59,CMa,, , ,13.0,,
Kohoutek 1-08,,,Neb,PN,PHY,1.5,4000,1.7,2,"Supposedly an HII region, but has many PN characteristics",07h 03m 17s,105.82,-10° 35'' 02''',-10.58,Cam,, , ,,,
vdB 091,,,Neb,Refl,,9.0,3780,10,0,Faint blue reflection nebula,07h 03m 18s,105.83,-10° 42'' 00''',-10.70,CMa,, ,Seagull Nebula,,,
Arp 096,,,Gal,Merger,I,0.90,210,55,2,"ARP: ELLIPTICAL COMP - Bright pair, fairly wide apart, with distinct star stream bridge",07h 03m 22s,105.84,86° 33'' 00''',86.55,Cep,, , ,15.5,,
vdB 092,,,Neb,Refl,,4.0,3720,4.0,1,Small reflection nebula in the right wing of the Seagull nebula,07h 03m 56s,105.98,-11° 34'' 21''',-11.57,CMa,, ,Seagull Nebula,,,
NGC 2327,,,Neb,Em,SHO-.3/1/.5,240,3600,250,5,The wings of the showcase Seagull Nebula,07h 04m 07s,106.03,-11° 18'' 50''',-11.31,CMa,, , ,,,
NGC 2324,,,Stars,OC,II-2-120,8.0,16000,40,2,"Many stars of this open cluster, but cluster doesn't stand out",07h 04m 12s,106.05,01° 03'' 00''',1.05,Mon,, , ,8.4,,
IC 2177,,,Neb,Em,SHO-.2/1/.1,20,3800,24,3,"Emission region that is the Seagull head, ionized by HD 53367.  Nice dust lanes",07h 04m 25s,106.10,-10° 27'' 13''',-10.45,Mon,Seagulls Head,"Sh2-292,Gum1,RCW2",,,,
Sh2-297,,,Neb,Em,HII,8.0,3600,8.0,3,HII region that is the southernmost component of the Seagull Nebula,07h 05m 13s,106.30,-12° 19'' 00''',-12.32,CMa,,"Gum 3, RCW1",Seagull Nebula,,,
Seagull Nebula,,,Neb,Em,SHO-.3/1/.5,240,3600,250,5,Magnificent showcase object - the Seagull Nebula,07h 05m 49s,106.45,-11° 05'' 49''',-11.10,CMa,Seagull Nebula, ,NGC2327,,,
vdB 095,,,Neb,Refl,,6.0,2920,5.0,2,"Bright reflection and emission nebula, part of Seagull complex",07h 06m 41s,106.67,-11° 17'' 12''',-11.29,CMa,, ,Seagull Nebula,,,
NGC 2335,,,Stars,OC,III-3-80,20,7500,45,2,The cluster on the left shoulder of the Seagull Nebula,07h 06m 45s,106.69,-10° 01'' 23''',-10.02,CMa,, , ,7.2,,
Kohoutek 2-03,,,Neb,Refl,,2.0,2800,1.8,0,Appears to be reflection nebula - no signal in NB filters,07h 07m 00s,106.75,-22° 02'' 00''',-22.03,CMa,, , ,15.0,,
Kohoutek 1-09,,,Neb,PN,EHY/i,1.0,5400,1.7,2,Dim Ha-dominated elliptical ring,07h 07m 15s,106.81,-05° 10'' 07''',-5.17,Mon,, , ,19.0,,
Sh2-288,,,Neb,Em,HII,3.0,13500,12,2,Bright PN-like HII nebulosity,07h 08m 00s,107.00,-04° 18'' 12''',-4.30,Mon,,IC 466, ,,,
NGC 2343,,,Stars,OC,III-3-20,6.0,3400,6.0,2,Sparse squarish concentration of stars,07h 08m 06s,107.03,-10° 37'' 00''',-10.62,Mon,, , ,6.7,,
NGC 2339,,,Gal,Spiral,SBbc/z,3.0,105,90,2,Barred grand design spiral with nice color,07h 08m 21s,107.09,18° 46'' 49''',18.78,Gem,, , ,11.8,22.4,50°
AbellG 0569,,,Gal,Cluster,40,30,250,2200,2,Small with good variety of structure,07h 09m 10s,107.29,48° 38'' 10''',48.64,Lyn,,NGC 2329, ,13.8,,
Gum 02,,,Neb,Em,HII,50,4500,70,2,Large nebula forms the wings of the Seagull Nebula,07h 09m 20s,107.33,-10° 20'' 48''',-10.35,Mon,, ,Seagull Nebula,,,
NGC 2346,,,Neb,PN,BRY/c,2.0,4800,3.0,3,"Complex bipolar PN with HII rim and OIII center, progenitor is visible",07h 09m 22s,107.34,-00° 48'' 22''',-0.81,Mon,"Butterfly Nebula (2 of 3), Hourglass Nebula",M 1-10, ,11.6,,
Sh2-301,,,Neb,Em,SHO-.4/1/.5,9.0,20000,50,4,Surprisingly beautiful narrowband object that resembles a teapot,07h 09m 54s,107.48,-18° 29'' 53''',-18.50,CMa,Teapot Nebula  ,"Gum 5,RCW6", ,,,
NGC 2340 Group,,,Gal,Group,9,22,260,1700,2,Small FOV which contains 10 NGC and IC galaxies,07h 11m 11s,107.80,50° 10'' 27''',50.17,Lyn,, , ,11.7,21.4,
UGC 03697,,,Gal,Spiral,S/dtw,2.3,150,100,3,Edge-on warped galaxy,07h 11m 22s,107.84,71° 50'' 10''',71.84,Cam,Integral Sign Galaxy , , ,13.0,,90°
Sh2-303,,,Neb,Em,HII,72,1900,40,2,Complex faint HII nebulosity,07h 12m 00s,108.00,-19° 47'' 12''',-19.79,Mon,, , ,,,
Kohoutek 1-10,,,Neb,PN,BHN,1.5,9000,4.0,2,Faint HII-dominated bipolar PN with no progenitor,07h 12m 36s,108.15,-16° 06'' 00''',-16.10,CMa,, , ,,,
NGC 2354,,,Stars,OC,III-2-70,16,4300,20,2,"Medium size cluster, hard to distinguish from background",07h 14m 00s,108.50,-25° 43'' 30''',-25.73,CMa,,Cr131, ,6.5,,
NGC 2268,,,Gal,Spiral,SBbc/z,3.0,100,90,2,Stubby arms and an outer disk that has a hexagon shape,07h 14m 18s,108.58,84° 22'' 55''',84.38,Cam,, , ,11.5,22.3,55°
Arp 141,,,Gal,Merger,III,3.0,130,120,2,ARP: ELLIP. EMANATING MATERIAL - Spiral severely distorted with blue star clouds,07h 14m 26s,108.61,73° 28'' 00''',73.47,Cam,, , ,13.2,,
NGC 2353,,,Stars,OC,II-2-100,18,3400,18,2,Cluster seen with background nebulosity and foreground bright blue mag 6 star,07h 14m 30s,108.63,-10° 16'' 00''',-10.27,Mon,, , ,7.1,,
NGC 2347,,,Gal,Spiral,Sb,1.7,300,140,2,Chaotic spiral with diffuse outer disk,07h 16m 04s,109.02,64° 42'' 24''',64.71,Cam,, ,IC2179,12.5,22.1,50°
LBN 1036,,,Neb,Em,HII,50,u,u,2,Bright HII region adjacent to open cluster NGC 2353,07h 16m 23s,109.10,-10° 35'' 24''',-10.59,Mon,, ,"NGC2353,We2-37",,,
Sh2-294,,,Neb,Em,HII,7.0,16000,30,3,Small bright HII region with numerous dark dust lanes,07h 16m 30s,109.13,-09° 26'' 06''',-9.44,Mon,,RCW3, ,,,
NGC 2355,,,Stars,OC,II-2-40,9.0,6500,18,2,"Slight spiral cluster shape, with stars of uniform brightness",07h 16m 54s,109.23,13° 47'' 00''',13.78,Gem,, , ,9.7,,
We 1-06,,,Neb,PN,EHY,1.5,4600,2.0,1,Elliptical HII PN with progenitor visible,07h 17m 24s,109.35,-10° 07'' 00''',-10.12,Mon,, , ,,,
NGC 2357,,,Gal,Spiral,Sc/dtw,4.5,100,130,2,Edge-on spiral with warped disk,07h 17m 41s,109.42,23° 21'' 21''',23.36,Gem,, , ,13.3,22.7,88°
NGC 2360,,,Stars,OC,II-2-100,13,3700,15,3,Colorful circular cluster in Canis Major,07h 17m 43s,109.43,-15° 38'' 30''',-15.64,CMa,Caroline's Cluster,Caldwell, ,7.2,,
NGC 2359,,,Neb,Em,WR-.10/.80/1,40,15000,180,5,Showcase WR nebula which makes for a beautiful image in both HOO and SHO.,07h 18m 30s,109.63,-13° 13'' 36''',-13.23,CMa,"Thor’s Helmet, Duck  ","Sh2-298,RCW5", ,11.5,,
NGC 2362,,,Stars,OC,I-3-60,8.0,5000,12,3,"Brilliant tight open cluster, highlighted by the brightest star, Tau Canis Majoris",07h 18m 41s,109.67,-24° 57'' 18''',-24.96,CMa,Tau Canis Majoris Cluster, Caldwell64, ,3.8,,
UGC 03789,,,Gal,Spiral,r,1.4,170,70,2,Unusual spiral ring galaxy,07h 19m 31s,109.88,59° 21'' 18''',59.36,Lyn,,VII Zw 140, ,13.0,,55°
vdB 096,,,Neb,Refl,,6.0,4210,7.0,2,Interesting reflection and dark nebulae complex,07h 19m 37s,109.90,-24° 02'' 16''',-24.04,CMa,, , ,,,
Saurer 1,,,Stars,OC,II-2-40,1.7,40000,20,1,Faint extragalactic open cluster,07h 20m 54s,110.23,01° 48'' 00''',1.80,CMi,, , ,,,
PFP 1,,,Neb,PN,ARY,25,1700,12,1,"Huge ancient PN, believed to be 70,000 years old",07h 22m 00s,110.50,-06° 18'' 00''',-6.30,Mon,, , ,,,
Abell 20,,,Neb,PN,SOY/r,1.0,6500,2.0,1,"Almost perfectly circular, with strong OIII rim.  Progenitor star is centered exactly and beaming bright blue.",07h 22m 58s,110.74,01° 45'' 37''',1.76,CMi,, , ,17.0,,
Bran 23,,,Neb,Em,HII,120,4500,160,2,Same as Sh2-310,07h 23m 44s,110.93,-25° 27'' 44''',-25.46,CMa,,Sh2-310, ,,,
Sh2-310,,,Neb,Em,HII,120,4500,160,2,Dim hydrogen emission nebula with several extended dust pillars ,07h 23m 44s,110.93,-25° 27'' 44''',-25.46,CMa,,"Gum8,RCW15, Bran 23", ,,,
NGC 2371,,,Neb,PN,BOY/cy,2.0,5000,3.2,4,Bipolar OIII PN with blown out lobes and a visible progenitor.,07h 25m 34s,111.39,29° 29'' 17''',29.49,Gem,Double Bubble Nebula,NGC2372, ,12.8,,
Minkowski 3-03,,,Neb,PN,BRN,0.30,19000,1.6,2,Distant small bipolar PN with HII-dominated edges,07h 26m 34s,111.64,-05° 21'' 52''',-5.36,Mon,, , ,,,
NGC 2336,,,Gal,Spiral,SBbc/nkz,7.0,85,175,2,Very large spiral with nuclear ring and VV rows,07h 27m 04s,111.77,80° 10'' 41''',80.18,Cam,Spider's Web Galaxy, ,IC467,12.5,22.8,65°
NGC 2395,,,Stars,OC,III-1-30,12,1900,7.0,2,Sparse rectangular shaped cluster in Gemini,07h 27m 06s,111.78,13° 35'' 00''',13.58,Gem,, , ,8.0,,
Arp 025,,,Gal,Spiral,SBc/kz,2.8,120,100,2,"ARP: 1 HEAVY ARM -  Face-on spiral with displaced core and asymmetric disk, including VV rows.",07h 27m 14s,111.81,85° 45'' 16''',85.75,Cep,,NGC 2276,Arp 114,11.4,22.3,20°
NGC 2366,,,Gal,BCD,,8.0,11,25,2,Pair of Magellanic galaxies,07h 28m 55s,112.23,69° 12'' 58''',69.22,Cam,, ,NGC2363,11.1,23.4,70°
Abell 21,,,Neb,PN,ARN/if,8.0,1500,3.5,5,"Asymmetric, likely due to ISM. Faint arcs lower right mirror the brighter arcs at upper left.",07h 29m 03s,112.26,13° 14'' 48''',13.25,Gem,Medusa Nebula  ,Sh2-274, ,11.0,,
NGC 2392,,,Neb,PN,BHY/f,1.0,6000,1.7,4,Tremendous detail throughout this bipolar PN with balanced OIII and HII signals.,07h 29m 11s,112.30,20° 54'' 42''',20.91,Gem,"Eskimo Nebula, Clownface Nebula, Lion Nebula", Caldwell39, ,9.7,,
IC 2184,,,Gal,Merger,II,1.5,180,80,2,Two edge-on galaxies in process of merging.  Diffuse star plumes.,07h 29m 26s,112.36,72° 07'' 46''',72.13,Cam,, , ,14.0,21.6,
Sh2-299,,,Neb,Em,HII,2.0,14000,8.0,1,Dim Hii region,07h 30m 00s,112.50,-15° 17'' 12''',-15.29,Mon,, , ,,,
Sh2-306,,,Neb,Em,HII,28,14000,115,1,"Faint complex HII nebula, medium size, in Monoceros",07h 30m 00s,112.50,-19° 08'' 12''',-19.14,Mon,,RCW10, ,,,
Sh2-305,,,Neb,Em,HII,5.0,14000,20,3,Nice bright HII region and star cluster,07h 30m 04s,112.52,-18° 32'' 13''',-18.54,Pup,,"LBN1048,RCW8",Meyer3,,,
IC 0467,,,Gal,Spiral,SBc/z,3.0,100,90,2,"Medium sized, slightly disturbed spiral with a bit of a bar",07h 30m 19s,112.58,79° 52'' 21''',79.87,Cam,, , ,12.6,22.9,70°
Sh2-300,,,Neb,Em,HII,6.0,14000,25,1,Faint circular HII region,07h 31m 00s,112.75,-15° 24'' 12''',-15.40,Mon,, , ,,,
Sh2-302,,,Neb,Em,HII,20,6000,36,2,Small blue reflection nebula on the edge of Sh2-302 (Snowman Nebula),07h 31m 32s,112.88,-16° 59'' 10''',-16.99,Pup,Snowman Nebula  ,RCW7,"NGC2409,vdB97",,,
Sh2-309,,,Neb,Em,HII,14,13000,55,1,Elliptical faint HII nebula with small cluster to northwest,07h 32m 00s,113.00,-19° 26'' 12''',-19.44,Mon,,RCW13, ,,,
Arp 114,,,Gal,Pair,,2.8,120,100,2,"ARP: ELLIPTICAL/SPIRAL PAIR - Face-on spiral with displaced core & asymmetric disk, incl. VV rows. Little interaction.",07h 32m 20s,113.08,85° 42'' 00''',85.70,Cep,,NGC 2300,Arp 25,11.4,22.3,
KW 8,,,Neb,PN,EHY/i,2.0,u,u,1,Faint HII-dominated elliptical PN with ISM interaction,07h 33m 25s,113.35,-23° 26'' 09''',-23.44,Pup,,KeWe3, ,,,
CG 4,,,Neb,Mol Cld,,25.0,u,u,4,Fascinating cometary globule nicknamed God's Hand,07h 34m 09s,113.54,-46° 54'' 18''',-46.91,Pup,Gods Hand,, ,,,
Sh2-307,,,Neb,Em,HII,7.0,12000,25,3,HII region with distinct bright and dim components,07h 35m 34s,113.89,-18° 45'' 35''',-18.76,Pup,,"Gum7,RCW12", ,,,
Arp 250,,,Gal,Merger,III/x,0.55,60,10,2,ARP: FISSION - Three small interacting galaxies with a star stream bridge and tails,07h 35m 59s,114.00,35° 22'' 00''',35.37,Lyn,, , ,16.0,,
vdB 098,,,Neb,Refl,,11,2560,9.0,2,Faint blue reflection nebula with good detail,07h 36m 00s,114.00,-25° 18'' 00''',-25.30,CMa,, , ,,,
Abell 22,,,Neb,PN,BHN/c,2.0,2800,1.6,3,Side-on view of bi-polar PN. Bright central torus is only part of nebula that can be seen visually.  No progenitor. ,07h 36m 06s,114.03,02° 24'' 00''',2.40,CMi,,K 1-11, ,15.0,,
NGC 2421,,,Stars,OC,I-2-80,13,8700,34,2,Oval cluster in Puppis,07h 36m 13s,114.05,-20° 36'' 42''',-20.61,Pup,, , ,8.3,,
NGC 2442,,,Gal,Spiral,SBbc/gkz,6.0,50,90,5,Showy distorted grand spiral with VV rows,07h 36m 18s,114.08,-69° 32'' 00''',-69.53,Vol,"Meat Hook Galaxy, Cobra & Mouse Galaxy", , ,10.4,22.8,45°
M 047,,,Stars,OC,IV-2-50,30,1600,14,2,One of the least concentrated of the Messier open clusters,07h 36m 35s,114.15,-14° 29'' 00''',-14.48,Pup,,NGC 2423, ,6.7,,
Arp 165,,,Gal,Ellip,E0/hu,1.8,230,130,2,ARP: DIFFUSE FILAMENTS - Elliptical with unusually long star stream tail.,07h 36m 37s,114.15,17° 53'' 00''',17.88,Gem,,NGC 2418, ,12.2,22.3,
NGC 2403,,,Gal,Spiral,SBc/z,20,9.5,60,2,Somewhat like M33.  Many HII regions.  A few of its brightest globular clusters can be captured,07h 36m 51s,114.21,65° 36'' 07''',65.60,Cam,Crumb Galaxy,Caldwell7, ,8.5,23.3,60°
NGC 2415,,,Gal,Merger,V,0.80,190,45,3,"Late stage merger object, with no obvious core and the center looking like a ball of snakes.",07h 36m 57s,114.24,35° 14'' 32''',35.24,Lyn,, , ,12.4,20.9,
NGC 2423,,,Stars,OC,IV-2-60,30,3000,25,2,Sparking mix of brightnesses in a colorful field,07h 37m 12s,114.30,-13° 51'' 47''',-13.86,Pup,, ,M47,5.8,,
NGC 2419,,,Stars,GC,II,4.0,300000,360,2,Very distant globular nicknamed the Intergalactic Wanderer,07h 38m 08s,114.53,38° 52'' 54''',38.88,Lyn,Intergalactic Wanderer Cluster  ,Caldwell25, ,10.3,,
NGC 2420,,,Stars,OC,I-2-500,10,10000,30,2,Vivid mix of stars in this Gemini jewel.,07h 38m 23s,114.60,21° 34'' 24''',21.57,Gem,Twinkling Comet Cluster , , ,8.3,,
NGC 2439,,,Stars,OC,II-3-70,10,9500,28,3,"Brilliant diamond ring look, with ring of stars and one bright star",07h 40m 45s,115.19,-31° 41'' 36''',-31.69,Pup,, , ,6.9,,
M 046,,,Stars,OC,III-2-500,25,4900,36,3,Rare combination of bright open star cluster with nice PN,07h 41m 47s,115.45,-14° 50'' 38''',-14.84,Pup,,NGC 2437,NGC2438,6.1,,
NGC 2438,,,Neb,PN,ERY,1.5,4200,1.9,3,PN near bright cluster M46,07h 41m 51s,115.46,-14° 44'' 05''',-14.73,Pup,,,M46,11.5,,
NGC 2440,,,Neb,PN,MRN,1.3,4000,1.6,3,Complex multipolar PN with HII rim and OII center.  No progenitor,07h 41m 55s,115.48,-18° 12'' 31''',-18.21,Pup,"Albino Butterfly Nebula, Kiss Nebula", , ,9.4,,
Minkowski 1-18,,,Neb,PN,ERN/ir,0.50,15000,2.2,2,Small PN with interesting hole punch look and red HII rim,07h 42m 06s,115.53,-14° 12'' 00''',-14.20,Pup,, ,M46,14.0,,
BBW 56,,,Neb,Em,HII,120.00,u,u,2,Mountain-like HII emission with 3 cometary globules,07h 43m 00s,115.75,-42° 20'' 00''',-42.33,Pup,, ,"CG8,CG9,CG10",,,
Abell 23,,,Neb,PN,SRN/ho,1.0,7500,2.2,1,Very faint.  Circular and primarily OIII signal.  Rim is slightly stronger in Ha. Little structure is apparent.,07h 43m 19s,115.83,-34° 45'' 13''',-34.75,Pup,, , ,13.0,,
M 093,,,Stars,OC,IV-1-80,24,3400,24,3,Messier open cluster with interesting mix of 80 orange and blue stars,07h 44m 30s,116.13,-23° 51'' 24''',-23.86,Pup,,NGC 2447, ,6.2,,
Arp 017,,,Gal,Spiral,SB/z,1.0,240,70,2,ARP: DETACHED SEGMENTS - 2 odd bright blue areas - could be 2 separate galaxies,07h 44m 42s,116.18,73° 49'' 00''',73.82,Cam,, , ,14.6,,60°
NGC 2451,,,Stars,OC,II-2-30,45,600,8.0,2,"Wonderful mix of color, brightness and shape. Nice pairing contrast with NGC 2477",07h 45m 15s,116.31,-37° 58'' 00''',-37.97,Pup,Stinging Scorpion Cluster , ,NGC2477,2.8,,
Arp 143,,,Gal,Merger,II,1.5,180,75,3,ARP: ELLIP. EMANATING MATERIAL - Wonderfully distorted colorful pair.,07h 46m 53s,116.72,39° 01'' 00''',39.02,Lyn,,NGC 244, ,13.2,22.8,
NGC 2452,,,Neb,PN,PON,0.50,11400,1.7,2,"Peculiar PN, with bright white ""S"" in center of OIII-dominated PN",07h 47m 26s,116.86,-27° 20'' 07''',-27.34,Pup,,RCW16,NGC2453,12.0,,
NGC 2453,,,Stars,OC,I-2-50,5.0,15000,22,3,Excellent brightness variance and non-circular shape,07h 47m 35s,116.90,-27° 11'' 38''',-27.19,Pup,, ,NGC2452,8.3,,
Kohoutek 1-12,,,Neb,PN,ERN/q,1.0,9000,2.7,2,Elliptical PN with HII rim and no progenitor,07h 50m 12s,117.55,-19° 18'' 16''',-19.30,Pup,, , ,16.0,,
Abell 24,,,Neb,PN,AHY/q,7.0,2300,4.5,3,HII-dominated.  Looked more like HII region than PN.  Progenitor star appears to be the small blue star at center. ,07h 51m 38s,117.91,03° 00'' 27''',3.01,CMi,, , ,14.0,,
NGC 2477,,,Stars,OC,I-3-200,30,4000,36,3,So dense it appears to be a globular cluster at first glance,07h 52m 10s,118.04,-38° 31'' 48''',-38.53,Pup,,Caldwell71,NGC2451,5.8,,
NGC 2467,,,Neb,Em,SHO-.2/1/.4,50,13000,190,4,"Well balanced SHO signals, great mix of clusters and nebulae",07h 52m 26s,118.11,-26° 26'' 12''',-26.44,Pup,Skull and Crossbones Nebula  ,RCW16, ,7.1,,
NGC 2482,,,Stars,OC,III-1-50,24,4250,30,1,Unimpressive open cluster in Puppis,07h 54m 54s,118.73,-24° 18'' 00''',-24.30,Pup,, , ,7.3,,
NGC 2479,,,Stars,OC,III-1-70,10,5300,15,2,"Medium brightness cluster, hard to distinguish from background",07h 55m 03s,118.76,-17° 43'' 54''',-17.73,Pup,, , ,9.6,,
HDW 07,,,Neb,PN,SOY/t,1.5,500,0.22,2,Faint spherical OIII-dominated PN with progenitor,07h 55m 12s,118.80,09° 20'' 00''',9.33,CMi,, , ,,,
NGC 2489,,,Stars,OC,II-2-70,10,7250,22,2,Circular concentration of uniform stars in Puppis,07h 56m 15s,119.06,-30° 03'' 48''',-30.06,Pup,, , ,7.9,,
IC 2220,,,Neb,Refl,,4.0,300,0.35,5,Brilliant orange jet outflow nebula from star HD 65750,07h 56m 48s,119.20,-59° 08'' 00''',-59.13,Car,Toby Jug Nebula, , ,,,
NGC 2460,,,Gal,Spiral,SBab/z,4.5,115,150,2,Barred spiral with faint outer disk,07h 56m 53s,119.22,60° 20'' 58''',60.35,Cam,, ,IC2209,11.8,22.2,40°
Jones-Emberson 1,,,Neb,PN,ERY/qr,6.0,1600,3.0,4,HIII-dominated ring-shaped elliptical PN with progenitor and nice texture,07h 57m 54s,119.48,53° 25'' 00''',53.42,Lyn,Headphones Nebula  , , ,17.0,,
NGC 2516,,,Stars,OC,I-3-100,22,1300,9.0,4,Huge naked eye colorful open cluster,07h 58m 00s,119.50,-60° 45'' 00''',-60.75,Car,"Southern Beehive, Sprinter Cluster",Caldwell96,IC2220,3.8,,
NGC 2506,,,Stars,OC,I-2-150,7.0,10000,20,2,Many stars but distance diminishes the visual impact of the cluster,08h 00m 01s,120.00,-10° 46'' 12''',-10.77,Mon,,Caldwell, ,7.6,,
UGC 04133 Pair,,,Gal,Pair,,2.0,400,250,2,Distant pair that are too far away to be interacting,08h 00m 09s,120.04,56° 21'' 55''',56.37,Lyn,, ,UGC4134,14.0,,
NGC 2509,,,Stars,OC,II-1-50,8.0,8200,20,2,Oddly shaped cluster of uniform stars,08h 00m 42s,120.18,-19° 04'' 00''',-19.07,Pup,, , ,9.3,,
NGC 2500,,,Gal,Mag,f,3.0,30,26,2,Face-on Magellanic galaxy,08h 01m 53s,120.47,50° 44'' 15''',50.74,Lyn,, , ,11.6,22.6,0°
NGC 2527,,,Stars,OC,III-1-30,14,2100,9.0,2,Fan shaped cluster which stand out from background nicely,08h 04m 58s,121.24,-28° 08'' 48''',-28.15,Pup,, , ,6.5,,
Abell 25,,,Neb,PN,EOY/q,3.0,2500,2.2,2,PN is OIII-dominant & elliptical in shape. Strong signal in the 2 opposite rim segments. Progenitor star visible. ,08h 06m 45s,121.69,-02° 52'' 43''',-2.88,Mon,,K 1-13, ,18.0,,
Sa 2-21,,,Neb,PN,ERN/o,0.90,11000,3.0,2,"Elliptical PN very similar to the Owl Nebula, M97",08h 08m 42s,122.18,-19° 08'' 00''',-19.13,Pup,, , ,13.7,,
Abell 26,,,Neb,PN,SRN/hr,0.70,11000,2.1,2,"Hint of hexagon shape to rim.  No progenitor star.   Like many PN, the outer rim is stronger in HII.  ",08h 09m 01s,122.25,-32° 40'' 15''',-32.67,Pup,, , ,18.0,,
Gum 12,,,Neb,Em,HII,2400,1300,900,2,Huge Gum Nebula SNR.  Too big for astro cameras,08h 09m 31s,122.38,-47° 20'' 12''',-47.34,Vel,, , ,,,
NGC 2547,,,Stars,OC,II-2-50,25,1400,10,3,"Beautiful T shaped cluster, with nebulosity",08h 10m 09s,122.54,-49° 12'' 54''',-49.22,Vel,, , ,4.7,,
NGC 2532,,,Gal,Spiral,SBc/z,2.0,250,150,2,Hexagon disk outline with disturbed arms,08h 10m 15s,122.56,33° 57'' 25''',33.96,Lyn,, , ,12.4,22.7,50°
NGC 2539,,,Stars,OC,II-1-100,15,4000,17,2,Rough oval shape of cluster which subtly stands out from the background,08h 10m 37s,122.65,-12° 49'' 06''',-12.82,Pup,Dish Cluster  , , ,6.5,,
Arp 082,,,Gal,Spiral,SBc/k,2.0,200,120,3,ARP: LARGE HSB COMP - 2 beautiful interacting galaxies with star-forming regions and a long star stream.,08h 11m 16s,122.82,25° 10'' 00''',25.17,Cnc,,NGC 2536, ,14.2,22.3,15°
NGC 2546,,,Stars,OC,III-2-60,60,3200,55,2,"Irregular shape in nice star field, which makes separation from background difficult",08h 12m 15s,123.06,-37° 35'' 42''',-37.60,Pup,"Heart & Dagger Cluster, Wounded Heart Cluster ", , ,6.3,,
NGC 2543,,,Gal,Spiral,SBb/gz,3.0,110,100,3,"Lovely barred grand design spiral with bright distinct arms, blue star clouds, and extended star plumes",08h 12m 58s,123.24,36° 15'' 16''',36.25,Lyn,, , ,11.0,21.8,65°
Arp 006,,,Gal,BCD,,1.0,22,7.0,3,ARP: LOW BRIGHTNESS -  Tiny blue dwarf irregular galaxy.,08h 13m 15s,123.31,45° 59'' 30''',45.99,Lyn,Bear Paw Galaxy,NGC 2537, ,11.7,21.5,35°
M 048,,,Stars,OC,I-2-80,44,2500,32,2,"Despite its class, a spread out cluster that is one of the least impressive Messier clusters.",08h 13m 43s,123.43,-05° 45'' 00''',-5.75,Hya,,NGC 2548, ,5.8,,
UGC 04277,,,Gal,Spiral,S/dt,3.5,250,250,2,Large superthin edge-on spiral,08h 13m 57s,123.49,52° 38'' 52''',52.65,Lyn,, , ,13.5,,90°
IC 2233,,,Gal,Spiral,Sc/dt,4.7,40,60,2,Blue superthin galaxy with slight disk warp,08h 13m 59s,123.50,45° 44'' 33''',45.74,Lyn,, , ,12.6,22.2,90°
AbellG 0634,,,Gal,Cluster,40,30,370,3000,1,Unusual number of prominent spirals,08h 14m 34s,123.64,58° 02'' 52''',58.05,Lyn,, , ,14.9,,
NGC 2541,,,Gal,Spiral,SBc/z,6.0,40,70,2,"Odd arm structure, numerous star clouds and slight purple tint",08h 14m 40s,123.67,49° 03'' 43''',49.06,Lyn,, , ,11.8,23.8,60°
Arp 009,,,Gal,Spiral,SBbc/z,3.0,160,130,2,"ARP: SPLIT ARM -  Strongly barred spiral, likely a barlens.",08h 14m 59s,123.75,73° 34'' 00''',73.57,Cam,,NGC 2523, ,11.9,22.5,50°
IC 2247,,,Gal,Spiral,Sbc/d,1.7,200,100,2,Edge-on spiral with no bulge and mid-line dust lane,08h 15m 59s,124.00,23° 11'' 58''',23.20,Cnc,, , ,13.2,21.3,88°
IC 2248,,,Gal,Spiral,S,1.2,200,70,1,"Faint outer disk, bright inner lens",08h 16m 05s,124.02,23° 08'' 03''',23.13,Cnc,, , ,14.4,23.0,60°
Gum 10,,,Neb,Em,HII,35,10800,110,2,Pair of HII nebula with bright regions and dust lanes,08h 16m 18s,124.08,-35° 37'' 58''',-35.63,Pup,,RCW19, ,,,
NGC 2567,,,Stars,OC,III-2-60,10,5750,16,2,"Diamond shaped open cluster, nice color",08h 18m 18s,124.58,-30° 38'' 00''',-30.63,Pup,, , ,7.4,,
NGC 2571,,,Stars,OC,IV-1-20,13,4250,16,2,"Small open cluster, nice distribution of sizes",08h 18m 54s,124.73,-29° 44'' 00''',-29.73,Pup,, , ,7.0,,
Arp 268,,,Gal,Dwarf,,8.0,10,25,2,ARP: CLUMPS - Faint blue galaxy with fascinating HII bubble regions,08h 19m 06s,124.78,70° 42'' 00''',70.70,UMa,,Holmberg II  , ,12.0,,
NGC 2552,,,Gal,Mag,,3.0,34,30,2,"Magellanic galaxy with yellow central region, blue outer region, and blue star clusters throughout",08h 19m 20s,124.83,50° 00'' 31''',50.01,Lyn,, , ,12.6,23.1,55°
NGC 2560 Group,,,Gal,Group,4,22,230,1500,2,"Group of 4 galaxies at different distances, highlighted by odd edge-on spiral",08h 19m 34s,124.89,21° 06'' 52''',21.11,Cnc,, , ,13.3,21.3,
UGC 04332,,,Gal,Spiral,S/dw,1.7,250,120,2,Yellow edge-on spiral with unique shape of twisting galaxy and dust lane,08h 19m 38s,124.91,21° 06'' 51''',21.11,Cnc,, , ,15.0,,90°
NGC 2579,,,Neb,Em,HII,2.5,25000,20,2,Rose-type bloom of HII emission nebula,08h 20m 53s,125.22,-36° 13'' 00''',-36.22,Pup,,"Gum11,RCW20", ,7.5,,
Gum 13,,,Neb,Em,HII,7.0,7200,15,2,Filaments from Puppis A SNR,08h 21m 54s,125.48,-42° 39'' 00''',-42.65,Vel,,RCW29, ,,,
Arp 247,,,Gal,Merger,II/u,1.0,250,80,2,ARP: FISSION - Pair of interacting galaxies with bridge and superlong tail.,08h 23m 32s,125.88,21° 20'' 00''',21.33,Cnc,,IC 2338, ,15.4,21.0,
Fishhook Galaxy,,,Gal,Merger,II,0.50,650,100,3,"Tiny, unusually distorted starburst galaxy  ",08h 23m 55s,125.98,28° 06'' 27''',28.11,Cnc,Fishhook Galaxy, , ,,,
Puppis A,,,Neb,SNR,,50,7000,100,2,"Faint SNR in Puppis, overlapping with the foreground Vela SNR",08h 24m 07s,126.03,-42° 59'' 48''',-43.00,Pup,, ,Vela SNR,,,
IC 2375 Trio,,,Gal,Trio,,1.5,280,130,2,"3 galaxies with interesting structures, slightly interacting",08h 26m 20s,126.58,-13° 18'' 11''',-13.30,Pup,, , ,13.1,21.6,
NGC 2595,,,Gal,Spiral,SBc/krz,2.5,190,135,2,"Slightly barred with bright blue clouds, ring-shaped central region, and VV rows",08h 27m 42s,126.93,21° 28'' 44''',21.48,Cnc,, ,UGC4414,12.3,23.2,45°
Vela Highway,,,Neb,SNR,,80,800,20,4,Intersecting SNR filaments of OIII and HII,08h 30m 00s,127.50,-44° 58'' 18''',-44.97,Vel,Vela Highway & Spur SNR , , ,,,
Abell 27,,,Neb,PN,EHN/hq,1.0,7700,2.1,2,HII-dominant.  No progenitor.  2 pairs of opposing bright regions. Could be bi-polar PN with 2 outflow axes. ,08h 31m 53s,127.97,-32° 06'' 07''',-32.10,Pyx,,K 1-01, ,16.0,,
Arp 058,,,Gal,Spiral,S/g,1.0,500,150,2,"ARP: SMALL HSB COMP - Beautiful grand design spiral with star stream, interacting with companion.",08h 31m 58s,127.99,19° 12'' 00''',19.20,Cnc,, , ,14.2,,50°
Gum 16,,,Neb,Em,SHO,120,820,30,3,Gum 16 includes both the Gum Nebula and Vela SNR,08h 33m 00s,128.25,-44° 06'' 00''',-44.10,Vel,, , ,,,
NGC 2610,,,Neb,PN,BOY/r,1.2,7000,2.5,2,"Small OIII PN offers significant detail, including unusual inner HII signal",08h 33m 23s,128.35,-16° 08'' 57''',-16.15,Hya,, , ,12.7,,
NGC 2613,,,Gal,Floc,m,6.0,80,140,3,Flocculent yellow symmetric disk with mottled arms and lack of a central bulge ,08h 33m 23s,128.35,-22° 58'' 23''',-22.97,Pyx,, , ,10.3,21.8,80°
Arp 012,,,Gal,Spiral,SBb/kz,2.0,65,40,2,ARP: SPLIT ARM -  Spiral galaxy with VV rows and a fake double core.,08h 35m 17s,128.82,28° 28'' 00''',28.47,Cnc,,NGC 2608, ,12.3,22.5,55°
NGC 2626,,,Neb,Refl,,20,3200,20,2,Attractive pairing of blue reflection nebula with dark clouds,08h 35m 32s,128.88,-40° 40'' 18''',-40.67,Vel,, , ,,,
NGC 2627,,,Stars,OC,III-2-60,11,6000,20,2,Arrowhead shape of open cluster with similar brightnesses,08h 37m 18s,129.33,-29° 57'' 00''',-29.95,Pup,, , ,8.4,,
Vela Bridge,,,Neb,SNR,,60,800,15,4,The brightest main section of the Vela SNR,08h 37m 39s,129.41,-42° 59'' 21''',-42.99,Vel,Vela Bridge SNR, , ,,,
Arp 243,,,Gal,Merger,III/xy,0.55,300,50,2,ARP: FISSION - Pair of interacting galaxies with bridge and dual long tails,08h 38m 23s,129.60,25° 45'' 00''',25.75,Cnc,,NGC 2623, ,13.4,22.7,
Gum 14,,,Neb,Em,HII,140,4000,170,2,"Emission, reflection and dust lane components",08h 39m 10s,129.79,-40° 25'' 00''',-40.42,Vel,,RCW27, ,,,
Vela SNR,,,Neb,SNR,,300,800,70,5,"Showcase object, large SNT with vivid shock fronts",08h 40m 02s,130.01,-44° 56'' 55''',-44.95,Vel,Vela SNR, , ,,,
Abell 29,,,Neb,PN,ARY/q,6.0,3600,6.0,2,Outer HII rim. Inner section stronger in OIII. 18.2 mag blue central star. Bright regions at 4 & 10 o'clock.,08h 40m 14s,130.06,-20° 53'' 41''',-20.89,Pyx,, , ,14.0,,
IC 2391,,,Stars,OC,II-3-30,70,500,11,2,Moving 30 star open cluster named after its biggest star,08h 40m 18s,130.08,-52° 55'' 00''',-52.92,Vel,Omicron Velorum  ,Caldwell85, ,2.6,,
M 044,,,Stars,OC,II-2-1000,118,600,20,3,3rd brightest Messier object and one of the nearest,08h 40m 24s,130.10,19° 40'' 00''',19.67,Cnc,"Beehive Cluster, Praesepe, Manger Cluster",NGC 2632, ,3.7,,
Abell 28,,,Neb,PN,AHY/i,8.0,1250,3.0,1,Extremely dim and large. HII-dominant. Brilliant blue progenitor.  Concentric set of arcs at lower right.,08h 41m 35s,130.40,58° 13'' 54''',58.23,UMa,, , ,14.0,,
Arp 089,,,Gal,Merger,I,5.0,100,150,3,"ARP: LARGE HSB COMP - Fantastic pair with nice color contrast, disk warping and interaction.",08h 42m 48s,130.70,14° 16'' 00''',14.27,Cnc,,NGC 2648, ,11.8,21.9,
Gum 15,,,Neb,Em,HII,20,3000,18,3,"Complex nebula texture, ionized by HD74804",08h 43m 52s,130.97,-41° 14'' 39''',-41.24,Vel,,RCW32,"Gum17,Collinder197",,,
Vela Twin Crescents,,,Neb,SNR,,80,800,20,4,"One of the dimmer SNR sections, this includes 2 arcs of OIII nebulosity",08h 44m 00s,131.00,-44° 56'' 19''',-44.94,Vel,Vela Twin Crescents & Bypass SNR, ,NGC2659,,,
Hickson 035,,,Gal,Group,6,2.2,740,500,2,All 6 galaxies at same distance.,08h 45m 19s,131.33,44° 31'' 18''',44.52,Lyn,,, ,12.4,22.7,
NGC 2665,,,Gal,Spiral,SBa/loz,2.0,80,50,2,Barred spiral with barlense core and outer pseudo-ring,08h 46m 01s,131.50,-19° 18'' 11''',-19.30,Hya,, , ,12.2,22.2,50°
Abell 30,,,Neb,PN,SOY/f,2.0,7000,4.0,3,"Central star easily seen.  Interesting OIII emissions seen in inner region, forming pinwheel-type patterns.",08h 46m 54s,131.73,17° 52'' 33''',17.88,Cnc,, , ,13.0,,
UGC 04599,,,Gal,Ellip,r,2.0,90,50,1,Elliptical galaxy surrounding by faint circular ring,08h 47m 42s,131.93,13° 25'' 09''',13.42,Cnc,, , ,14.0,,
Arp 080,,,Gal,Spiral,SBb/gz,1.8,90,50,2,"ARP: LARGE HSB COMP -  Grand design spiral with bright core and star clouds, with no companion.",08h 48m 06s,132.03,74° 05'' 00''',74.08,Cam,,NGC 2633, ,12.2,22.5,55°
Kohoutek 2-15,,,Neb,Em,HII,1.0,6800,2.0,1,A HII region and not a PN,08h 48m 39s,132.16,-42° 53'' 54''',-42.90,Vel,, , ,12.0,,
NGC 2654,,,Gal,Spiral,SBab/dlpz,4.0,100,120,2,Edge-on view revealing peanut shaped (X-shaped) barlens core,08h 49m 12s,132.30,60° 13'' 14''',60.22,UMa,, , ,11.8,21.8,85°
Arp 167,,,Gal,Merger,II,1.5,200,90,2,"ARP: DIFFUSE COUNTER-TAILS - Pair of ellipticals with some distortion, likely are interacting.",08h 49m 24s,132.35,19° 04'' 00''',19.07,Cnc,,NGC 2673, ,12.7,22.8,
Arp 007,,,Gal,Spiral,SB/z,1.1,240,80,1,ARP: SPLIT ARM -  Face-on spiral with a potential companion at the end of one arm.,08h 50m 17s,132.57,-16° 34'' 00''',-16.57,Hya,, , ,14.5,,60°
Gum 17,,,Neb,Em,HII,100,3000,90,2,"Large HII region, ionized by HD75759",08h 51m 00s,132.75,-42° 08'' 00''',-42.13,Vel,,RCW33,"Gum15,K2-15",,,
M 067,,,Stars,OC,II-2-500,25,2900,20,3,Oldest Messier open cluster,08h 51m 18s,132.83,11° 48'' 00''',11.80,Cnc,King Cobra Cluster  ,NGC 2682, ,6.9,,
Arp 257,,,Gal,Merger,II,1.1,150,50,2,"ARP: CLUMPS - Interacting blue pair with faint bridge, complex streams and star clouds.",08h 51m 38s,132.91,-02° 21'' 00''',-2.35,Hya,, , ,15.0,,
Gum 18,,,Neb,Em,HII,15,5900,25,2,Located just west of the Vela Spiral Flame SNR,08h 51m 48s,132.95,-43° 51'' 00''',-43.85,Vel,,RCW35,Spiral Flame,,,
NGC 2683,,,Gal,Floc,,9.0,30,80,3,Multiple concentric ragged dust lanes on the lower right side of the core,08h 52m 42s,133.18,33° 25'' 14''',33.42,Lyn,UFO Galaxy  , , ,9.8,21.8,79°
NGC 2681,,,Gal,Lent,SB0/flrz,3.0,54,50,3,Unique galaxy with unusual color and 4 bars,08h 53m 33s,133.39,51° 18'' 49''',51.31,UMa,, , ,11.0,21.8,0°
IC 0520,,,Gal,Spiral,Sab,2.3,170,120,2,Graceful faint spiral with delicate arms that extend out 2 revolutions,08h 53m 42s,133.43,73° 29'' 27''',73.49,Cam,, , ,11.7,21.7,25°
Arp 195,,,Gal,Merger,II/uy,0.60,750,125,3,"ARP: EJECTED MATERIAL - Small galaxy triplet with long extended 200,000 ly tail",08h 53m 50s,133.46,35° 08'' 00''',35.13,Lyn,Grasshopper Galaxy (2 of 2), , ,14.5,,
Abell 31,,,Neb,PN,ARY/o,15,1800,8.0,4,Largest Abell PN with blue central star and HII rim.,08h 54m 13s,133.55,08° 53'' 59''',8.90,Cnc,,Sh2-290,IC 523,12.0,,
Vela Spiral Flame,,,Neb,SNR,,60,800,15,4,Spiraling helical length of twisting OIII filaments.,08h 54m 21s,133.59,-43° 50'' 43''',-43.85,Vel,Vela Spiral Flame SNR, , ,,,
NGC 2684 Group,,,Gal,Group,7,16,140,700,2,"Highlight of group is NGC 2684, which has a strange and unique disk structure",08h 54m 54s,133.73,49° 09'' 37''',49.16,UMa,, , ,12.9,21.3,
Gum 21,,,Neb,Em,HII,16,6500,30,2,Includes both the WR14 nebula and portions of the Gum nebula,08h 54m 59s,133.75,-47° 35'' 00''',-47.58,Vel,,WR14, ,,,
Arp 336,,,Gal,Polar,,4.3,40,50,4,ARP: MISC. - Showcase Seyfert polar ring galaxy with dust lanes and good color.,08h 55m 35s,133.90,58° 44'' 02''',58.73,UMa,Helix Galaxy  ,NGC 2685, ,12.7,22.6,
Arp 225,,,Gal,Lent,SB0/hz,5.0,80,130,2,ARP: AMORPHOUS ARMS - Lenticular Seyfert galaxy with lovely asymmetric dust lanes and star streams,08h 55m 38s,133.91,78° 13'' 00''',78.22,Cam,,NGC 2655, ,10.1,22.1,20°
Gum 19,,,Neb,Em,HII,4.0,22000,25,2,"Ionized by V391Velorum, nebula has unusual sharp dark top edge",08h 56m 28s,134.12,-43° 05'' 58''',-43.10,Vel,,RCW34, ,,,
NGC 2713,,,Gal,Spiral,SBab/z,3.5,220,230,3,"Nice pairing with NGC2716.  Wonderfully detailed disk structure, especially star formation in the outer rim.",08h 57m 21s,134.34,02° 55'' 15''',2.92,Hya,, ,NGC 2716,11.8,22.4,70°
Kohoutek 1-02,,,Neb,PN,POY/jy,1.8,9000,5.0,3,OIII-dominated PN with rare visible bi-polar jet from progenitor,08h 57m 48s,134.45,-28° 36'' 00''',-28.60,Pyx,, , ,15.3,,
UGC 04703,,,Gal,Merger,I,0.50,170,24,2,"Pair of faint galaxies connected by 80,000 ly bridge",08h 58m 25s,134.60,06° 20'' 05''',6.33,Hya,, , ,17.0,,
II Hz 4,,,Gal,Coll,,0.50,600,90,3,Collisional ring galaxy with likely disrupter still visible,08h 58m 33s,134.64,37° 05'' 11''',37.09,Lyn,, , ,14.5,,
NGC 2718,,,Gal,Spiral,SBab/z,2.0,190,120,2,"Odd inner region, with asymmetric long bar",08h 58m 50s,134.71,06° 17'' 34''',6.29,Hya,, , ,14.2,22.2,15°
Sh2-312,,,Neb,Em,HII,300,u,u,3,Huge HII region with sharp northern boundary,08h 59m 00s,134.75,-24° 46'' 12''',-24.77,Mon,, , ,,,
Gum 20,,,Neb,Em,HII,5.0,2300,3.7,2,HII region that is part of the Vela Molecular Ridge,08h 59m 02s,134.76,-43° 44'' 10''',-43.74,Vel,,RCW36, ,,,
Gum 22,,,Neb,Em,HII,10,u,u,2,"Gum 22 is a subset of Gum 23, the brightest part of the nebula just below & left of center.  ",08h 59m 06s,134.78,-47° 30'' 00''',-47.50,Vel,,RCW38,Gum 23,,,
Gum 23,,,Neb,Em,HII,60,5500,95,2,Complex of southern HII regions,08h 59m 42s,134.93,-47° 27'' 00''',-47.45,Vel,,RCW38,Gum 22,,,
Arp 202,,,Gal,Merger,II,1.3,165,70,2,ARP: EJECTED MATERIAL - Pair of odd bright blue interacting galaxies.,09h 00m 15s,135.06,35° 43'' 00''',35.72,Lyn,,NGC 2719, ,14.0,20.8,
NGC 2736,,,Neb,SNR,,40,800,10,4,"Nicknamed Herschel’s Ray after its discoverer, John Herschel, who described it as “an extraordinary long narrow ray of excessively feeble light”.",09h 00m 16s,135.07,-45° 56'' 54''',-45.95,Vel,"Pencil Nebula, Herschel's Ray Nebula", , ,,,
UGC 04722,,,Gal,Spiral,S/dsw,1.6,75,35,2,Disturbed galaxy with no nearby companion,09h 00m 24s,135.10,25° 36'' 41''',25.61,Cnc,, , ,14.0,,87°
NGC 2724,,,Gal,Spiral,SBc/z,1.7,150,80,2,"Complex structure with asymmetric barred core and ansae, and star forming regions throughout disk",09h 01m 02s,135.26,35° 45'' 44''',35.76,Lyn,, , ,13.6,23.4,50°
Gum 25,,,Neb,Em,HII,10,6000,18,3,Brilliant HII region with bright areas and dark dust lanes,09h 02m 18s,135.58,-48° 41'' 00''',-48.68,Vel,,RCW40, ,,,
Arp 287,,,Gal,Spiral,SBb/z,1.2,115,40,2,"ARP: WIND EFFECTS - Galaxy with companion, bridge, and start of star stream tail",09h 02m 38s,135.66,25° 56'' 00''',25.93,Cnc,,NGC 2735, ,13.3,21.4,80°
Gum 24,,,Neb,Em,HII,40,10000,120,2,"Fascinating HII emission nebula with dark circular ""holes""",09h 02m 42s,135.68,-48° 20'' 00''',-48.33,Vel,,RCW38, ,,,
IC 2431,,,Gal,Merger,III,0.60,700,120,2,Merger of 3 spiral galaxies with star clouds and dust lanes,09h 04m 35s,136.15,14° 35'' 41''',14.59,Cnc,, , ,14.0,21.0,
NGC 2744,,,Gal,Merger,IV,1.0,160,50,2,"Late stage merger with significant disturbance, blue color, coalesced core, and long faint star stream",09h 04m 39s,136.16,18° 27'' 50''',18.46,Cnc,, , ,13.5,22.8,
NGC 2750,,,Gal,Spiral,Sc/k,2.0,120,75,2,"Disturbed triangle-like structure, with VV rows and star clusters",09h 05m 48s,136.45,25° 26'' 12''',25.44,Cnc,, , ,11.9,22.2,40°
NGC 2742,,,Gal,Spiral,Sc,3.0,70,60,2,Spiral with distinct arm structure and many arms,09h 07m 34s,136.89,60° 28'' 46''',60.48,UMa,, , ,11.4,21.9,70°
NGC 2715,,,Gal,Spiral,SBc/kz,4.0,60,70,3,"Disk appears in glorious detail, especially the blue star clouds",09h 08m 06s,137.03,78° 05'' 08''',78.09,Cam,One Heavy Arm Galaxy  , , ,11.5,22.3,70°
AbellG 0754,,,Gal,Cluster,90,50,800,11000,2,This object is believed to be 2 colliding galaxy clusters and one of the biggest objects in the universe.,09h 08m 50s,137.21,-09° 39'' 12''',-9.65,Hya,, , ,15.2,,
Hickson 036,,,Gal,Group,4,1.9,180,100,2,All 4 galaxies are spirals.  a is a beautiful double ring galaxy.,09h 09m 24s,137.35,15° 47'' 44''',15.80,Cnc,,, ,12.5,22.5,
NGC 2775,,,Gal,Floc,mr,5.0,66,100,3,Complex structure with 6 different types of concentric circular regions,09h 10m 20s,137.58,07° 02'' 16''',7.04,Cnc,Black-browed Galaxy,Caldwell48, ,10.5,21.8,25°
NGC 2768,,,Gal,Ellip,E6,6.0,75,135,2,Bright elliptical,09h 11m 37s,137.90,60° 02'' 13''',60.04,UMa,, , ,9.9,22.6,
PGC 0025926,,,Gal,Spiral,S/d,5.0,110,150,2,Large edge-on galaxy with bright core region,09h 11m 54s,137.98,-20° 07'' 03''',-20.12,Hya,, , ,14.0,,90°
NGC 2808,,,Stars,GC,I,7.0,31000,65,4,"A massive, extremely concentrated globular cluster of over 1 million stars",09h 12m 00s,138.00,-64° 52'' 00''',-64.87,Car,,Melotte95, ,6.2,,
Hickson 037,,,Gal,Group,5,3.2,310,320,2,All 5 galaxies at same distance. View also includes 2 nearby bright blue star pairs.,09h 13m 36s,138.40,30° 00'' 51''',30.01,Cnc,,, ,11.5,22.7,
Arp 215,,,Gal,Spiral,SBa/nuz,3.7,130,150,2,"ARP: LOOPS -  merger in process, with double core, bright star clusters, and long tail.",09h 14m 05s,138.52,40° 06'' 00''',40.10,Lyn,,NGC 2782, ,11.6,22.8,20°
Arp 055,,,Gal,Merger,III/u,0.70,500,100,3,ARP: SMALL HSB COMP. - Fascinating merging galaxies with companion nearby.,09h 16m 00s,139.00,44° 21'' 00''',44.35,Lyn,Grasshopper Galaxy (1 of 2), , ,14.9,,
NGC 2818,,,Neb,PN,BRN,2.0,10000,6.0,4,Bipolar nebula with HII rim and OIII interior,09h 16m 01s,139.00,-36° 37'' 37''',-36.63,Pyx,, ,"NGC2820, 2814",11.2,,
NGC 2811,,,Gal,Spiral,SBa/z,2.5,90,70,2,"Medium sized spiral galaxy in Hydra, with diffuse disk",09h 16m 18s,139.08,-16° 18'' 00''',-16.30,Hya,, , ,11.3,20.9,75°
NGC 2793,,,Gal,Coll,,1.0,80,25,3,"Amazing collisional ring - rectangular offset core, surrounded by a diffuse disk which contains half of a star cloud ring",09h 16m 46s,139.19,34° 25'' 55''',34.43,Lyn,, , ,13.0,21.9,
Arp 283,,,Gal,Pair,,2.4,85,60,2,ARP: INFILL & ATTRACTION - Pair of likely interacting galaxies with contrasting color and plumes,09h 17m 31s,139.38,41° 59'' 00''',41.98,Lyn,,NGC 2799, ,13.7,22.4,
NGC 2835,,,Gal,Spiral,SBc/gz,7.0,35,70,3,Grand spiral with blue star clouds and many arms,09h 17m 53s,139.47,-22° 21'' 18''',-22.36,Hya,, , ,10.5,22.9,45°
IC 0529,,,Gal,Spiral,Sc/gk,3.7,100,100,2,"Beautiful grand design spiral with VV rows, bright star clouds and some disturbance",09h 18m 33s,139.64,73° 45'' 34''',73.76,Cam,, , ,11.9,22.3,70°
NGC 2787,,,Gal,Lent,SB0/lz,5.0,25,35,2,Barred lenticular with barlense and ansae,09h 19m 19s,139.83,69° 12'' 11''',69.20,UMa,, , ,12.0,21.4,65°
Arp 315,,,Gal,Group,8,8.0,320,800,2,ARP: GROUPS - Galaxies at the center of Abell 779.  Little disturbance seen.,09h 19m 41s,139.92,33° 44'' 00''',33.73,Lyn,,NGC 2830, ,12.0,21.5,
AbellG 0779,,,Gal,Cluster,30,50,300,4500,2,"Interesting mix of ellipticals and spirals, with good detail.",09h 19m 51s,139.96,33° 46'' 17''',33.77,Lyn,, , ,13.8,,
NGC 2805 Group,,,Gal,Group,4,20,90,550,2,"Group of 4 galaxies, highlighted by the messy LSB galaxy NGC 2805, all with interesting structures",09h 21m 12s,140.30,64° 12'' 47''',64.21,UMa,,, ,14.5,23.5,
NGC 2867,,,Neb,PN,BBN/f,1.2,8500,3.0,2,"Bright central region of this PN, with detail filaments, surrounded by a faint outer ring",09h 21m 24s,140.35,-58° 19'' 00''',-58.32,Car,,Caldwell90, ,9.7,,65°
NGC 2841,,,Gal,Floc,m,8.1,45,105,4,Flocculent with different dust lane brightness on left and right disk halves,09h 22m 03s,140.51,50° 58'' 35''',50.98,UMa,"Radiant Galaxy, Tiger's Eye Galaxy  ", , ,9.2,21.6,70°
IC 2469,,,Gal,Spiral,SBab/z,6.0,76,140,3,"Showy barred spiral, close to edge-on",09h 23m 01s,140.75,-32° 26'' 59''',-32.45,Pyx,, , ,11.1,21.5,80°
Gum 26,,,Neb,Em,HII,7.0,21000,45,3,"Bright HII with many stars, one of the best star forming regions in the sky",09h 24m 00s,141.00,-51° 58'' 00''',-51.97,Vel,,RCW42, ,,,
Arp 285,,,Gal,Pair,g,1.8,130,70,2,ARP: INFILL & ATTRACTION - Likely interacting pair with slight star streams,09h 24m 02s,141.01,49° 12'' 00''',49.20,UMa,,NGC 2854,Arp 1,13.0,21.7,
NGC 2859,,,Gal,Lent,SB0/loz,5.0,70,100,3,"Lenticular with barlense and ansae, as well as inner lens and outer ring",09h 24m 19s,141.08,34° 30'' 47''',34.51,LMi,, , ,10.9,22.7,40°
Arp 001,,,Gal,Spiral,Sc/fg,2.0,240,140,3,ARP: LOW BRIGHTNESS - Galaxy shows no signs of disturbance - just perfectly formed arms and symmetry.,09h 24m 37s,141.15,49° 21'' 00''',49.35,UMa,,NGC 2857,Arp 285,12.3,22.6,0°
NGC 2876,,,Gal,Merger,IV/u,3.0,300,250,2,Galaxy merger with single core and long streams and tails,09h 25m 14s,141.31,-06° 43'' 01''',-6.72,Hya,, , ,14.0,22.6,
Arp 307,,,Gal,Pair,g,2.6,160,120,2,"ARP: DOUBLE GALAXIES - Lovely pair with contrasting structures, may not be interacting",09h 25m 42s,141.43,11° 25'' 00''',11.42,Leo,,NGC 2872, ,11.9,22.2,
Arp 275,,,Gal,Pair,,0.70,240,50,2,ARP: INTERACTING - Likely interacting blue pair with star clouds and plumes,09h 25m 54s,141.48,-12° 00'' 00''',-12.00,Hya,,NGC 2881, ,14.0,21.8,
NGC 2888,,,Gal,Ellip,E3,1.5,110,50,2,Highlight is the strong HII nebula (Sh2-312) surrounding this elliptical galaxy,09h 26m 20s,141.58,-28° 02'' 07''',-28.04,Pyx,, ,Sh2-312,12.6,21.9,55°
NGC 2884,,,Gal,Lent,S0,2.5,238,190,2,"Hydra spiral galaxy with distinct disk structure, with NGC 2889",09h 26m 24s,141.60,-11° 33'' 19''',-11.56,Hya,, ,NGC2889,12.6,22.2,
Gum 27,,,Neb,PN,MRY/c,2.0,6500,4.0,4,Multipolar PN with lobe breakout,09h 27m 03s,141.76,-56° 06'' 21''',-56.11,Vel,Flying Jaw Nebula,NGC 2899, ,11.8,,
IC 2488,,,Stars,OC,II-2-100,18,4250,24,2,Pleasing open cluster in Vela,09h 27m 24s,141.85,-56° 57'' 00''',-56.95,Vel,, , ,7.4,,
Arp 237,,,Gal,Merger,III,2.9,410,370,2,ARP: FISSION - Interesting group highlighted by pair of merging galaxies with 2 close cores.,09h 27m 43s,141.93,12° 17'' 00''',12.28,Leo,,Hickson 38, ,12.5,23.4,
Arp 300,,,Gal,Pair,,0.70,180,35,2,"ARP: DOUBLE GALAXIES - Two close galaxies with interesting structure, may be interacting",09h 27m 50s,141.96,68° 24'' 00''',68.40,UMa,, , ,14.3,,
Hickson 039,,,Gal,Group,4,1.0,980,300,2,"All 4 galaxies are ellipticals. All galaxies at same distance.  2nd dimmest Hickson ""a"" galaxy at 15.1 mag.",09h 29m 29s,142.37,-01° 20'' 40''',-1.34,Hya,,, ,13.9,22.5,
UGC 05055,,,Gal,Spiral,S/f,1.4,360,150,2,Face-on barred galaxy with hexagonal pseudo-ring,09h 30m 12s,142.55,55° 51'' 09''',55.85,UMa,, , ,14.0,,5°
Arp 207,,,Gal,Spiral,S/d,1.2,80,30,2,ARP: EJECTED MATERIAL - Single yellow galaxy obscured by foreground blue star.,09h 31m 06s,142.78,76° 27'' 00''',76.45,Dra,, , ,15.4,,85°
NGC 2903,,,Gal,Spiral,SB/bcgz,12,26,90,3,"Colorful barred spiral galaxy with many pink HII regions, blue star clouds, brown dust lanes and an obscured yellow core.",09h 32m 10s,143.04,21° 30'' 04''',21.50,Leo,Long Arm Galaxy  , , ,9.0,22.4,60°
Arp 232,,,Gal,Lent,S0,3.3,155,150,2,ARP: FISSION - Large lenticular with fascinating dust cloud structures,09h 33m 46s,143.44,10° 09'' 00''',10.15,Leo,,NGC 2911,Arp 137,11.5,21.5,
Arp 137,,,Gal,Lent,SB0/gz,1.0,155,45,2,ARP: ELLIP. EMANATING MATERIAL - Grand design spiral - somewhat distorted.,09h 34m 02s,143.51,10° 06'' 00''',10.10,Leo,,NGC 2914,Arp 232,13.2,21.5,60°
UGC 05101,,,Gal,Merger,IV,0.50,500,80,2,Merged galaxy with single core and star stream loop and tail,09h 35m 52s,143.97,61° 21'' 12''',61.35,UMa,, , ,15.5,,
Arp 221,,,Gal,Merger,II/h,0.80,250,60,2,ARP: AMORPHOUS ARMS - Triple galaxy system with nice color and star streams in different directions.,09h 36m 27s,144.11,-11° 19'' 00''',-11.32,Hya,, , ,14.0,,
NGC 2935,,,Gal,Spiral,SBb/nokz,3.5,100,105,2,"Barred grand design galaxy with outer pseudo-ring, VV rows and an off-center nuclear ring.",09h 36m 45s,144.19,-21° 07'' 42''',-21.13,Hya,, , ,11.3,23.0,35°
Arp 142,,,Gal,Merger,II,2.0,300,170,4,ARP: ELLIP. EMANATING MATERIAL - Beautifully distorted colorful spiral.,09h 37m 45s,144.44,02° 44'' 00''',2.73,Hya,Penguin & Egg Galaxy,NGC 2937, ,13.7,23.0,
NGC 2943 Group,,,Gal,Group,5,25,380,2800,2,"Group of 5 NGC galaxies, highlighted by NGC 2943, a 300,000 ly diameter elliptical",09h 38m 33s,144.64,17° 01'' 53''',17.03,Leo,, , ,12.4,22.4,
Arp 321,,,Gal,Group,6,4.0,310,380,4,Beautiful arrangement of 5 galaxies.  One of 2 smallest Hickson groups in overall size.  All galaxies at same distance.,09h 38m 53s,144.72,-04° 51'' 00''',-4.85,Hya,,Hickson 40, ,11.4,21.2,
Abell 33,,,Neb,PN,SOY/ot,4.0,2500,3.0,4,"Foreground rim star is 7.2 mag star HD 83535.  Progenitor star, just above and right of center, is a double star.",09h 39m 09s,144.79,-02° 48'' 33''',-2.81,Hya,Diamond Ring Nebula (1 of 3), , ,13.0,,
Arp 063,,,Gal,Merger,II,1.0,320,90,2,"ARP: SMALL HSB COMP - Wonderful trio of interacting galaxies, including star streams.",09h 39m 19s,144.83,32° 18'' 00''',32.30,Leo,, ,Arp 129,14.7,,
Arp 129,,,Gal,Merger,II,1.0,320,90,2,"ARP: ELLIPTICAL/SPIRAL PAIR - Interacting pair, with disturbance and star formation in the spiral.",09h 39m 24s,144.85,32° 21'' 00''',32.35,Leo,, ,Arp 63,14.0,,
Frosty Leo,,,Neb,PPN,j,0.50,3000,0.44,2,Bipolar protoplanetary nebula. We have side-on view of the torus. ,09h 39m 54s,144.98,11° 58'' 54''',11.98,Leo,Frosty Leo, , ,,,
IC 2497,,,Gal,Spiral,S,0.70,692,130,2,"Galaxy adjacent to famous Hanny's Voorwerp, green intergalactic cloud that is light echo of former quasar. ",09h 41m 04s,145.27,34° 43'' 34''',34.73,Lmi,Hanny's Voorwerp, , ,15.0,21.9,70°
NGC 2950,,,Gal,Lent,SB0/z,4.5,50,65,2,Lenticular with 4 foreground stars superimposed over the outer disk,09h 42m 35s,145.65,58° 51'' 04''',58.85,UMa,, , ,10.9,21.4,65°
NGC 2974,,,Gal,Lent,S0,3.5,89,90,2,Lenticular near mag 10 bright star,09h 42m 36s,145.65,-03° 43'' 00''',-3.72,Sex,, , ,10.9,21.9,65°
NGC 2964,,,Gal,Spiral,SBbc/z,3.5,57,60,2,Asymmetric spiral with good arm definition,09h 42m 54s,145.73,31° 50'' 51''',31.85,Leo,, ,NGC2968,11.5,,55°
NGC 2968 Pair,,,Gal,Pair,,4.0,80,90,3,"Magnificent dark lane encircling inner region, likely the result of a past merger",09h 43m 12s,145.80,31° 55'' 42''',31.93,Leo,, ,NGC2964,14.2,22.0,50°
Arp 253,,,Gal,Merger,II,1.1,95,30,2,ARP: FISSION - Interacting pair of edge-on galaxies with bridge and blue star clouds. ,09h 43m 24s,145.85,-05° 16'' 00''',-5.27,Sex,, , ,15.0,,
NGC 2983,,,Gal,Lent,SB0/z,3.0,95,80,2,Lenticular with barlense and ansae,09h 43m 41s,145.92,-20° 28'' 39''',-20.48,Hya,, , ,11.8,22.0,70°
Arp 252,,,Gal,Merger,I/xy,0.40,500,55,2,ARP: FISSION - Dual interacting galaxies with bridge and wild long arcing streams.,09h 44m 58s,146.24,-19° 43'' 00''',-19.72,Hya,, , ,15.3,,
Abell 34,,,Neb,PN,SOY/qt,5.0,2400,3.3,2,OIII-dominated.  2 limbs seen at 4 and 11 o'clock. Tiny galaxy seen in rim at 3 o'clock. Central star visible.,09h 45m 35s,146.40,-13° 10'' 14''',-13.17,Hya,, , ,15.0,,
NGC 2997,,,Gal,Spiral,SBc/kz,9.0,40,110,2,Wonderful color and asymmetric 2 arm structure,09h 45m 39s,146.41,-31° 11'' 27''',-31.19,Ant,, , ,9.5,22.7,45°
Arp 245,,,Gal,Merger,II,1.7,100,50,2,ARP: FISSION - Pair of interacting galaxies with bridge and long star streams,09h 45m 42s,146.43,-14° 19'' 00''',-14.32,Hya,,NGC 2992, ,12.2,22.4,
Arp 303,,,Gal,Pair,,1.0,280,90,2,"ARP: DOUBLE GALAXIES - Two close galaxies with nice detail, not likely interacting",09h 46m 20s,146.58,03° 02'' 00''',3.03,Sex,,IC 563, ,14.9,21.4,
NGC 2976,,,Gal,Floc,,5.0,12,18,3,"Dwarf satellite of M81, a jumbled mess of dust lanes, star clouds and HII regions",09h 47m 16s,146.82,67° 54'' 59''',67.92,UMa,, , ,10.2,21.9,60°
NGC 2998,,,Gal,Spiral,SBc/z,2.5,200,140,2,"Group of 5 galaxies is headed up by NGC 2998, a 300,000 ly diameter elliptical",09h 48m 44s,147.18,44° 04'' 52''',44.08,UMa,, , ,12.5,22.8,60°
NGC 3023,,,Gal,Spiral,SBc/z,3.0,90,80,3,"Severely disturbed barred spiral with a blue star cloud, Mrk1236",09h 49m 52s,147.47,00° 37'' 08''',0.62,Sex,, , ,12.3,22.6,50°
NGC 3020,,,Gal,Spiral,SBc/z,4.0,70,80,3,"Heading up a group of 4 galaxies, this galaxy has incredible structure - deformed bar surrounding by bright inner ring, from which emanate numerous short arm fragments",09h 50m 07s,147.53,12° 48'' 48''',12.81,Leo,, , ,11.9,22.4,60°
NGC 2985,,,Gal,Floc,mr,3.5,75,75,3,Lovely broad star forming mid-ring and diffuse outer disk,09h 50m 22s,147.59,72° 16'' 44''',72.28,UMa,, , ,10.4,22.2,20°
EGB 06,,,Neb,PN,ARY/iq,12,2100,8.0,1,Faint ancient PN.  One of the largest PN at 8 light years diameter. ,09h 53m 00s,148.25,13° 45'' 00''',13.75,Leo,, , ,16.0,,
Arp 255,,,Gal,Merger,II,0.70,600,120,2,"ARP: FISSION - Interacting pair with contrasting colors, bridge and tails.",09h 53m 08s,148.28,07° 52'' 00''',7.87,Leo,, , ,14.0,,
NGC 3044,,,Gal,Spiral,SBc/dz,7.0,70,140,3,Fantastic edge-on spiral with odd off-axis star plume,09h 53m 41s,148.42,01° 34'' 45''',1.58,Sex,, , ,11.9,22.1,88°
Arp 292,,,Gal,Spiral,Sa/d,1.0,270,80,2,"ARP: WIND EFFECTS - Edge-on spiral with no ""wind effects"" seen.",09h 54m 33s,148.64,-06° 51'' 00''',-6.85,Sex,,IC 575, ,14.0,21.9,88°
NGC 3049,,,Gal,Spiral,SBab/z,2.5,60,45,3,Tremendously long bar and short stubby arms,09h 54m 50s,148.71,09° 16'' 18''',9.27,Leo,, , ,12.1,22.1,55°
WR 016,,,Neb,Em,WR,10,7500,22,3,Faint intricate spherical HII bubble surrounding WR16,09h 54m 53s,148.72,-57° 43'' 38''',-57.73,Pup,Raspberry Nebula,, ,,,
M 081,,,Gal,Spiral,Sb/g,27,12,92,4,"Magnificent grand design spiral, with blue star clouds and pink HII regions",09h 55m 33s,148.89,69° 03'' 56''',69.07,UMa,Bode's Galaxy,NGC 3031, ,6.9,22.1,60°
M 082,,,Gal,Spiral,Sc,10,12,35,5,"Spectacular showcase starburst galaxy, with dramatic dust lanes and HII regions",09h 55m 53s,148.97,69° 40'' 50''',69.68,UMa,Cigar Galaxy (1 of 2),NGC 3034, ,8.4,21.4,80°
IC 2520,,,Gal,Merger,V,1.0,85,25,3,"Single merged core with starburst activity, HII regions, dust lanes, and no tails",09h 56m 20s,149.08,27° 13'' 40''',27.23,Leo,, , ,13.4,21.2,
Hickson 041,,,Gal,Group,4,4.1,170,210,2,Unusual view of 3 edge-on Hickson spirals plus a 4th faint background edge-on spiral.,09h 57m 40s,149.42,45° 14'' 22''',45.24,UMa,,, ,11.9,23.6,
Arp 174,,,Gal,Merger,II/uy,0.70,300,60,2,"ARP: NARROW COUNTER-TAILS - 2 galaxies with short bridge and long 300,000 ly star stream tail.",09h 58m 38s,149.66,28° 52'' 00''',28.87,Leo,,NGC 3068, ,15.4,23.1,
NGC 3081,,,Gal,Lent,SB0/nrz,2.5,85,60,3,Seyfert double ring double barred spiral with blue star forming mid-region ring,09h 59m 30s,149.88,-22° 49'' 34''',-22.83,Hya,, , ,13.5,22.1,65°
Hickson 042,,,Gal,Group,4,6.0,170,300,2,All 4 galaxies at same distance.  One of the brightest Hickson a galaxies at mag 10.9.,10h 00m 22s,150.09,-19° 38'' 57''',-19.65,Hya,,NGC 3091, ,10.6,23.1,
PGC 0028995,,,Gal,Spiral,SB/rz,1.0,160,50,1,Small barred ring spiral,10h 01m 09s,150.29,-19° 26'' 30''',-19.44,Hya,, , ,15.0,,20°
NGC 3079,,,Gal,Spiral,SBc/dwz,8.0,50,120,3,"Edge-on Seyfert starburst spiral, looking like a colorful turbulent thunderstorm",10h 01m 58s,150.49,55° 40'' 51''',55.68,UMa,, , ,10.9,22.3,85°
PGC 0139235,,,Gal,Coll,,2.0,210,120,2,Amazing collisional ring with core still visible,10h 02m 00s,150.50,-08° 09'' 45''',-8.16,Sex,Sextans Ring Galaxy  , , ,15.0,,
NGC 3114,,,Stars,OC,II-3-80,35,3300,34,3,"Bright open cluster, tough to distinguish from background stars",10h 03m 00s,150.75,-60° 07'' 00''',-60.12,Car,, , ,4.2,,
NGC 3109,,,Gal,Mag,,20,4.0,25,1,Edge-on faint Magellanic blue galaxy,10h 03m 06s,150.78,-26° 09'' 27''',-26.16,Hya,, , ,9.9,23.2,75°
NGC 3077,,,Gal,Ellip,E,6.0,12,20,3,Small nearby disrupted starburst elliptical ,10h 03m 20s,150.83,68° 44'' 02''',68.73,UMa,, , ,9.9,22.1,
Arp 264,,,Gal,Mag,,3.4,25,25,2,ARP: CLUMPS - Likely blue Magellanic galaxy with many blue star clouds ,10h 03m 57s,150.99,40° 45'' 00''',40.75,LMi,,NGC 3104, ,13.2,24.1,
NGC 3110,,,Gal,Spiral,Sb,2.0,235,140,2,"Disturbed barred spiral galaxy, with companion",10h 04m 02s,151.01,-06° 28'' 30''',-6.48,Sex,, , ,12.2,21.0,70°
NGC 3115,,,Gal,Lent,S0/d,9.0,32,85,4,Bright edge-on lenticular galaxy,10h 05m 14s,151.31,-07° 43'' 08''',-7.72,Sex,Spindle Galaxy (2 of 3),Caldwell, ,8.9,20.8,90°
NGC 3124,,,Gal,Spiral,SBbc/z,2.0,165,100,3,Rare case of visual confirmation of counter-rotating inner and outer disks,10h 06m 40s,151.67,-19° 13'' 19''',-19.22,Hya,, , ,12.2,23.1,45°
NGC 3132,,,Neb,PN,MRY/r,1.2,2800,1.0,4,"One of the most spectacular PN in the sky, nicknamed the Southern Ring and the Eight-Burst Nebula",10h 07m 02s,151.76,-40° 26'' 11''',-40.44,Vel,"Eight-burst Nebula, Southern Ring Nebula",Caldwell74, ,9.2,,
Leo 1,,,Gal,Dwarf,,12,1.0,3.6,1,Close dim dwarf galaxy near the bright star Regulus,10h 08m 30s,152.13,12° 18'' 00''',12.30,Leo,, , ,,,
NGC 3195,,,Neb,PN,BRN,0.60,5500,1.0,4,Small bipolar PN with nice detail,10h 09m 24s,152.35,-80° 52'' 00''',-80.87,Cha,,Caldwell109, ,11.6,,
Arp 338,,,Gal,Pair,,0.60,680,130,0,ARP: MISC. - Superposition of 2 unimpressive distant galaxies,10h 10m 59s,152.75,-07° 54'' 00''',-7.90,Sex,, , ,15.8,,
Sextans A,,,Gal,Dwarf,,4.0,4.3,5.0,3,Square shaped dwarf galaxy with HII regions,10h 11m 01s,152.75,-04° 41'' 30''',-4.69,Sex,, , ,11.9,,
Hickson 043,,,Gal,Group,5,3.5,470,500,2,All 5 galaxies at same distance.  Some disturbance seen.,10h 11m 14s,152.81,-00° 01'' 54''',-0.03,Sex,,, ,12.4,23.7,
NGC 3162,,,Gal,Spiral,SB/bcz,3.2,85,80,2,Barred spiral with 1 strong arm and other signs of disk disturbance,10h 13m 32s,153.38,22° 44'' 15''',22.74,Leo,, , ,11.6,22.6,20°
NGC 3166,,,Gal,Lent,SB0/z,5.5,50,80,3,Bright barred core and unique bright arm of the inner region which wraps around the core.,10h 13m 45s,153.44,03° 25'' 30''',3.43,Sex,, ,NGC3169,10.4,21.8,65°
Shakhbazian 049,,,Gal,Cluster,15,12,320,1200,3,"One of my favorite clusters, numerous bright galaxies with detail",10h 13m 51s,153.46,38° 45'' 53''',38.76,LMi,,NGC3158, ,11.9,22.2,
NGC 3169,,,Gal,Spiral,Sa,5.5,50,80,3,"Small bright core, large central bulge and wide dust lanes silhouetted against the core.",10h 14m 15s,153.56,03° 28'' 02''',3.47,Sex,, ,NGC3166,10.2,21.7,80°
NGC 3199,,,Neb,Em,WR,20,12000,70,3,Ring of Wolf-Rayet nebula with brighter yellow arc,10h 16m 33s,154.14,-57° 56'' 00''',-57.93,Pup,Banana Nebula,"Gum28, WR18", ,,,
NGC 3147,,,Gal,Spiral,S/m,3.8,130,140,3,Splendid Seyfert face-on spiral with blue star clouds and arms which break up and become diffuse in the outer disk,10h 16m 53s,154.22,73° 24'' 02''',73.40,Dra,, , ,10.6,22.2,15°
NGC 3201,,,Stars,GC,X,18,17000,90,3,Arrowhead like core of this concentrated globular cluster,10h 17m 37s,154.40,-46° 24'' 45''',-46.41,Vel,,Caldwell79, ,6.9,,
Arp 316,,,Gal,Group,4,12,60,220,4,"Largest group in areal extent, second closest, second brightest, and most beautiful.",10h 18m 06s,154.53,21° 49'' 00''',21.82,Leo,,"Hickson 44,NGC 3189", ,9.3,24.0,
NGC 3184,,,Gal,Spiral,SBc/fkz,7.0,30,60,3,"Similar to M101 (Pinwheel Galaxy), but twice as far away",10h 18m 17s,154.57,41° 25'' 27''',41.42,UMa,Little Pinwheel  , , ,9.8,22.8,5°
NGC 3193,,,Gal,Ellip,E,2.6,110,85,2,"Elliptical, part of Arp 316",10h 18m 25s,154.60,21° 53'' 38''',21.89,Leo,,,Arp316,10.9,,
Hickson 045,,,Gal,Group,4,3.4,1020,1000,2,"All 4 galaxies at same distance - 1 bly.  'a' is the largest Hickson galaxy in actual size at 290,000 ly diameter.",10h 19m 11s,154.80,59° 06'' 35''',59.11,UMa,,, ,13.5,24.8,
NGC 3198,,,Gal,Spiral,SBc/z,10,50,140,3,Small core and bar.  Mottled dust areas and arms which wispfully extend out from center,10h 19m 55s,154.98,45° 33'' 00''',45.55,UMa,, , ,10.3,22.7,75°
NGC 3205 Trio,,,Gal,Trio,,1.5,330,140,1,Trio of small galaxies in Ursa Major,10h 20m 50s,155.21,42° 58'' 17''',42.97,UMa,, , ,13.3,22.5,
NGC 3228,,,Stars,OC,I-1-25,5.0,1600,2.2,2,"One of the earliest southern DSOs, predating the Messier list",10h 21m 22s,155.34,-51° 43'' 42''',-51.73,Vel,Queen's Cache Cluster   , , ,6.0,,
NGC 3223,,,Gal,Spiral,Sb,3.0,110,100,2,Hazy disk of this unremarkable galaxy,10h 21m 35s,155.40,-34° 16'' 00''',-34.27,Ant,, , ,11.0,22.2,50°
Hickson 046,,,Gal,Group,4,3.6,380,400,2,All 4 galaxies are ellipticals and are at same distance. b and c are interacting.,10h 22m 02s,155.51,17° 48'' 54''',17.82,Leo,,, ,12.3,23.7,
NGC 3221,,,Gal,Spiral,SBc/dz,2.9,180,150,2,Faint star streams connecting this edge-on spiral to companion galaxies,10h 22m 20s,155.58,21° 34'' 06''',21.57,Leo,, , ,13.1,22.7,83°
NGC 3226,,,Gal,Merger,II,4.0,50,60,2,Elliptical companion to Arp 94,10h 23m 27s,155.86,19° 53'' 55''',19.90,Leo,,,Arp94,13.3,,
Arp 094,,,Gal,Merger,II,4.0,50,60,3,ARP: ELLIPTICAL COMP - Nance M51-type pair.  Mottled spiral with distinct arms.,10h 23m 31s,155.88,19° 51'' 54''',19.87,Leo,,NGC 3227,NGC 3226,10.3,22.3,
NGC 3247,,,Neb,Em,HII,25,26000,200,4,HII nebula surrounding partially hidden open cluster,10h 23m 54s,155.98,-57° 45'' 00''',-57.75,Car,Whirling Dervish Nebula,"Gum29,RCW49",Westerlund 2,7.6,,
Arp 043,,,Gal,Spiral,SBbc/lz,2.0,260,150,2,ARP: LSB COMPANION - Strong bar with inner ring and no companion.,10h 24m 15s,156.06,16° 44'' 00''',16.73,Leo,,IC 607,Arp 263,14.0,22.1,30°
UGC 05609 Pair,,,Gal,Pair,,1.6,130,60,1,Pair of Magellan galaxies without much interaction,10h 24m 22s,156.09,78° 36'' 32''',78.61,Dra,, ,UGC5600,,,
NGC 3242,,,Neb,PN,EOY/r,1.0,4000,1.1,4,"Bright OIII PN, likely bipolar, with visible progenitor",10h 24m 46s,156.19,-18° 38'' 34''',-18.64,Hya,"Ghost of Jupiter Nebula, CBS Eye Nebula  ",Caldwell, ,7.7,,
Arp 263,,,Gal,Mag,,5.0,25,40,2,"ARP: CLUMPS - Irregular galaxy with blue star clouds, HII regions, and large plumes",10h 25m 05s,156.27,17° 09'' 00''',17.15,Leo,,NGC 3239,Arp 43,11.3,23.1,
Arp 044,,,Gal,Spiral,SBbc/z,1.5,230,100,2,ARP: LSB COMPANION - Beautiful disturbed galaxy with 2 rings and no likely companion.,10h 25m 32s,156.38,-02° 13'' 00''',-2.22,Sex,,IC 609, ,13.3,22.1,60°
Hickson 047,,,Gal,Group,4,2.3,450,280,2,All 4 galaxies at same distance.  Small size and a beautiful group.,10h 25m 48s,156.45,13° 43'' 54''',13.73,Leo,,, ,12.5,22.9,
IC 2581,,,Stars,OC,I-3-60,8.0,7400,18,2,Open cluster with large brightness mix,10h 27m 00s,156.75,-57° 38'' 00''',-57.63,Car,, , ,4.3,,
NGC 3245,,,Gal,Lent,S0,3.2,70,70,2,Lenticular in Leo Minor with striking dust band across the core,10h 27m 18s,156.83,28° 30'' 00''',28.50,LMi,, , ,10.8,21.5,70°
NGC 3256,,,Gal,Merger,V,2.0,125,75,2,Late stage merger with single core and swirling dust bands,10h 27m 51s,156.96,-43° 54'' 20''',-43.91,Vel,, , ,11.5,22.5,
IC 2574,,,Gal,Dwarf,,13,12,50,2,Dim nearby dwarf galaxy with star clouds and HII regions,10h 28m 22s,157.09,68° 24'' 49''',68.41,UMa,Coddington's Nebula, , ,10.8,23.7,
Arp 181,,,Gal,Pair,,1.1,450,140,1,ARP: NARROW FILAMENTS - Pair of face-on galaxies in contrasting colors and long star streams. ,10h 28m 41s,157.17,79° 48'' 00''',79.80,Dra,,NGC 3215, ,13.1,22.0,
NGC 3261,,,Gal,Spiral,SBbc/fgkz,3.2,110,100,2,Barred grand spiral with VV rows and HII regions,10h 29m 02s,157.26,-44° 39'' 26''',-44.66,Vel,, , ,11.2,22.4,10°
NGC 3254,,,Gal,Spiral,Sbc/m,5.0,120,175,2,Large Seyfert spiral with some disturbance in the outer disk,10h 29m 20s,157.33,29° 29'' 30''',29.49,LMi,, , ,11.7,22.7,75°
NGC 3269 Group,,,Gal,Group,4,10,110,320,2,"Northern half of Antlia Cluster, the 3rd closest cluster system to earth",10h 29m 57s,157.49,-35° 13'' 27''',-35.22,Ant,, , ,12.2,22.1,
Spider Cirrus Nebula,,,Neb,Mol Cld,,200,1200,70,1,Extremely dim molecular cloud with odd shapes,10h 32m 13s,158.05,73° 14'' 25''',73.24,UMa,Spider Cirrus Nebula, , ,,,
Arp 233,,,Gal,BCD,,1.0,80,25,2,ARP: FISSION - Blue compact dwarf with signs of polar ring formation,10h 32m 32s,158.13,54° 24'' 00''',54.40,UMa,, , ,13.4,,
NGC 3277,,,Gal,Lent,S0/f,2.3,80,55,2,Lenticular with visible winding dust lanes in the inner region,10h 32m 54s,158.23,28° 31'' 00''',28.52,LMi,, , ,11.7,21.8,5°
Kohoutek 1-28,,,Neb,PN,SOY,1.0,6600,2.0,1,Faint PN with progenitor.  Bright rim arc at 11 o'clock ,10h 34m 30s,158.63,-29° 07'' 00''',-29.12,Hya,, , ,16.0,,
Arp 053,,,Gal,Spiral,SBbc/z,1.0,486,140,2,ARP: SMALL HSB COMP. - Nice detail visible for such a distant galaxy.  2 possible companions seen.,10h 35m 17s,158.82,-17° 16'' 00''',-17.27,Hya,,NGC 3290, ,14.5,21.5,65°
NGC 3293,,,Stars,OC,I-3-85,6.0,8400,15,4,One of the best southern open clusters,10h 35m 48s,158.95,-58° 13'' 00''',-58.22,Pup,"Gem Cluster, Pendant Cluster", , ,4.7,,
Gum 30,,,Neb,Em,HII,30,8000,75,3,Striking nebula-cluster combination,10h 35m 53s,158.97,-68° 14'' 00''',-68.23,Pup,Eye of Horus Nebula, , ,,,
NGC 3294,,,Gal,Spiral,Sc,4.0,100,120,2,Mottled arms and several visible faint HII regions,10h 36m 16s,159.07,37° 19'' 28''',37.32,LMi,, , ,11.0,22.5,60°
Arp 267,,,Gal,Mag,,1.6,30,15,2,"ARP: CLUMPS - Likely Magellanic galaxy, small and dim with comet-like shape",10h 36m 42s,159.18,31° 32'' 00''',31.53,LMi,, , ,15.0,,
AbellG 1060,,,Gal,Cluster,50,170,180,9000,3,"Several interesting objects in this field, highlighted by NGC 3312 & 3314.",10h 36m 51s,159.21,-27° 31'' 35''',-27.53,Hya,,NGC 3309, ,12.7,,
Arp 192,,,Gal,Merger,III/u,0.90,300,75,2,"ARP: NARROW FILAMENTS - Pair of merging galaxies, with 2 unique cores and a 300,000 ly tail",10h 36m 59s,159.25,18° 08'' 00''',18.13,Leo,,NGC 3303, ,15.0,23.9,
NGC 3313,,,Gal,Spiral,SBab/fgnz,3.5,170,170,3,"Barred grand spiral multi-ring galaxy, with long bar and nuclear ring core",10h 37m 25s,159.35,-25° 19'' 07''',-25.32,Hya,, , ,12.0,22.9,10°
NGC 3324,,,Neb,Em,HII,20,7200,44,4,Emission nebula just southeast of Eta Carina,10h 37m 42s,159.43,-58° 39'' 01''',-58.65,Pup,Gabriela Mistral Nebula,Gum 31,Eta Carina,,,
Hickson 048,,,Gal,Group,4,5.0,140,200,2,"b and c have interesting structures.48b has blue strong arm extending down out of core, 48c has mid-region ring. ",10h 37m 46s,159.44,-27° 05'' 14''',-27.09,Hya,,, ,11.6,23.7,
Cheshire Cat,,,Gal,Cluster,,0.50,10000,u,1,Faint arcs of light are distant 10 bly away galaxies lensed by a 4.5 bly away galaxy cluster,10h 38m 44s,159.68,48° 49'' 18''',48.82,UMa,Cheshire Cat,Cassowary 02L1, ,,,
Arp 217,,,Gal,Spiral,SBbc/gz,2.0,60,35,2,ARP: LOOPS -  Grand design starburst galaxy with disturbed disk and faint streams.,10h 38m 46s,159.69,53° 30'' 00''',53.50,UMa,,NGC 3310, ,11.2,21.7,20°
NGC 3319,,,Gal,Spiral,SBc/z,7.0,40,80,2,Long bar and fragmented arms for this Seyfert galaxy,10h 39m 10s,159.79,41° 41'' 14''',41.69,UMa,, , ,11.1,23.1,65°
NGC 3332,,,Gal,Lent,S0,1.5,270,120,3,"Faint extended shell out to 400,000 ly diameter",10h 40m 28s,160.12,09° 10'' 57''',9.18,Leo,, , ,13.0,21.8,
NGC 3338,,,Gal,Spiral,Sc/g,5.0,75,110,2,Small unbarred core and flocculent inner region.  2 grand design spiral arms in outer region.  Star clouds throughout ,10h 42m 08s,160.53,13° 44'' 49''',13.75,Leo,, , ,13.0,23.1,55°
Arp 156,,,Gal,Merger,IV/u,0.60,500,90,3,ARP: DISTURBED WITH ABSORPTION -  Disturbed spiral with strong dust lane and extended star streams.,10h 42m 38s,160.66,77° 29'' 00''',77.48,Dra,, , ,14.8,,
NGC 3347,,,Gal,Spiral,SBb/z,4.0,140,160,3,Odd asymmetric core.  2 graceful outer spiral arms.  Nice pairing with NGC 3358,10h 42m 47s,160.70,-36° 21'' 09''',-36.35,Ant,, ,NGC3358,11.3,22.3,78°
Arp 291,,,Gal,Mag,,1.3,60,25,2,ARP: WIND EFFECTS - Typical Magellan galaxy,10h 42m 48s,160.70,13° 27'' 00''',13.45,Leo,, , ,14.0,,
IC 2602,,,Stars,OC,II-3-75,100,500,15,5,Similar to Pleiades but without the blue reflection nebulosity,10h 42m 54s,160.73,-64° 24'' 00''',-64.40,Car,"Southern Pleiades,Theta Carinae ",Caldwell102, ,1.6,,
NGC 3344,,,Gal,Spiral,SBbc/fz,6.9,35,75,3,"Slightly barred galaxy with the appearance of many arms, several foreground stars",10h 43m 31s,160.88,24° 55'' 20''',24.92,LMi,, , ,9.9,22.8,10°
NGC 3358,,,Gal,Lent,SB0/z,4.0,140,160,2,Slightly barred galaxy with diffuse outer disk and bright inner region.  Nice pairing with NGC3347,10h 43m 33s,160.89,-36° 24'' 39''',-36.41,Ant,, ,NGC3347,11.4,22.2,70°
NGC 3346,,,Gal,Spiral,SBc/z,3.0,75,65,2,Barred spiral with fragmented arms,10h 43m 39s,160.91,14° 52'' 19''',14.87,Leo,, , ,11.7,22.6,40°
NGC 3372,,,Neb,Em,SHO,120,7200,250,5,Brightest nebula in the sky,10h 43m 48s,160.95,-59° 52'' 00''',-59.87,Car,Eta Carinae,"RCW53,Caldwell92", ,,,
M 095,,,Gal,Spiral,SBb/gnrz,7.0,32,70,3,"Barred spiral galaxy, near M96, with blue star clouds, HII regions, and bright nuclear ring",10h 43m 58s,160.99,11° 42'' 13''',11.70,Leo,,NGC 3351,M96,9.7,22.4,45°
NGC 3356,,,Gal,Spiral,Sbc,3.0,200,180,3,"Fantastic ""tornado"" galaxy shape, very asymmetric",10h 44m 12s,161.05,06° 45'' 31''',6.76,Leo,, ,NGC3349,13.3,22.4,65°
Gum 32,,,Neb,Em,HII,7.0,18000,35,3,Resplendent object with nebulosity arcs and bright stars in an asymmetric yet pleasing arrangement,10h 46m 00s,161.50,-58° 39'' 00''',-58.65,Car,,RCW52, ,,,
NGC 3359,,,Gal,Spiral,SBc/z,7.0,60,120,3,"Beautiful barred spiral, with blue star clouds, pink HII regions,  and 2 strong and slightly disturbed arms",10h 46m 37s,161.65,63° 13'' 25''',63.22,UMa,, , ,10.6,23.1,55°
M 096,,,Gal,Spiral,SBab/grz,8.0,34,80,4,Spiral with blue star-forming ring and dust lane spiraling into core,10h 46m 46s,161.69,11° 49'' 12''',11.82,Leo,,NGC 3368,M95,10.1,22.0,50°
NGC 3370,,,Gal,Spiral,Sc,3.0,100,90,2,Symmetric spiral with many VV rows,10h 47m 04s,161.77,17° 16'' 24''',17.27,Leo,, , ,11.6,21.8,45°
NGC 3377,,,Gal,Ellip,E5,6.0,35,65,2,Bright elliptical in Leo,10h 47m 42s,161.93,13° 59'' 00''',13.98,Leo,, , ,10.4,22.3,
M 105,,,Gal,Ellip,E1,5.0,37,55,2,"Featureless slightly oblong elliptical galaxy, part of Leo galaxy Trio",10h 47m 50s,161.96,12° 34'' 55''',12.58,Leo,Leo Galaxy Trio,NGC 3379, ,9.8,21.7,
NGC 3384,,,Gal,Lent,SB0/z,6.0,32,60,2,"Lenticular with few features, part of M105 trio",10h 48m 17s,162.07,12° 37'' 46''',12.63,Leo,M105 Trio, , ,9.9,21.6,
NGC 3389,,,Gal,Spiral,Sc,3.0,75,65,2,"Disturbed spiral, part of M105 trio",10h 48m 28s,162.12,12° 31'' 59''',12.53,Leo,M105 Trio, , ,11.9,22.1,65°
Arp 270,,,Gal,Merger,II,2.0,90,50,2,ARP: CONNECTED ARMS - Pair of interacting blue galaxies with bridge and star clouds,10h 49m 56s,162.48,32° 59'' 00''',32.98,LMi,,NGC 3395,NGC3396,12.0,22.1,
NGC 3412,,,Gal,Lent,SB0/z,3.8,35,40,1,Small featureless barred lenticular,10h 50m 54s,162.73,00° 13'' 25''',0.22,Leo,, , ,10.5,21.5,
NGC 3423,,,Gal,Spiral,Sc/f,4.0,60,70,2,Faint face-on spiral with star clouds and HII regions,10h 51m 14s,162.81,05° 50'' 24''',5.84,Sex,, , ,12.0,22.6,10°
Arp 162,,,Gal,Lent,SB0/dz,2.5,80,60,2,ARP: DIFFUSE FILAMENTS - Lenticular galaxy with spherical halo and bright disk.,10h 51m 16s,162.82,27° 58'' 00''',27.97,LMi,,NGC 3414, ,12.0,22.2,85°
PGC 0032550,,,Gal,Spiral,S/d,3.4,85,90,2,Edge-on spiral with slightly warped disk,10h 51m 25s,162.85,-19° 53'' 20''',-19.89,Hya,, , ,13.5,,88°
NGC 3433,,,Gal,Spiral,Sc/gk,3.5,130,130,2,"Face-on grand spiral with 2 graceful arms spiraling out from the core, with VV rows",10h 52m 04s,163.02,10° 08'' 53''',10.15,Leo,, , ,11.6,22.9,35°
NGC 3430 Pair,,,Gal,Pair ,,4.5,100,130,2,"Along with NGC3424, a nice pair of blue spiral galaxies",10h 52m 11s,163.05,32° 57'' 02''',32.95,LMi,, ,NGC 3424,11.6,22.7,
Arp 107,,,Gal,Merger,II,2.0,500,300,2,"ARP: ELLIPTICAL/SPIRAL PAIR - Two large galaxies merging, with looping star streams and a bridge.",10h 52m 18s,163.08,30° 04'' 00''',30.07,LMi,, , ,14.6,,
Arp 206,,,Gal,Spiral,SBc/dz,6.2,40,70,2,ARP: EJECTED MATERIAL - Pair of interacting galaxies with many bright blue star clouds,10h 52m 31s,163.13,36° 37'' 10''',36.62,LMi,Knitting Needle Galaxy  ,NGC 3432, ,11.3,22.5,86°
NGC 3447,,,Gal,Mag,,4.0,49,60,3,"3 small interacting galaxies, although only 1 white bar is seen",10h 53m 24s,163.35,16° 46'' 20''',16.77,Leo,, , ,13.3,24.4,40°
AbellG 1126,,,Gal,Cluster,60,20,1100,6000,2,Distant cluster is upstaged by the adjacent 3 galaxy merger object NGC 3447.,10h 53m 48s,163.45,16° 50'' 26''',16.84,Leo,, ,NGC 3447,16.0,,
Arp 205,,,Gal,Lent,S0,2.0,80,50,2,"ARP: EJECTED MATERIAL - Pair of likely interacting galaxies, bridged by star clumps",10h 54m 12s,163.55,54° 18'' 00''',54.30,UMa,,NGC 3448, ,11.6,22.8,
NGC 3455 Pair,,,Gal,Pair,d,3.0,90,75,2,"Pair of spiral galaxies in Leo with contrasting blue and yellow colors, not interacting",10h 54m 31s,163.63,17° 17'' 05''',17.28,Leo,, ,NGC 3454,12.0,22.6,
Arp 024,,,Gal,Mag,,1.5,55,25,2,ARP: 1 ARMED - Magellanic galaxy with significant disturbance.,10h 54m 45s,163.69,56° 57'' 00''',56.95,UMa,,NGC 3445, ,12.6,22.2,35°
Shakhbazian 001,,,Gal,Cluster,20,1.4,1500,600,3,Distant tight galaxy cluster which resembles a star cluster,10h 55m 06s,163.78,40° 27'' 29''',40.46,UMa,,MLCG81, ,,,
Hickson 049,,,Gal,Group,4,0.90,460,125,1,One of the few Hicksons where all galaxies appear disturbed and to be interacting.,10h 56m 36s,164.15,67° 10'' 45''',67.18,UMa,,, ,14.4,22.8,
Gum 34a,,,Neb,Em,HII,80,9500,220,2,Filaments that make up part of a shell surrounding NGC 3503,10h 58m 00s,164.50,-59° 42'' 00''',-59.70,Car,,RCW54b, ,,,
Gum 35,,,Neb,Em,HII,26,28000,220,2,Faint HII region ionized by the Wolf-Rayet star WR 35.,10h 58m 00s,164.50,-61° 14'' 00''',-61.23,Car,,RCW54a, ,,,
IC 0658,,,Gal,Ellip,E3,0.80,500,110,2,Striking star stream loop from an elliptical,10h 58m 16s,164.57,08° 14'' 24''',8.24,Cam,, , ,13.4,21.2,
PGC 0033083,,,Gal,Coll,,0.80,600,130,2,Possible collisional ring galaxy,10h 59m 19s,164.83,24° 32'' 30''',24.54,Leo,, , ,,,
Arp 198,,,Gal,Pair,,1.0,420,120,2,"ARP: EJECTED MATERIAL - Two superimposed galaxies, blue and yellow.  Assumed jet is simply an edge-on galaxy.",10h 59m 45s,164.94,17° 38'' 00''',17.63,Leo,, , ,15.0,,
NGC 3489,,,Gal,Lent,SB0/z,4.0,40,50,2,Lenticular with bright AGN core and amazing dust lanes,11h 00m 19s,165.08,13° 54'' 04''',13.90,Leo,, , ,10.3,21.2,75°
NGC 3486,,,Gal,Spiral,SBc/lz,7.0,40,80,3,"Elegant spiral with barlense, many fragmented arms, and numerous blue star clouds and pink HII regions",11h 00m 24s,165.10,28° 58'' 30''',28.98,LMi,, , ,11.0,23.2,40°
NGC 3501,,,Gal,Spiral,Sc/d,5.0,74,110,2,Superthin edge-on spiral with mottled dust lanes.  A nice pair with NGC 3507.,11h 02m 47s,165.70,17° 59'' 21''',17.99,Leo,, ,NGC3507,12.9,22.3,84°
NGC 3504,,,Gal,Spiral,SBab/z,2.5,110,80,2,Bright white core connected by yellow bar to inner ring which has bright blue ansae.  Pseudo-ring in outer disk. Adjacent to NGC3512,11h 03m 11s,165.80,27° 58'' 21''',27.97,LMi,, ,NGC3512,13.0,21.7,30°
Gum 34b,,,Neb,Em,HII,80,9500,220,2,"Similar to Gum 34a, filaments that make up part of a shell surrounding NGC 3503",11h 03m 12s,165.80,-59° 32'' 00''',-59.53,Car,,RCW54b, ,,,
NGC 3511,,,Gal,Spiral,SBc/z,5.0,40,60,2,"Similar to NGC4096, with an offset core, fragmented arms, blue star clouds, and no bulge.  Image with NGC3513",11h 03m 24s,165.85,-23° 05'' 11''',-23.09,Crt,, ,NGC3513,11.0,22.4,75°
NGC 3507,,,Gal,Spiral,SBb/gkz,3.0,50,45,2,Grand design spiral with blue star clouds and VV arms.  Blue star superimposed left of core.  Nice pair with NGC 3501.,11h 03m 25s,165.85,18° 08'' 06''',18.14,Leo,, ,NGC3501,11.9,23.1,20°
NGC 3510,,,Gal,Mag,w,4.0,48,55,2,Large Magellanic galaxy with white bar and warped disk,11h 03m 44s,165.93,28° 53'' 06''',28.89,LMi,, , ,12.1,22.1,
NGC 3513,,,Gal,Spiral,SBb/gkz,3.0,55,45,2,Small barred grand spiral with VV rows.  Image with NGC3511,11h 03m 46s,165.94,-23° 14'' 40''',-23.24,Crt,, ,NGC3511,11.5,22.3,45°
Arp 148,,,Gal,Coll,,0.70,500,100,3,"ARP: RINGS - Collisional ring galaxy, impacting companion is larger than usual.",11h 03m 52s,165.97,40° 50'' 00''',40.83,UMa,Mayall's Object, , ,15.4,,
NGC 3512,,,Gal,Spiral,SBc/z,1.8,80,45,2,Odd spiral arm structure and asymmetric disk. Adjacent to NGC3504,11h 04m 03s,166.01,28° 02'' 12''',28.04,LMi,, ,NGC3504,13.0,22.0,15°
Arp 335,,,Gal,Spiral,Sbc,1.7,360,180,3,ARP: MISC. - Wonderful colorful disturbed galaxy with long curving tail,11h 04m 23s,166.10,04° 49'' 00''',4.82,Leo,,NGC 3509, ,12.7,22.3,65°
Arp 021,,,Gal,Spiral,S/g,0.80,400,100,2,ARP: 3 ARMED - a 2 strong armed grand spiral with some distortion.,11h 04m 58s,166.24,30° 01'' 00''',30.02,LMi,, , ,15.0,,65°
LBN 0629,,,Neb,Mol Cld,,120,u,u,1,Faint molecular cloud in Camelopardalis,11h 05m 20s,166.33,83° 49'' 43''',83.83,Cam,, , ,,,
NGC 3532,,,Stars,OC,II-1-150,50,1300,20,4,Outstanding open cluster of 150 stars of even mag 7 brightness,11h 05m 30s,166.38,-58° 44'' 00''',-58.73,Car,"Pincushion Cluster, Black Arrow Cluster",Caldwell91, ,3.0,,
NGC 3521,,,Gal,Floc,km,11,30,100,4,Striking halo encompassing disk.  Hexagon shape of both bright inner region and outer edge of disk,11h 05m 49s,166.45,-00° 02'' 10''',-0.04,Leo,Bubble Galaxy, , ,9.0,22.1,70°
RCW 58,,,Neb,Em,WR,9.0,1300,3.6,2,Faint complex ring Wolf-Rayet nebula from WR40,11h 06m 17s,166.57,-65° 30'' 35''',-65.51,Car,, , ,,,
Arp 191,,,Gal,Merger,II/u,1.0,370,120,2,"ARP: NARROW FILAMENTS - Pair of galaxies, one with 200,000 ly long tail.",11h 07m 20s,166.83,18° 25'' 00''',18.42,Leo,, , ,15.0,,
IC 0673,,,Gal,Spiral,Sb,3.0,178,160,2,Ring spiral galaxy,11h 09m 25s,167.35,-00° 05'' 55''',-0.10,Leo,, , ,13.4,22.3,75°
Chamaeleon I,,,Neb,Mol Cld,,120,500,18,4,Molecular cloud with 3 bright reflection nebulae,11h 09m 48s,167.45,-76° 37'' 00''',-76.62,Cha,, ,"IC 2631, Ced110, Ced111",,,
Arp 301,,,Gal,Pair,,1.5,280,120,2,"ARP: DOUBLE GALAXIES - Two close galaxies with interesting structure, may be interacting",11h 09m 51s,167.46,24° 15'' 00''',24.25,Leo,, , ,15.0,,
IC 2627,,,Gal,Spiral,SBbc/gz,2.4,100,70,2,"Grand design spiral with bright arms and core, slightly barred",11h 09m 53s,167.47,-23° 43'' 35''',-23.73,Crt,, , ,12.0,22.7,25°
Gum 37,,,Neb,Em,HII,27,9500,80,2,"Similar to Gum 36 but a bit better, a splendid asymmetric emission region with arcs and bright stars",11h 10m 00s,167.50,-60° 00'' 00''',-60.00,Car,Southern Tadpoles,RCW54c, ,,,
AbellG 1185,,,Gal,Cluster,50,30,400,3500,3,"Amazing view, with more galaxies than stars.  Arp 105 is the highlight.",11h 10m 48s,167.70,28° 40'' 42''',28.68,UMa,,"NGC 3550,3552", ,14.3,,
Arp 105,,,Gal,Merger,II/uy,0.90,400,100,3,"ARP: ELLIPTICAL/SPIRAL PAIR - Amazing vista of 5 galaxies highlighted by 700,000 ly star stream.",11h 11m 12s,167.80,28° 42'' 00''',28.70,UMa,Ambartsumian's Knot,NGC 3561, ,13.8,22.1,
M 108,,,Gal,Spiral,Sc,8.0,30,70,4,"Spiral with dark think dust lanes, blue star clouds, and pink HII regions.",11h 11m 31s,167.88,55° 40'' 26''',55.67,UMa,Surfboard Galaxy  ,NGC 3556, ,10.7,22.0,75°
Gum 36,,,Neb,Em,HII,9.0,11500,30,2,Asymmetric emission region with arcs and bright stars,11h 12m 00s,168.00,-58° 47'' 00''',-58.78,Car,,RCW54d, ,,,
NGC 3576,,,Neb,Em,HII,50,9000,130,5,Beautiful loops and dark clouds looking like Statue of Liberty,11h 12m 06s,168.03,-61° 16'' 34''',-61.28,Car,Statue of Liberty Nebula,"Gum 38,RCW57",NGC3603,,,
NGC 3583,,,Gal,Spiral,SBb/gklz,2.5,100,70,3,"Disturbed disk, with irregular dust lanes, star clouds throughout, overall S-shape, and prominent VV row right of core.  Image with NGC 3577",11h 14m 11s,168.55,48° 19'' 06''',48.32,UMa,, ,NGC3577,11.1,21.6,55°
NGC 3593,,,Gal,Lent,S0/n,5.0,30,45,2,"Lenticular starburst galaxy, almost edge-on, with counter-rotating disks, likely the result of past merger",11h 14m 37s,168.65,12° 49'' 03''',12.82,Leo,, , ,10.9,22.2,80°
M 097,,,Neb,PN,BRY/o,3.8,2000,1.8,5,"Showcase PN, big and bright with inner void areas and HII rim accents",11h 14m 48s,168.70,55° 01'' 08''',55.02,UMa,Owl Nebula    ,NGC 3587, ,9.9,,
NGC 3603,,,Neb,Em,HII,50,20000,300,4,Largest nebula in the Milky Way in actual size,11h 15m 04s,168.77,-61° 16'' 10''',-61.27,Car,,"Gum 38,RCW57",NGC3576,,,
NGC 3596,,,Gal,Spiral,SBc/fz,4.0,90,110,2,Face-on spiral galaxy in Leo,11h 15m 06s,168.78,14° 47'' 12''',14.79,Leo,, , ,11.3,23.0,0°
AbellG 1213,,,Gal,Cluster,50,20,650,4000,2,Rich and faint distant cluster,11h 16m 29s,169.12,29° 16'' 37''',29.28,UMa,, , ,14.5,,
NGC 3607 Pair,,,Gal,Pair,,7.0,75,160,2,"Together with NGC 3608, a striking pair of large ellipticals in Leo",11h 16m 55s,169.23,18° 03'' 06''',18.05,Leo,, ,NGC3608,9.9,21.4,
NGC 3608,,,Gal,Ellip,E,3.0,74,65,2,Elliptical companion of NGC 3607,11h 16m 59s,169.25,18° 08'' 54''',18.15,Leo,, ,NGC3607,11.2,23.1,
Hickson 050,,,Gal,Group,5,0.70,1950,420,1,"Furthest Hickson - all galaxies are 2 billion ly.  The most obscure, faint, & distant object that is part of a common catalogue.",11h 17m 06s,169.28,54° 55'' 07''',54.92,UMa,,, ,14.4,22.3,
NGC 3611,,,Gal,Spiral,Sa,2.2,105,70,2,"Extended star streams, likely caused by a recent collision with an unseen dwarf companion",11h 17m 30s,169.38,04° 33'' 12''',4.55,Leo,, , ,12.2,22.3,50°
UGC 06309,,,Gal,Spiral,SB/z,1.3,130,50,2,"Barred disturbed galaxy with yellow core, blue star clouds and pink HII regions",11h 17m 47s,169.45,51° 28'' 34''',51.48,UMa,Lexus Galaxy, , ,13.0,,45°
NGC 3621,,,Gal,Floc,,9.0,20,50,2,Irregular arms and dust lanes encircling a bulgeless core and surrounded by many bright colorful stars,11h 18m 16s,169.57,-32° 48'' 50''',-32.81,Hya,, , ,9.7,23.2,65°
NGC 3614,,,Gal,Spiral,Sc/g,5.0,116,170,2,Large grand spiral with small core and well defined arms. Possible companion to southwest,11h 18m 21s,169.59,45° 44'' 51''',45.75,UMa,, , ,11.6,23.0,60°
NGC 3610,,,Gal,Ellip,E5,2.0,110,65,2,Oblong elliptical in Ursa Major,11h 18m 24s,169.60,58° 47'' 00''',58.78,UMa,, , ,10.8,21.7,
NGC 3613,,,Gal,Ellip,E6,4.0,95,110,2,Oblong E6 elliptical with disturbed star halo.,11h 18m 54s,169.73,58° 00'' 00''',58.00,UMa,, , ,10.9,21.9,
Arp 317,,,Gal,Trio,u,13,31,120,4,ARP: GROUPS - Showcase Leo triplet,11h 18m 55s,169.73,13° 05'' 00''',13.08,Leo,Leo Triplet , ,Arp 16,9.7,,
M 065,,,Gal,Spiral,Sa,9.0,40,110,3,Not bright and showy but interesting with star clouds and dust lanes,11h 18m 56s,169.73,13° 05'' 31''',13.09,Leo,,NGC 3623,Part of Leo Triplet,9.3,21.7,75°
Arp 132,,,Gal,Trio,,0.40,350,40,2,ARP: ELLIPTICAL/SPIRAL PAIR - Small galaxies.  Spiral looks like polar ring galaxy.,11h 19m 21s,169.84,-03° 05'' 00''',-3.08,Leo,, , ,15.0,,
NGC 3619,,,Gal,Lent,S0/f,2.5,110,85,2,Face-on lenticular with extended star streams and complex dark dust lanes,11h 19m 24s,169.85,57° 46'' 00''',57.77,UMa,, , ,11.5,22.3,5°
M 066,,,Gal,Spiral,Sb/g,10,30,90,4,Asymmetric disk and nice blue star cloud adjacent to core. 35th brightest galaxy.  ,11h 19m 56s,169.98,13° 18'' 12''',13.30,Leo,Leo Triplet,NGC 3627,Arp 317,8.9,21.6,65°
NGC 3626,,,Gal,Lent,S0,3.0,80,70,2,"Faint outer disk, interesting inner region with partial dust lane. 1st galaxy where gas was observed to counter-rotate compared to stars.",11h 20m 04s,170.02,18° 21'' 25''',18.36,Leo,, Caldwell40, ,11.0,21.5,45°
MCG +00-29-017,,,Gal,Spiral,S/gk,1.4,360,140,2,Grand design spiral with VV rows,11h 20m 09s,170.04,-03° 03'' 36''',-3.06,Leo,, , ,13.4,,50°
NGC 3628,,,Gal,Spiral,Sb/d,17,35,170,4,"Showcase edge-on galaxy, with complex dust lane and extended star stream.  Outshines the 2 nearby Messier objects.",11h 20m 17s,170.07,13° 35'' 19''',13.59,Leo,Hamburger Galaxy, ,"M65,M66",9.5,22.3,87°
Arp 027,,,Gal,Spiral,Sc/gk,4.0,80,90,3,ARP: 1 HEAVY ARM -  Lovely grand spiral with VV rows.,11h 21m 02s,170.26,53° 10'' 00''',53.17,UMa,,NGC 3631, ,10.4,22.6,15°
NGC 3640,,,Gal,Ellip,E3,4.5,85,110,3,"Amazing distorted elliptical, with many background galaxies",11h 21m 07s,170.28,03° 14'' 06''',3.24,Leo,, , ,10.4,22.1,
AbellG 1228,,,Gal,Cluster,50,50,500,7000,1,Sparse galaxy cluster,11h 21m 30s,170.38,34° 20'' 33''',34.34,UMa,,IC 2738, ,13.8,,
NGC 3646,,,Gal,Spiral,Sbc,4.0,130,150,3,"Yellow inner lens. Nice detail in outer arms, with star clouds and dust lanes",11h 21m 43s,170.43,20° 10'' 11''',20.17,Leo,, , ,11.1,22.3,70°
NGC 3642,,,Gal,Spiral,Sbc/fm,2.5,90,70,2,"Disturbed face-on spiral with faint star streams that extend out to 180,000 ly in diameter",11h 22m 18s,170.58,59° 04'' 29''',59.07,UMa,, , ,14.0,23.4,5°
Hickson 051,,,Gal,Group,6,4.5,360,480,2,Tied for having the second most galaxies (7) of any Hickson group.,11h 22m 21s,170.59,24° 17'' 35''',24.29,Leo,,NGC 3651, ,11.5,23.4,
NGC 3655,,,Gal,Spiral,Sc,1.5,95,45,2,Small Seyfert spiral with many arms,11h 22m 54s,170.73,00° 16'' 35''',0.28,Leo,, , ,11.7,20.9,60°
NGC 3660,,,Gal,Spiral,SBbc/z,2.8,180,150,2,"Large Seyfert spiral with inner pseudo-ring, many arms, and VV rows",11h 23m 32s,170.88,-08° 39'' 30''',-8.66,Crt,, ,PGC1000714,14.4,22.6,15°
Arp 155,,,Gal,Merger,V,1.7,130,70,2,ARP: DISTURBED WITH ABSORPTION -  Interesting dust lanes and star streams.,11h 23m 38s,170.91,53° 50'' 00''',53.83,UMa,,NGC 3656,Arp 151,12.3,22.3,
Arp 005,,,Gal,Mag,,2.0,90,50,2,ARP: LOW BRIGHTNESS -  Blue spiral with white bar off to one side and star formation in outer disk.,11h 24m 24s,171.10,03° 19'' 00''',3.32,Leo,,NGC 3664, ,13.2,23.0,40°
NGC 3665,,,Gal,Lent,S0,4.6,100,140,2,Large lenticular with detailed dust lane spanning core,11h 24m 42s,171.18,38° 46'' 00''',38.77,UMa,, , ,11.6,21.3,65°
NGC 3672,,,Gal,Spiral,Sc,4.0,80,90,3,"Small core with no bulge, graceful flowing arms",11h 25m 02s,171.26,-09° 47'' 42''',-9.80,Crt,, , ,11.4,22.4,70°
Arp 151,,,Gal,Merger,I/x,1.3,300,110,2,"ARP: JETS -  Trio of galaxies with straight 100,000 ly long star stream.  No jet.",11h 25m 36s,171.40,54° 22'' 00''',54.37,UMa,, ,Arp 155,16.5,,
NGC 3675,,,Gal,Floc,m,6.7,60,120,3,Small bright core surrounded by faint ring.  Flocculent outer region and 3D-type dust lanes,11h 26m 08s,171.53,43° 35'' 09''',43.59,UMa,, , ,10.2,22.1,65°
Hickson 052,,,Gal,Group,4,3.2,600,600,2,All 4 galaxies are spirals.  a is a beautiful mag 14 double ring barred galaxy.,11h 26m 19s,171.58,21° 05'' 21''',21.09,Leo,,, ,12.8,24.0,
Kohoutek 1-22,,,Neb,PN,SOY/ot,3.0,3000,2.8,3,Lovely OIII-dominant PN with thin rim and inner texture,11h 26m 42s,171.68,-34° 22'' 00''',-34.37,Hya,, , ,12.6,,
NGC 3683,,,Gal,Spiral,SBc/z,1.5,100,45,2,Edge-on HII galaxy (dwarf starburst). Structure is difficult to understand.,11h 27m 32s,171.88,56° 52'' 40''',56.88,UMa,, , ,11.9,22.2,80°
NGC 3686 Group,,,Gal,Group,4,30,55,60,2,Barred grand spiral with an abundance of background galaxies,11h 27m 44s,171.93,17° 13'' 25''',17.22,Leo,, , ,11.3,22.3,45°
Gum 39,,,Neb,Em,HII,23,8000,55,2,Large HII emission region that is the head of the Running Chicken nebula.,11h 28m 00s,172.00,-62° 37'' 00''',-62.62,Car,,"RCW60a,IC 2872", ,,,
Gum 40,,,Neb,Em,HII,17,7500,40,2,"Seen below Gum 39, this HII region is the lower portion of the Running Chicken object.",11h 28m 00s,172.00,-62° 55'' 00''',-62.92,Car,,RCW60b, ,,,
Arp 299,,,Gal,Merger,III,1.5,140,60,2,ARP: DOUBLE GALAXIES - Interacting close pair with blue star clouds and HII regions,11h 28m 28s,172.12,58° 34'' 00''',58.57,UMa,,NGC 3690,Arp 296,11.2,20.8,
Arp 296,,,Gal,Merger,I,0.50,800,120,2,ARP: LONG FILAMENTS - Galaxy pair connected by long thin star stream,11h 28m 53s,172.22,58° 33'' 00''',58.55,UMa,, ,Arp 299,15.7,,
Hickson 053,,,Gal,Group,4,13,290,1100,2,Largest Hickson group in size.  Galaxy a has several straight VV rows along with blue star clouds.,11h 28m 58s,172.24,20° 46'' 35''',20.78,Leo,,NGC 3697, ,11.6,25.8,
Hickson 054,,,Gal,Group,4,0.70,70,15,2,This is a single merger remnant and not 4 separate galaxies as orig. identified.  Smallest Hickson in areal extent.,11h 29m 15s,172.31,20° 34'' 43''',20.58,Leo,,, ,14.3,22.2,
Gum 41,,,Neb,Em,HII,17,9500,50,2,Forms the feet of the Running Chicken object.,11h 30m 00s,172.50,-63° 49'' 00''',-63.82,Cen,,RCW61, ,,,
Arp 197,,,Gal,Mag,,0.70,280,60,2,ARP: EJECTED MATERIAL - Pair of galaxies with long linear tail.,11h 31m 00s,172.75,20° 28'' 00''',20.47,Leo,,IC 701, ,14.7,22.8,45°
Arp 203,,,Gal,Spiral,Sa/d,1.1,70,25,2,ARP: EJECTED MATERIAL - Edge-on barred galaxy with faint extended star streams.,11h 31m 09s,172.79,28° 34'' 00''',28.57,UMa,,NGC 3712, ,13.3,22.1,85°
NGC 3717,,,Gal,Spiral,Sb/d,6.0,60,110,3,Edge-on spiral with broad detailed dust lane,11h 31m 32s,172.88,-30° 18'' 30''',-30.31,Hya,, , ,12.2,22.0,87°
Arp 329,,,Gal,Chain,5,2.0,740,430,3,Amazing short chain of 5 distant galaxies.,11h 32m 07s,173.03,70° 48'' 43''',70.81,Dra,,Hickson 55, ,13.4,21.8,
Arp 322,,,Gal,Chain,5,2.0,380,230,2,All galaxies at same distance. Right 4 galaxies appear disturbed and to be interacting with each other.,11h 32m 33s,173.14,52° 56'' 00''',52.93,UMa,,Hickson 56,Arp 214,12.2,22.4,
Arp 214,,,Gal,Polar,,8.7,50,140,3,"ARP: IRREGULARITIES - Stunning polar ring galaxy, close enough to show nice detail.",11h 32m 35s,173.15,53° 04'' 04''',53.07,UMa,,NGC 3718,Arp 322,10.7,,
NGC 3726,,,Gal,Spiral,SBc/z,5.0,45,70,2,Odd asymmetric disk structure  Ragged arms with VV rows.  Blue star clouds and HII regions throughout.  Offset barred core,11h 33m 21s,173.34,47° 01'' 43''',47.03,UMa,, , ,10.4,22.7,55°
NGC 3729,,,Gal,Spiral,SBc/z,2.6,144,110,2,Barred ring spiral companion of Arp 214 (NGC 3718),11h 33m 49s,173.45,53° 07'' 31''',53.13,UMa,, ,Arp214,12.0,,45°
NGC 3721 Group,,,Gal,Group,10,15,260,1200,2,"10 galaxy group, anchored by NGC 3721",11h 34m 29s,173.62,-09° 39'' 30''',-9.66,Crt,,USGC S171, ,14.5,22.5,
AbellG 1314,,,Gal,Cluster,40,34,500,5000,2,"Highlight is IC 708, nicknamed Papillion (French for butterfly).",11h 34m 49s,173.70,49° 03'' 25''',49.06,UMa,,"IC 708, 709", ,13.9,,
NGC 3733,,,Gal,Spiral,SBc/gz,5.0,75,105,2,Grand spiral galaxy hidden the glare of the mag 6.5 star HD100615,11h 35m 02s,173.76,54° 51'' 02''',54.85,UMa,, , ,12.4,23.7,75°
Arp 234,,,Gal,BCD,,1.0,17,5.0,2,ARP: FISSION - Blue compact dwarf with bright blue star clouds,11h 35m 48s,173.95,54° 31'' 00''',54.52,UMa,,NGC 3738, ,11.7,22.2,
NGC 3766,,,Stars,OC,I-1-130,15,5500,25,4,Beautiful mix of colorful bright and faint stars,11h 36m 12s,174.05,-61° 37'' 00''',-61.62,Cen,,Caldwell97, ,5.3,,
NGC 3756,,,Gal,Spiral,Sc/g,2.1,68,50,2,"Grand spiral galaxy paired with another, NGC 3733",11h 36m 46s,174.19,54° 17'' 36''',54.29,UMa,, , ,11.9,23.7,65°
Arp 280,,,Gal,Pair,,3.5,55,60,2,ARP: INTERACTING - Two galaxies of different color which are likely not interacting,11h 37m 44s,174.43,47° 53'' 00''',47.88,UMa,,NGC 3769, ,12.7,21.6,
Arp 320,,,Gal,Group,8,10,410,1250,4,Only Hickson group with 8 galaxies.  All galaxies at same distance.  Amazing group.  Copeland's Septet.,11h 37m 55s,174.48,21° 59'' 00''',21.98,Leo,Copeland's Septet,"Hickson 57,NGC 3745 ",Arp 87,11.4,23.7,
IC 2948,,,Neb,Em,SHO,72,6500,140,5,Beautifully textured emission nebula with Bok globules,11h 38m 00s,174.50,-63° 11'' 00''',-63.18,Cen,Running Chicken Nebula  ,Gum42, ,,,
Collinder 249,,,Stars,OC,u,65,6000,110,3,Beautiful cluster in the Running Chicken nebula (IC2948),11h 38m 18s,174.58,-63° 22'' 00''',-63.37,Cen,Lambda Centauri  ,Caldwell100, ,2.9,,
PGC 0036122,,,Gal,Spiral,S/for,1.6,290,130,2,Faint inner and outer rings,11h 39m 12s,174.80,17° 08'' 18''',17.14,Leo,, , ,14.0,,5°
UGC 06614,,,Gal,Spiral,fr,0.50,300,44,2,"Small elliptical with 300,000 ly diameter outer ring",11h 39m 15s,174.81,17° 08'' 37''',17.14,Leo,, , ,14.4,,0°
NGC 3780,,,Gal,Spiral,Sc,3.2,120,110,2,Unusual triangle-shaped spiral with many blue arms and yellow core,11h 39m 23s,174.85,56° 16'' 12''',56.27,UMa,, ,NGC3794,11.5,22.4,60°
Arp 294,,,Gal,Pair,o,2.2,130,80,3,ARP: LONG FILAMENTS - 2 interacting galaxies with extended star streams,11h 39m 42s,174.93,31° 54'' 00''',31.90,UMa,,NGC 3786, ,12.5,22.2,
Arp 083,,,Gal,Merger,II,2.0,170,100,2,ARP: LARGE HSB COMP - Pair of interacting galaxies.  Nice detail but little disturbance.,11h 40m 13s,175.05,15° 20'' 00''',15.33,Leo,,NGC 3800, ,12.7,21.6,
NGC 3801,,,Gal,Merger,III,2.0,160,100,2,"Group of 6 galaxies headlines by NGC 3801, a merger object with crossing dust lanes and looping star streams",11h 40m 17s,175.07,17° 43'' 36''',17.73,Leo,, , ,12.0,23.0,65°
Arp 087,,,Gal,Merger,II,1.7,300,140,2,ARP: LARGE HSB COMP - Pair of spiral galaxies with incredible star stream bridge.,11h 40m 44s,175.18,22° 25'' 00''',22.42,Leo,,NGC 3808,Arp 320,13.5,22.6,
NGC 3810,,,Gal,Spiral,Sc,4.0,50,60,2,"Arms start from a flocculent inner region and spiral out to a faint outer disk, with many arms seen.  Hexagon shape to disk and inner region.",11h 40m 59s,175.25,11° 28'' 18''',11.47,Leo,, , ,10.8,22.3,50°
PGC 0036252,,,Gal,BCD,,0.40,85,10,2,Odd comet-like blue galaxy shape,11h 41m 06s,175.28,32° 26'' 00''',32.43,UMa,Tadpole Galaxy (2 of 2) , , ,16.0,,79°
NGC 3813,,,Gal,Spiral,Sb,2.2,65,40,2,Small colorful galaxy with mottled disk,11h 41m 18s,175.33,00° 36'' 33''',0.61,UMa,, , ,11.7,21.4,75°
Arp 161,,,Gal,Merger,IV/u,0.60,280,50,2,ARP: DIFFUSE FILAMENTS - Pair of merging galaxies with long extended star stream tail.,11h 42m 12s,175.55,00° 20'' 00''',0.33,Vir,,NGC 6665, ,13.9,22.2,
Hickson 058,,,Gal,Group,5,8.8,290,800,2,Dimmest Hickson group in surface brightness.  All galaxies at same distance and have NGC designations,11h 42m 12s,175.55,10° 19'' 01''',10.32,Leo,,NGC 3825, ,12.5,25.9,
Arp 115,,,Gal,Trio,,1.0,430,120,2,ARP: ELLIPTICAL/SPIRAL PAIR - Trio of galaxies with little interaction.,11h 43m 02s,175.76,26° 16'' 00''',26.27,Leo,, , ,15.2,,
AbellG 1367,,,Gal,Cluster,120,100,330,10000,4,The Leo Cluster has the densest number of bright galaxies anywhere in our sky ,11h 44m 29s,176.12,19° 50'' 21''',19.84,Leo,, , ,13.5,,
NGC 3877,,,Gal,Spiral,Sc/dw,6.0,50,90,2,Disk contains dark dust lanes and blue star clouds.  Disk is slightly warped.  Some HII glow present,11h 46m 08s,176.53,47° 29'' 41''',47.49,UMa,, , ,11.0,21.9,85°
NGC 3884,,,Gal,Lent,S0/r,2.2,220,140,2,Large spiral with blue star-formation ring in mid-region,11h 46m 12s,176.55,20° 23'' 29''',20.39,Leo,, , ,12.6,22.5,75°
Arp 248,,,Gal,Merger,I,1.5,240,110,2,ARP: FISSION - Pair of interacting galaxies with superlong bridge,11h 46m 49s,176.70,-03° 49'' 00''',-3.82,Vir,Wild's Triplet, , ,14.0,,
NGC 3887,,,Gal,Spiral,Sbc,4.6,60,80,2,Spiral with chaotic arm structure in outer disk,11h 47m 05s,176.77,-16° 51'' 16''',-16.85,Crt,, , ,10.6,21.7,50°
NGC 3888,,,Gal,Spiral,SBc/z,1.8,135,70,2,Unusual spiral with no arms in southern half and long arm in northern half.  Slightly barred. Image with NGC 3898,11h 47m 35s,176.90,55° 58'' 02''',55.97,UMa,, ,NGC 3898,12.1,21.8,45°
Hickson 059,,,Gal,Group,5,2.1,190,120,2,d is a fascinating irregular galaxy with numerous bright blue star-forming clouds.  ,11h 48m 26s,177.11,12° 43'' 35''',12.73,Leo,,, ,12.5,22.7,
NGC 3893,,,Gal,Spiral,SBc/gz,4.0,50,60,2,"A pairing a bit like M51 - 2 galaxies interacting, one in front of the other, with a faint star stream bridge between",11h 48m 38s,177.16,48° 42'' 39''',48.71,UMa,, ,NGC 3896,10.5,22.0,55°
NGC 3900,,,Gal,Lent,S0/r,3.8,120,130,2,Lenticular with blue star-forming ring,11h 49m 09s,177.29,27° 01'' 19''',27.02,Leo,, , ,11.4,22.0,75°
NGC 3898,,,Gal,Spiral,Sab/mo,4.0,135,155,2,"Double ring galaxy, one of the few with 2 closed outer rings.  Image with NGC 3888",11h 49m 15s,177.31,56° 05'' 03''',56.08,UMa,, ,NGC 3888,10.7,22.1,70°
NGC 3912,,,Gal,Mag,,1.8,50,25,2,Magellanic galaxy with white bar and blue star clouds,11h 50m 05s,177.52,26° 28'' 47''',26.48,Leo,, , ,12.4,21.5,
NGC 3918,,,Neb,PN,BBN,0.70,5300,1.2,2,Small bipolar PN with lobes,11h 50m 18s,177.58,-57° 10'' 57''',-57.18,Cen,, , ,8.4,,
NGC 3913,,,Gal,Spiral,Sc/fg,3.2,65,60,3,Beautiful symmetric face-on grand spiral with great color and many star clouds ,11h 50m 39s,177.66,55° 21'' 13''',55.35,UMa,, , ,12.6,23.4,0°
NGC 3917,,,Gal,Spiral,Sc,5.0,55,80,2,Dark dust lanes and blue star clouds are seen in disk surrounding unbarred galaxy.  Arm structure appears flocculent,11h 50m 45s,177.69,51° 49'' 29''',51.82,UMa,, , ,11.8,22.5,80°
NGC 3923,,,Gal,Ellip,E4/h,5.0,70,100,2,Elliptical galaxy with many faint shells but tough to capture without extremely long exposures,11h 51m 02s,177.76,-28° 48'' 23''',-28.81,Hya,, , ,9.8,22.1,
Arp 224,,,Gal,Lent,S0/j,2.2,280,190,2,ARP: AMORPHOUS ARMS - Late stage merger with beautiful star stream loop and tails,11h 51m 06s,177.78,55° 04'' 00''',55.07,UMa,,NGC 3921, ,12.4,22.3,
NGC 3938,,,Gal,Spiral,Sc/fk,5.0,50,75,3,Wonderful face-on grand spiral with star clouds and HII regions.  Arms are intoxicatingly asymmetric,11h 52m 49s,178.20,44° 07'' 14''',44.12,UMa,, , ,10.4,22.7,5°
NGC 3941,,,Gal,Lent,SB0/z,3.2,40,40,2,Unusual Seyfert double ringed lenticular galaxy,11h 52m 54s,178.23,36° 59'' 00''',36.98,UMa,, , ,11.6,21.4,45°
NGC 3945,,,Gal,Lent,SB0/loz,5.5,75,120,2,Double ring lenticular with ansae,11h 53m 14s,178.31,60° 40'' 33''',60.68,UMa,, , ,10.9,22.7,65°
Arp 062,,,Gal,Spiral,S/g,1.5,300,130,2,ARP: SMALL HSB COMP - Grand design spiral with asymmetric disk and companion interaction.,11h 53m 35s,178.40,43° 27'' 00''',43.45,UMa,, , ,15.0,,15°
NGC 3949,,,Gal,Spiral,Sbc,2.6,55,42,2,"Jumbled disk of dust lanes, star clouds and HII regions.  Yellow core looks clam by comparison",11h 53m 42s,178.43,47° 51'' 32''',47.86,UMa,, , ,11.1,21.5,50°
NGC 3953,,,Gal,Spiral,SBbc/lz,6.0,50,90,3,"Marvelous object, with great color and blue star clouds. Bar is yellow barlense.  Excellent symmetric arm structure.",11h 53m 49s,178.45,52° 19'' 36''',52.33,UMa,, , ,10.1,22.3,60°
NGC 3955,,,Gal,Lent,S0,3.2,65,60,2,"Odd disk structure, with fantastically wild dust lanes and bright arm segments.",11h 53m 57s,178.49,-23° 09'' 53''',-23.16,Crt,, , ,12.0,21.8,75°
NGC 3962,,,Gal,Ellip,E1,2.0,118,65,2,Isolated elliptical galaxy in the Crater constellation,11h 54m 40s,178.67,-13° 58'' 27''',-13.97,Crt,, , ,12.2,,
NGC 3972,,,Gal,Spiral,Sbc,3.8,65,70,2,Uneventful symmetric spiral in Ursa Major,11h 55m 45s,178.94,55° 19'' 12''',55.32,UMa,, , ,12.3,22.7,70°
Arp 289,,,Gal,Spiral,SBbc/gz,3.1,65,60,2,ARP: WIND EFFECTS - Grand design spiral with star plumes ,11h 56m 07s,179.03,-19° 53'' 00''',-19.88,Crt,,NGC 3981, ,12.0,22.6,75°
NGC 3982,,,Gal,Spiral,SBb/fz,1.8,70,40,2,Seyfert slightly barred face-on spiral with hexagon shape and star streams,11h 56m 28s,179.12,55° 07'' 31''',55.13,UMa,, , ,11.0,21.4,0°
M 109,,,Gal,Spiral,SBbc/gz,7.0,85,180,4,Strong central bar and sweeping spiral arms that extend out 360 degrees. ,11h 57m 36s,179.40,53° 22'' 29''',53.37,UMa,,NGC 3992, ,10.6,22.5,60°
LTNF 1,,,Neb,PN,BOY,4.0,4750,5.2,2,"Very faint ancient PN, OIII-dominated",11h 57m 38s,179.41,48° 56'' 35''',48.94,UMa,, , ,,,
Arp 313,,,Gal,Mag,,2.6,160,120,2,"ARP: GROUPS - Trio of galaxies, likely at different distances.",11h 57m 44s,179.43,32° 17'' 00''',32.28,UMa,,NGC 3995, ,13.0,22.3,
Arp 194,,,Gal,Merger,II,0.35,500,50,2,"ARP: EJECTED MATERIAL - Pair of interacting galaxies, one wildly disturbed, with a bridge between.",11h 57m 54s,179.48,36° 24'' 00''',36.40,UMa,, , ,15.8,,
NGC 3998,,,Gal,Lent,S0,3.8,45,50,2,Seyfert lenticular with companion NGC3990,11h 57m 54s,179.48,00° 55'' 27''',0.92,UMa,, ,NGC3990,12.0,21.4,15°
PGC 0037680,,,Gal,Coll,,0.80,200,45,3,"Looks like collisional galaxy, although could be merger remnants",11h 58m 25s,179.60,-14° 31'' 29''',-14.52,Crv,,UGCA 258, ,,,
Arp 305,,,Gal,Pair,j,2.4,170,120,2,"ARP: DOUBLE GALAXIES - Grand spiral with star clouds, possible interacting with nearby irregular",11h 58m 29s,179.62,27° 31'' 00''',27.52,Com,,NGC 4016, ,13.8,21.9,
NGC 4013,,,Gal,Spiral,Sb/d,5.0,60,90,3,Stunning dark lane along mid-line of this edge-on spiral,11h 58m 31s,179.63,43° 56'' 49''',43.95,UMa,, , ,12.0,21.8,90°
IC 0749,,,Gal,Spiral,SBc/z,2.0,40,25,2,"Yellow barred core, blue disk, and some pink HII regions. Crazy looking arms.",11h 58m 34s,179.64,42° 44'' 00''',42.73,Uma,, ,NGC750,12.4,22.7,15°
NGC 4010,,,Gal,Spiral,SBc/dz,4.0,58,70,2,Edge-on spiral with offset core,11h 58m 37s,179.65,47° 15'' 38''',47.26,UMa,, , ,12.6,22.7,90°
Arp 138,,,Gal,Pair,,1.1,210,70,1,"ARP: ELLIP. EMANATING MATERIAL - 2 superimposed galaxies, not unusual.",11h 58m 42s,179.68,25° 02'' 00''',25.03,Com,,NGC 4015, ,14.0,22.8,
IC 0750,,,Gal,Spiral,Sab,2.2,60,40,2,Yellow disk with strong dust lanes and mottled arms in the spiral disk,11h 58m 53s,179.72,42° 43'' 22''',42.72,Uma,, ,NGC749,12.2,21.9,20°
NGC 4026,,,Gal,Lent,S0/dw,5.0,46,70,2,Edge-on lenticular with slightly warped disk,11h 59m 25s,179.85,50° 57'' 42''',50.96,UMa,, , ,10.8,21.6,90°
Arp 022,,,Gal,Mag,,2.0,80,45,2,"ARP: 1 ARMED - Typical Magellan galaxy - asymmetric, off-center bar, one arm, blue star formation areas.",11h 59m 30s,179.88,-19° 15'' 00''',-19.25,Crv,,NGC 4027,Arp 244,11.1,22.0,40°
NGC 4030,,,Gal,Spiral,Sbc,3.8,90,100,3,Elegant symmetric grand spiral,12h 00m 24s,180.10,-01° 06'' 01''',-1.10,Vir,, , ,10.6,22.2,20°
NGC 4036,,,Gal,Lent,S0,3.8,70,75,2,Shows some detail in inner region including presence of a bar and a few dust lanes.  Image with NGC4041,12h 01m 27s,180.36,61° 53'' 44''',61.90,UMa,, ,NGC4041,10.7,21.6,72°
Arp 244,,,Gal,Merger,III/xy,10.0,60,50,5,ARP: FISSION - Showcase pair of interacting galaxies with intense HII regions and superlong tails. ,12h 01m 53s,180.47,-18° 52'' 07''',-18.87,Crv,Antennae  Galaxies,"NGC 4038, 4039,Caldwell60","NGC4039,Arp 22",10.3,21.0,
NGC 4039,,,Gal,Merger,III/x,3.0,60,50,3,Companion to NGC 4038,12h 01m 54s,180.48,-18° 53'' 10''',-18.89,Crv,,,NGC4038,10.3,21.0,
NGC 4041,,,Gal,Spiral,Sbc/f,3.2,70,65,2,Messy Seyfert slightly barred face-on spiral,12h 02m 12s,180.55,62° 08'' 14''',62.14,UMa,, ,NGC4036,11.3,22.1,4°
NGC 4045,,,Gal,Spiral,SBa/z,3.2,110,100,2,"Diffuse outer disk but interesting inner region, with star forming arm regions and dust bands",12h 02m 42s,180.68,01° 58'' 36''',1.98,Vir,, ,NGC 4073,12.0,22.5,70°
NGC 4050,,,Gal,Spiral,Sab/g,2.8,110,90,2,"Strong inner region arm structure, diffuse outer disk.",12h 02m 54s,180.73,-16° 22'' 27''',-16.37,Crv,, , ,12.2,23.0,50°
Hickson 060,,,Gal,Group,4,2.3,890,600,2,"All galaxies at same distance, almost 1 billion ly away.",12h 03m 05s,180.77,51° 41'' 35''',51.69,UMa,,, ,13.5,23.8,
NGC 4051,,,Gal,Spiral,SBbc/z,5.5,40,65,2,"Colorful disturbed Seyfert slightly barred galaxy, with HII region, star clouds and VV rows",12h 03m 10s,180.79,44° 31'' 53''',44.53,UMa,, , ,12.9,22.2,45°
NGC 4068,,,Gal,BCD,,3.2,14,13,2,Small BCD (Blue Compact Dwarf) galaxy with many blue star clouds seen throughout the galaxy.  ,12h 04m 02s,181.01,52° 35'' 26''',52.59,UMa,, , ,12.4,22.7,
NGC 4062,,,Gal,Spiral,SBc/z,3.7,50,55,2,"Rough fragmented spiral arm structure.  Decoupled galaxy, comprised of 2 different (old and young) stellar populations",12h 04m 04s,181.02,31° 53'' 43''',31.90,UMa,, , ,11.1,22.0,70°
NGC 4073,,,Gal,Spiral,S0,1.6,280,330,2,One of largest galaxies in the universe,12h 04m 27s,181.11,01° 58'' 36''',1.98,Vir,, ,NGC 4045,13.2,22.5,70°
NGC 4085,,,Gal,Spiral,Sc,2.5,73,55,2,Spiral companion to Arp 18,12h 05m 23s,181.35,50° 21'' 09''',50.35,UMa,, , ,12.8,,75°
Arp 018,,,Gal,Spiral,SBbc/gz,5.0,50,70,2,"ARP: DETACHED SEGMENTS - Beautiful colorful grand design spiral, with slight disk warp.",12h 05m 35s,181.40,50° 32'' 00''',50.53,UMa,,NGC 4088, ,10.6,22.1,70°
Arp 097,,,Gal,Merger,I,1.3,320,120,2,ARP: ELLIPTICAL COMP - Great alignment with star stream bridge connecting them.,12h 05m 45s,181.44,31° 04'' 00''',31.07,UMa,, , ,15.7,,
NGC 4096,,,Gal,Spiral,SBc/z,7.0,40,80,2,Offset core and numerous arms seen.  The arms appear fragmented and become diffuse in the outer disk.  No core bulge.  Several star clouds.,12h 06m 01s,181.50,47° 28'' 41''',47.48,UMa,, , ,10.9,22.3,80°
NGC 4100,,,Gal,Spiral,Sbc,3.5,65,70,2,Strong intermediate dust lanes and fragmented arms.  Bright inner core.  Highlight is faint star streams around outer disk edge,12h 06m 08s,181.53,49° 34'' 57''',49.58,UMa,, , ,11.2,22.4,75°
NGC 4102,,,Gal,Spiral,SBb/rz,3.2,40,40,3,"Amazing galaxy - dust lanes swirling into core, HII glow, and mid-region star forming ring",12h 06m 23s,181.60,52° 42'' 39''',52.71,UMa,, , ,11.2,21.7,45°
NGC 4103,,,Stars,OC,I-3-400,6.0,5300,10,4,Strongly concentrated open cluster with diverse brightnesses,12h 06m 42s,181.68,-61° 15'' 00''',-61.25,Crux,, , ,7.4,,
NGC 4111,,,Gal,Lent,S0/dpt,4.5,30,40,2,Edge-on view of this lenticular shows peanut-shaped (X-shaped) core,12h 07m 03s,181.76,43° 03'' 57''',43.07,CVn,, , ,10.7,21.1,87°
NGC 4125,,,Gal,Ellip,E6,6.0,80,140,2,"Past mergers have created interesting views of the core and extended halo, with dust clouds and star streams",12h 08m 06s,182.03,65° 10'' 26''',65.17,Dra,, , ,9.7,21.8,
NGC 4136,,,Gal,Spiral,SBc/fkz,3.8,26,30,2,Small barred face-on spiral with star clouds and VV rows,12h 09m 18s,182.33,29° 55'' 38''',29.93,Com,, , ,11.1,22.7,0°
NGC 4138,,,Gal,Lent,S0/r,3.2,45,42,2,Seyfert lenticular with inner dust lanes and mid-region star forming ring,12h 09m 30s,182.38,43° 41'' 07''',43.69,CVn,, , ,11.3,21.7,50°
NGC 4143,,,Gal,Lent,SB0/z,2.6,52,40,1,Small barred lenticular in Canes Venatici,12h 09m 42s,182.43,42° 33'' 00''',42.55,CVn,, , ,10.9,20.9,
NGC 4145,,,Gal,Spiral,SBc/z,5.6,50,80,2,Barred colorful spiral with yellow core and star cloud lined arms,12h 10m 02s,182.51,39° 52'' 57''',39.88,CVn,, , ,11.3,23.5,50°
NGC 4147,,,Stars,GC,VI,4.0,60000,70,1,Dim globular cluster with most stars resolved.,12h 10m 06s,182.53,18° 32'' 30''',18.54,Com,, , ,10.4,,
NGC 4151,,,Gal,Spiral,SBab/z,6.0,60,100,3,"Highlight is the extended 150,000 ly star stream.  Dust lanes and bright star forming areas are also fascinating.",12h 10m 33s,182.64,39° 24'' 21''',39.41,CVn,Eye of Sauron Galaxy, , ,10.8,23.1,25°
NGC 4150,,,Gal,Lent,S0,2.6,42,32,1,Small lenticular in Coma Berenices,12h 10m 36s,182.65,30° 25'' 00''',30.42,Com,, , ,11.6,21.9,45°
NGC 4157,,,Gal,Spiral,SBb/dz,8.0,55,130,3,Edge-on spiral with glowing orange offset core and dramatic dark dust lanes,12h 11m 04s,182.77,50° 29'' 04''',50.48,UMa,, , ,11.4,22.5,86°
Hickson 061,,,Gal,Group,4,3.8,180,200,4,The Box of 4 galaxies is 4th brightest Hickson and one of the prettiest.  Largest galaxy in apparent size ('b' is 4.5'),12h 12m 24s,183.10,29° 10'' 40''',29.18,Com,The Box,NGC 4169, ,9.9,21.4,
NGC 4178,,,Gal,Spiral,SBc/gz,5.5,45,72,2,Nearly edge-on barred grand design spiral with many star clouds in the arms.,12h 12m 46s,183.19,10° 51'' 53''',10.86,Vir,, , ,11.4,22.6,72°
NGC 4179,,,Gal,Lent,S0/d,4.6,60,80,2,Edge-on lenticular with small bulge,12h 12m 54s,183.23,01° 19'' 00''',1.32,Vir,, , ,11.0,21.4,90°
NGC 4183,,,Gal,Spiral,Sc/d,5.5,55,90,2,Edge-on spiral with bar but no central bulge or peanut shaped core,12h 13m 17s,183.32,43° 41'' 53''',43.70,CVn,, , ,12.3,22.6,89°
AbellG 1495,,,Gal,Cluster,120,25,2000,15000,2,"2 billion ly away cluster is surprisingly interesting, especially right next to Hickson 61.",12h 13m 23s,183.35,29° 13'' 23''',29.22,Com,, ,Hickson 61,17.0,,
Arp 260,,,Gal,Pair,,1.0,340,110,2,ARP: CLUMPS - Interacting pair of blue galaxies with plumes and strong arms,12h 13m 38s,183.41,16° 07'' 00''',16.12,Com,, , ,14.5,,
M 098,,,Gal,Spiral,SBb/gz,9.0,40,110,3,Almost edge-on spiral with likely outer pseudo-ring and nice dust lanes,12h 13m 48s,183.45,14° 54'' 01''',14.90,Com,,NGC4192, ,10.1,22.4,80°
Arp 160,,,Gal,Merger,IV/u,3.0,130,120,2,"ARP: DISTURBED WITH ABSORPTION -  Late stage merger of 2 galaxies, nice color including HII regions.",12h 14m 10s,183.54,54° 31'' 00''',54.52,UMa,,NGC 4194, ,13.3,22.0,
NGC 4203,,,Gal,Lent,SB0/fz,3.8,50,55,2,Face-on barred lenticular in Coma Benenices,12h 15m 12s,183.80,33° 13'' 00''',33.22,Com,, , ,10.9,22.2,0°
Arp 106,,,Gal,Merger,II/u,1.2,300,110,2,ARP: ELLIPTICAL/SPIRAL PAIR - Interacting pair with long star streams and shells.,12h 15m 35s,183.90,28° 10'' 00''',28.17,Com,,NGC 4211, ,13.5,22.2,
NGC 4212,,,Gal,Spiral,Sc,3.2,57,52,2,Small spiral in Coma Benenices,12h 15m 39s,183.91,13° 54'' 05''',13.90,Com,, , ,11.2,21.9,50°
NGC 4214,,,Gal,Mag,,4.0,10,12,2,"Dwarf barred irregular galaxy, same size as the Large Magellanic Cloud but 100 times further away",12h 15m 39s,183.91,36° 19'' 38''',36.33,CVn,, , ,9.8,22.9,
NGC 4217,,,Gal,Spiral,Sb/d,5.0,60,90,3,"Edge-on spiral, just 1/2 degree west of M106.  Dramatic uneven dust lane",12h 15m 51s,183.96,47° 05'' 29''',47.09,CVn,, , ,11.2,22.2,88°
NGC 4216 Trio,,,Gal,Trio,d,8,50,120,4,"Virgo Trio, the Stairway to Heaven, consists of 3 similar sized edge-on spirals in tight 24"" FOV.  ",12h 15m 54s,183.98,13° 08'' 59''',13.15,Vir,"Spindle Galaxy (3 of 3), Silver Streak Galaxy, Stairway to Heaven", ,"NGC4206,4222",10.0,21.7,
NGC 4220,,,Gal,Lent,S0,3.8,67,75,2,Brilliant inner ring lenticular with intriguing dust lane patterns,12h 16m 12s,184.05,47° 53'' 00''',47.88,CVn,, , ,11.4,22.0,80°
NGC 4236,,,Gal,Spiral ,SBc/z,20,16,100,2,"Close barred spiral, 1 of the 3 largest members of the M81 Group of Galaxies.",12h 16m 43s,184.18,69° 27'' 50''',69.46,Dra,,Caldwell3, ,9.6,23.9,75°
NGC 4250,,,Gal,Lent,SB0/roz,3.4,90,90,2,"Barred double ring lenticular with barlense, inner oval ring, and faint circular outer ring",12h 17m 26s,184.36,70° 48'' 06''',70.80,Dra,, , ,11.8,22.4,45°
NGC 4244,,,Gal,Spiral,Sc/dt,17,14,70,2,"Resplendent edge-on spiral.  No bulge, showy dust lanes",12h 17m 30s,184.38,37° 48'' 27''',37.81,CVn,Silver Needle Galaxy  ,Caldwell26, ,10.4,22.9,90°
NGC 4242,,,Gal,Mag,,5.0,22,32,2,"Magellanic galaxy - small size with white bar, blue star clouds and single arm",12h 17m 30s,184.38,45° 37'' 08''',45.62,CVn,, , ,10.8,22.8,40°
UGC 07321,,,Gal,Spiral,S/dt,6.0,75,130,3,Superthin galaxy,12h 17m 34s,184.39,22° 32'' 25''',22.54,Com,, , ,13.5,,90°
NGC 4245,,,Gal,Lent,SB0/rz,2.6,40,30,2,Barred ring lenticular with faint outer disk,12h 17m 37s,184.40,29° 36'' 28''',29.61,Com,, , ,11.4,22.2,60°
NGC 4251,,,Gal,Lent,SB0/dlz,3.6,62,70,2,Edge-on lenticular with barlense,12h 18m 12s,184.55,28° 11'' 00''',28.18,Com,, , ,10.7,21.3,90°
M 099,,,Gal,Spiral,Sc/fk,5.0,54,75,4,Asymmetric spiral with off-center core and VV rows,12h 18m 50s,184.71,14° 25'' 01''',14.42,Com,St. Catherine's Wheel Galaxy  ,NGC 4254, ,9.9,22.2,0°
M 106,,,Gal,Spiral,SBbc/gz,21,25,150,4,"Spiral with wonderful inner region dust lanes, HII regions, and star clouds, plus a closed outer ring",12h 18m 58s,184.74,47° 18'' 16''',47.30,CVn,,NGC 4258, ,8.4,22.5,75°
NGC 4260,,,Gal,Spiral,SBa/gz,3.8,150,170,2,Barred grand spiral with 2 strong smooth arms,12h 19m 22s,184.84,06° 05'' 56''',6.10,Vir,, , ,11.8,21.9,70°
NGC 4261,,,Gal,Ellip,E2,3.8,100,110,2,Elliptical in Virgo with many background galaxies,12h 19m 24s,184.85,05° 50'' 00''',5.83,Vir,, , ,10.4,22.2,
NGC 4262,,,Gal,Lent,SB0/fz,2.2,55,35,2,"Face-on barred lenticular in Coma Berenices, with barlense",12h 19m 31s,184.88,14° 52'' 36''',14.88,Com,, , ,11.6,21.6,5°
NGC 4274,,,Gal,Spiral,SBab/orz,7.0,50,100,3,White barred core with dust lanes spiraling in.  Blue star-forming ring mid-region.  Diffuse outer disk,12h 19m 51s,184.96,29° 36'' 51''',29.61,Com,, ,,10.4,22.2,70°
NGC 4273 Group,,,Gal,Group,8,20,90,540,2,"8 Galaxy group in Virgo, including NGC 4273 and 4281",12h 19m 56s,184.98,05° 20'' 36''',5.34,Vir,, ,NGC4281,11.9,22.0,
NGC 4278,,,Gal,Ellip,E1,3.8,30,35,2,"Small elliptical in Virgo, with NGC 4283 and 4286",12h 20m 07s,185.03,29° 16'' 50''',29.28,Com,, ,"NGC4283,4286",10.2,22.0,
NGC 4281,,,Gal,Lent,S0,3.0,80,70,2,"Lenticular with dust band, part of small group",12h 20m 21s,185.09,05° 23'' 13''',5.39,Vir,, , ,12.0,,
NGC 4289,,,Gal,Spiral,Sc/d,4.5,120,150,2,Large edge-on spiral with slightly offset dust lane,12h 21m 02s,185.26,03° 43'' 20''',3.72,Vir,, , ,14.0,23.1,88°
NGC 4293,,,Gal,Lent,SB0/z,5.5,50,85,2,Stellar core surrounded by dark billowing dust clouds.  Outer edge of this region is smoothly circular. ,12h 21m 13s,185.30,18° 22'' 58''',18.38,Com,Black Eye Galaxy (2 of 2), , ,10.4,22.0,65°
NGC 4298 Pair,,,Gal,Pair,dt,6.0,40,70,3,Attractive pair with contrasting yellow and blue colors.   NGC4302 is further away at 60 mly,12h 21m 33s,185.39,14° 35'' 55''',14.60,Com,, ,NGC4302,11.3,22.0,
NGC 4319,,,Gal,Spiral,SBab/kz,3.0,54,50,2,"Lovely disturbed spiral, with the famous Arp object Markarian 205 just right of its core.",12h 21m 44s,185.43,75° 19'' 19''',75.32,Dra,, , ,10.5,22.7,15°
M 061,,,Gal,Spiral,SBbc/fkz,6.0,55,100,4,"Bright white core, 2 symmetric dust lanes spiraling out of core, and VV rows.",12h 21m 55s,185.48,04° 28'' 23''',4.47,Vir,,NGC 4303, ,9.7,22.4,0°
M 040,,,Stars,Stars,,0.10,510,u,0,"Messier double star, not deserving of a place in Messier's catalogue",12h 22m 12s,185.55,58° 05'' 00''',58.08,UMa,,Winnecke 4 Double Star, ,,,
NGC 4312,,,Gal,Lent,Sab/dr,4.6,35,50,2,Lenticular with stunning dust lane and blue star-forming ring,12h 22m 31s,185.63,15° 32'' 17''',15.54,Com,, , ,11.7,22.2,86°
NGC 4314,,,Gal,Spiral,SBa/lnz,3.0,50,45,3,"Feature-filled galaxy - nuclear ring, bar lens, unusually long bar, sweeping arms.",12h 22m 32s,185.63,29° 53'' 44''',29.90,Com,, , ,10.6,22.3,20°
NGC 4331,,,Gal,Mag,,2.2,70,45,2,"Edge-on Magellanic galaxy, Foreground star creates comet-like galaxy appearance",12h 22m 36s,185.65,76° 10'' 21''',76.17,Dra,, , ,14.0,22.7,78°
M 100,,,Gal,Spiral,SBbc/fgnz,7.0,46,100,4,"Beautiful galaxy with distinct arms, star clouds, and pink HII regions.  Arm extend 360 degrees from core.",12h 22m 55s,185.73,15° 49'' 21''',15.82,Com,Mirror Galaxy  ,NGC 4321, ,9.4,22.3,0°
NGC 4330,,,Gal,Spiral,S/d,6.0,60,100,2,"Edge-on spiral with detailed dust lanes, No core bulge or disk warp",12h 23m 17s,185.82,11° 22'' 04''',11.37,Vir,, , ,12.4,22.7,87°
NGC 4346,,,Gal,Lent,S0,3.2,45,42,2,Lenticular in Canes Venatici,12h 23m 24s,185.85,47° 00'' 00''',47.00,CVn,, , ,11.2,21.6,75°
NGC 4340 Pair,,,Gal,Pair,dl,3.2,60,60,2,"Pair of galaxies (Holmberg 391) at slightly different distances. Each is about 60,000 ly diameter  ",12h 23m 35s,185.90,16° 43'' 20''',16.72,Com,,Holmberg 391 galaxy duo,NGC4350,11.2,22.4,
NGC 4350,,,Gal,Lent,S0/d,2.2,50,34,2,Lenticular companion to NGC 4340,12h 23m 57s,185.99,16° 41'' 37''',16.69,Com,, ,NGC4340,11.0,,90°
NGC 4359,,,Gal,Spiral,SBc/dz,3.8,42,50,2,Small barred spiral with dust lanes and slight bulge,12h 24m 12s,186.05,31° 31'' 17''',31.52,Com,, , ,13.0,22.9,84°
NGC 4365,,,Gal,Ellip,E3,5.5,75,120,2,Milky Way sized elliptical with many background cluster galaxies,12h 24m 28s,186.12,07° 19'' 03''',7.32,Vir,, , ,9.6,22.3,
NGC 4361,,,Neb,PN,BOY/j,1.8,1250,0.70,3,Small OIII PN with polar jets and visible progenitor,12h 24m 31s,186.13,-18° 47'' 06''',-18.79,Crv,, , ,10.9,,
NGC 4371,,,Gal,Lent,SB0/rlz,5.0,55,80,2,"Barred lenticular with barlens and inner ring, Many tiny background galaxies",12h 24m 55s,186.23,11° 42'' 14''',11.70,Vir,, , ,10.8,22.0,75°
Melotte 111,,,Stars,OC,II-3-40,275,300,25,2,Naked eye cluster looking like a cobweb in the sky,12h 25m 00s,186.25,26° 00'' 00''',26.00,Com,Coma Berenices Hair Cluster, , ,1.8,,
M 084,,,Gal,Ellip,E1,6.5,50,96,2,"Featureless elliptical, part of Markarian's Chain",12h 25m 04s,186.27,12° 53'' 12''',12.89,Vir,Markarian's Chain Member,NGC 4374,M86,9.1,21.9,
M 085,,,Gal,Ellip,E2,7.7,50,114,2,"Milky Way size elliptical with some interaction with a companion, NGC 4394",12h 25m 24s,186.35,18° 11'' 27''',18.19,Com,,NGC 4382,NGC4394,9.1,21.8,
NGC 4388,,,Gal,Spiral,Sb,6.0,55,100,2,Seyfert barred lenticular with fantastic inner dust lanes.  Many background galaxies seen through disk,12h 25m 47s,186.45,12° 39'' 42''',12.66,Vir,, , ,11.0,21.9,80°
NGC 4372,,,Stars,GC,XII,20,23000,140,4,Very loose class XII globular cluster with nearby bright blue star,12h 25m 48s,186.45,-72° 40'' 00''',-72.67,Mus,,Caldwell108, ,7.2,,
NGC 4395,,,Gal,Mag,,10,15,44,2,"Magellanic galaxy so close that it has 3 NGC emission nebulae - NGC 4399,4400,4401",12h 25m 49s,186.45,33° 32'' 49''',33.55,CVn,, , ,10.2,24.3,20°
NGC 4394,,,Gal,Spiral,SBb/flz,3.8,55,60,2,Face-on barred grand design spiral with barlens,12h 25m 56s,186.48,18° 12'' 50''',18.21,Com,, , ,10.9,22.3,5°
NGC 4402,,,Gal,Spiral,Sb/d,5.0,40,60,2,Amazing edge-on spiral with wide dust lane obscuring cure,12h 26m 08s,186.53,13° 06'' 45''',13.11,Vir,, , ,11.8,22.1,85°
M 086,,,Gal,Ellip,E3,10,50,150,3,Large elliptical that is the anchor of Markarian's Chain,12h 26m 12s,186.55,12° 56'' 46''',12.95,Vir,Markarian's Chain Member,NGC 4406,M84,8.9,22.1,
Markarian's Chain,,,Gal,Chain,12,90,50,1400,5,Impressive Virgo galaxy group,12h 26m 13s,186.55,12° 56'' 46''',12.95,Vir,Markarian's Chain,"M86, M84", ,,,
NGC 4414,,,Gal,Floc,r,5.0,60,90,2,"Flocculent disk, becoming diffuse towards outer edge.  Dust lanes distinct but not continuous.  Blue middle disk contrasts with yellow central region.  ",12h 26m 27s,186.61,31° 13'' 22''',31.22,Com,Flock Galaxy, , ,10.1,21.0,60°
NGC 4410,,,Gal,Merger,I,5.0,330,500,2,4 interacting galaxies connected by star streams,12h 26m 30s,186.63,09° 01'' 09''',9.02,Vir,, , ,12.8,20.7,
NGC 4411 Pair,,,Gal,Pair,,2.0,55,35,2,2 face-on galaxies with more structure than expected for their small size.  Likely further away than data indicates,12h 26m 30s,186.63,08° 52'' 19''',8.87,Vir,, ,UGC7546,12.7,22.9,80°
NGC 4419,,,Gal,Lent,S0,3.8,32,35,2,Lenticular disk with tremendous dust lane patterns obscuring the core,12h 26m 57s,186.74,15° 02'' 49''',15.05,Com,, , ,11.2,21.4,80°
IC 0791,,,Gal,Spiral,SBa/z,0.70,314,70,2,Barred spiral with bright inner ring and faint outer disk,12h 26m 59s,186.75,22° 38'' 22''',22.64,Com,, , ,13.1,22.1,25°
NGC 4424,,,Gal,Spiral,SBa/z,3.0,50,44,2,Active core region.  Bright star clouds creating a chain-of-beads effect in the bar.  Dark dust clouds scattered about. ,12h 27m 12s,186.80,09° 25'' 13''',9.42,Vir,, , ,11.7,22.5,65°
NGC 4441,,,Gal,Ellip,E,4.0,60,70,3,Bizarrely wonderful distorted merger object - inner region is spiral-like while outer region has amazing star stream loops,12h 27m 21s,186.84,64° 48'' 05''',64.80,Dra,, , ,12.7,23.7,
NGC 4429,,,Gal,Lent,S0,5.0,50,80,2,"Thick brown inner dust ring and X-shaped pattern in the bright disk lens, which is hexagon-shaped",12h 27m 27s,186.86,11° 06'' 27''',11.11,Vir,, , ,10.0,21.7,65°
NGC 4435,,,Gal,Spiral,Sa,2.2,54,35,2,"Companion to NGC 4438, one of the Eyes",12h 27m 40s,186.92,13° 04'' 45''',13.08,Vir,, , ,10.8,,80°
Arp 120,,,Gal,Pair,,9.0,55,140,4,ARP: ELLIPTICAL/SPIRAL PAIR - Large galaxy is severely warped with fantastic star streams.,12h 27m 48s,186.95,13° 00'' 29''',13.01,Vir,Eyes Galaxies,NGC 4438,NGC4435,10.2,22.5,
NGC 4442,,,Gal,Lent,SB0/z,5.0,48,70,2,"Barred lenticular, bar oriented at 45 degrees from major axis",12h 28m 04s,187.02,09° 48'' 14''',9.80,Vir,, , ,10.4,21.5,75°
NGC 4449,,,Gal,BCD,,5.0,12,17,3,"Incredibly strong Ha signal.  Star clouds and Ha regions lie in strangely curving arcs, looking like an octopus on fire",12h 28m 11s,187.05,44° 05'' 38''',44.09,CVn,,Caldwell21, ,9.6,21.9,
NGC 4448,,,Gal,Spiral,SBab/z,4.6,52,70,2,"Lenticular with barlens and star-forming ring.  Just northwest, an amazing assortment of distant galaxies",12h 28m 15s,187.06,28° 37'' 14''',28.62,Com,, ,UGC7576,11.1,21.7,70°
NGC 4450,,,Gal,Spiral,Sab,4.3,50,65,2,Occluded disk without much structure except for dark dust lanes which spiral into the bright core,12h 28m 29s,187.12,17° 05'' 06''',17.09,Com,, , ,10.1,22.1,55°
Dark Doodad,,,Neb,Dark,,180,u,u,5,Wonderful long thin wiggly dark nebula,12h 28m 50s,187.21,-71° 22'' 00''',-71.37,Mus,,Sandqvist149, ,,,
NGC 4457,,,Gal,Lent,SB0/roz,5.0,35,50,3,Fascinating lenticular with inner star forming arcs and 2 outer closed rings,12h 29m 00s,187.25,03° 34'' 12''',3.57,Vir,, , ,10.9,21.6,
NGC 4461,,,Gal,Lent,SB0/z,4.0,65,80,2,"3 distinct regions - bright core, mid-region disk with detail, and faint outer ring ",12h 29m 03s,187.26,13° 11'' 02''',13.18,Vir,Markarian's Chain Member, ,NGC4458,11.2,21.7,80°
NGC 4459,,,Gal,Lent,S0/f,3.5,52,55,2,Face-on lenticular with bright orange star to southeast,12h 29m 06s,187.28,13° 59'' 00''',13.98,Com,, , ,10.4,21.6,5°
M 049,,,Gal,Ellip,E2,10,56,160,3,"Large featureless elliptical, except for small companion in outer disk.",12h 29m 47s,187.45,08° 00'' 01''',8.00,Vir,,"NGC 4472, Arp 134", ,9.3,22.1,
NGC 4473,,,Gal,Ellip,E5,5.0,50,75,1,Oblong elliptical without much detail,12h 29m 49s,187.45,13° 25'' 47''',13.43,Com,Markarian's Chain Member, , ,10.2,21.7,
NGC 4477,,,Gal,Lent,SB0/lz,3.0,65,60,2,Barred lenticular with barlens,12h 30m 02s,187.51,13° 38'' 11''',13.64,Com,Markarian's Chain Member, ,NGC4479,10.4,22.0,20°
NGC 4478,,,Gal,Ellip,E,1.8,55,30,2,Small elliptical near M87,12h 30m 17s,187.57,12° 19'' 43''',12.33,Com,, , ,11.5,,
NGC 4485,,,Gal,Spiral,S,2.0,25,14,2,Companion to Arp 269,12h 30m 31s,187.63,41° 42'' 05''',41.70,CVn,, , ,11.9,,55°
Arp 269,,,Gal,Merger,II,7.0,25,50,4,ARP: CONNECTED ARMS - Showcase pair of bright blue interacting galaxies with HII regions,12h 30m 36s,187.65,41° 38'' 32''',41.64,CVn,Cocoon Galaxy, , ,9.8,21.8,
M 087,,,Gal,Ellip,E2,9.0,50,130,4,Giant featureless elliptical except for tiny blue jet outflow from massive black hole.,12h 30m 49s,187.70,12° 23'' 27''',12.39,Vir,,"Virgo A, Arp 152", ,8.6,21.9,
NGC 4494,,,Gal,Ellip,E1,4.0,55,65,2,Bright elliptical in Coma Berenices,12h 31m 24s,187.85,25° 46'' 29''',25.77,Com,, , ,9.8,21.8,
NGC 4496,,,Gal,Spiral,SBc/z,3.8,52,60,2,Pair of distorted spirals in Virgo.  The smaller galaxy is almost 5 times further away.,12h 31m 39s,187.91,03° 56'' 23''',3.94,Vir,, , ,11.4,22.9,25°
M 088,,,Gal,Spiral,Sb,7.0,60,120,4,Seyfert spiral galaxy with well structured disk,12h 31m 59s,188.00,14° 25'' 12''',14.42,Com,,NGC 4501, ,9.6,21.9,65°
NGC 4513,,,Gal,Lent,S0/o,3.0,110,100,2,Incredible pairing of 2 ring galaxies in a tight framing,12h 32m 02s,188.01,66° 19'' 56''',66.33,Dra,, ,VII Zw 466,13.0,21.9,60°
VII Zw 466,,,Gal,Coll,,0.50,700,100,2,Beautiful collisional ring galaxy with culprit nearby. Ring has nice blue star formation,12h 32m 05s,188.02,66° 24'' 12''',66.40,Dra,,VV 788,NGC4513,,,
NGC 4504,,,Gal,Spiral,SBc/gz,6.0,45,80,2,Glorious barred grand spiral with star clouds and dust lanes,12h 32m 17s,188.07,-07° 33'' 51''',-7.56,Vir,, , ,13.2,24.1,65°
NGC 4517,,,Gal,Spiral,Sc/d,10,30,85,2,Edge-on spiral with thick dust lane and no bulge.  Offset core,12h 32m 46s,188.19,00° 06'' 49''',0.11,Vir,,NGC 4437, ,10.4,22.1,89°
IC 3568,,,Neb,PN,EOY,0.20,12000,0.70,1,Tiny OIII-dominated PN with progenitor and inner shell,12h 33m 07s,188.28,82° 33'' 49''',82.56,Cam,Lemon Slice Nebula     , , ,10.6,,
Arp 175,,,Gal,Merger,I,0.80,350,80,3,"ARP: NARROW COUNTER-TAILS - Short star stream bridge and long tail, related to 2 distant galaxies",12h 33m 10s,188.29,11° 20'' 00''',11.33,Vir,Zwickys Triplet (2 of 2),IC 3483, ,14.9,22.0,
NGC 4522,,,Gal,Spiral,SBc/z,4.0,45,55,2,"Spiral, almost edge-on, with complex dust lanes on one half of core",12h 33m 40s,188.42,09° 10'' 27''',9.17,Vir,, , ,12.3,22.5,80°
Gum 43,,,Neb,Em,HII,2.0,14000,8.0,2,Pair of mildly interesting HII regions,12h 34m 00s,188.50,-61° 38'' 00''',-61.63,Vel,,RCW65, ,,,
Gum 44,,,Neb,Em,HII,2.0,16500,10,2,Several small bright HII regions with nearby bright stars,12h 34m 00s,188.50,-61° 41'' 00''',-61.68,Vel,,RCW66, ,,,
NGC 4526,,,Gal,Lent,SB0/pz,6.0,50,90,2,"2 interesting features - striking inner ring dust band and shape of the brightness of the inner region, ""peanut shaped"".",12h 34m 03s,188.51,07° 41'' 58''',9.90,Vir,, , ,9.3,21.6,80°
NGC 4527,,,Gal,Floc,,6.0,40,70,3,Flocculent galaxy with dark lanes running throughout disk,12h 34m 08s,188.53,02° 39'' 11''',2.65,Vir,, , ,11.4,22.1,75°
NGC 4531,,,Gal,Lent,S0,3.0,50,45,2,Lenticular galaxy with small core and some dust lanes visible,12h 34m 16s,188.57,13° 04'' 31''',13.08,Vir,, , ,11.4,22.2,50°
NGC 4532,,,Gal,BCD,,2.6,36,26,2,Small blue ill-defined BCD galaxy,12h 34m 19s,188.58,06° 28'' 09''',6.47,Vir,, , ,11.9,21.9,
NGC 4535,,,Gal,Spiral,SBc/gkz,7.0,50,100,2,"Barred grand design spiral with blue star clouds, HII regions, and VV rows",12h 34m 20s,188.58,08° 11'' 52''',8.20,Vir,"Lost Galaxy,McLeish's Object,Tao Galaxy", , ,11.0,22.6,45°
NGC 4536,,,Gal,Spiral,SBbc/gz,7.0,50,100,2,Barred grand design spiral with dark dust lanes forming an interesting X shape,12h 34m 27s,188.61,02° 11'' 15''',2.19,Vir,, , ,10.6,22.8,70°
M 091,,,Gal,Spiral,SBb/glz,5.6,55,90,4,The dimmest Messier object and a beautiful grand design spiral,12h 35m 27s,188.86,14° 29'' 47''',14.50,Com,,NGC 4548, ,10.2,22.3,35°
NGC 4546,,,Gal,Lent,SB0/z,3.2,45,44,1,Small lenticular in Virgo,12h 35m 30s,188.88,-03° 47'' 00''',-3.78,Vir,, , ,10.3,20.8,75°
NGC 4550,,,Gal,Lent,SB0/z,3.3,50,50,2,"Nice pairing of small lenticular with small elliptical in Virgo, both similar distance away",12h 35m 36s,188.90,12° 14'' 00''',12.23,Vir,, ,NGC4551,11.7,21.7,
M 089,,,Gal,Ellip,E0,7.0,50,100,2,Almost spherical elliptical,12h 35m 40s,188.92,12° 33'' 23''',12.56,Vir,,NGC 4552, ,9.8,22.1,
Stargate,,,Stars,OC,I-1-7-a,15,u,u,2,"Stars form vertices of two nested triangles, like the portal device featured in the Buck Rogers TV show.",12h 35m 43s,188.93,-12° 02'' 00''',-12.03,Crv,Stargate Asterism, , ,,,
NGC 4559,,,Gal,Spiral,SBc/z,10,23,70,2,Barred spiral with asymmetric disk and many star clouds,12h 35m 58s,188.99,27° 57'' 35''',27.96,Com,, Caldwell36, ,10.0,23.0,70°
NGC 4565,,,Gal,Spiral,Sb/dptw,15,40,170,4,"Wonderful edge-on spiral with 3D dust lanes, peanut shaped core, little bulge, and some disk warping",12h 36m 21s,189.09,25° 59'' 16''',25.99,Com,Needle Galaxy  ,Caldwell38, ,12.4,22.2,89°
NGC 4567 Pair,,,Gal,Pair,,3.8,55,60,3,Lovely overlapping blue and yellow galaxies that do not appear to be interacting,12h 36m 33s,189.14,11° 15'' 28''',11.26,Vir,"Siamese Twins Galaxies, Butterfly Galaxies", ,NGC 4568,11.3,22.0,55°
Hubble Deep Field,,,Gal,Cluster,,10,u,u,0,Failed attempt to replicate the Hubble Deep field image,12h 36m 49s,189.20,62° 12'' 58''',62.22,UMa,Hubble Deep Field, , ,,,
M 090,,,Gal,Spiral,SBab/gz,10,55,150,4,"Seyfert spiral anemic galaxy, nice star clouds and dust lanes around core.",12h 36m 50s,189.21,13° 09'' 48''',13.16,Vir,,NGC 4569, ,9.5,22.4,65°
NGC 4571,,,Gal,Spiral,Sc/fg,3.8,64,70,2,Symmetric grand design spiral with blue star clouds and inner pseudo-ring,12h 36m 52s,189.22,14° 13'' 02''',14.22,Com,, , ,11.3,22.8,0°
NGC 4570,,,Gal,Lent,S0/d,3.8,55,60,2,Edge-on lenticular with core bulge,12h 36m 54s,189.23,07° 15'' 00''',7.25,Vir,, , ,10.9,21.3,90°
Arp 211,,,Gal,BCD,,0.80,20,5.0,2,ARP: IRREGULARITIES - Some dwarf galaxy with bright blue star clouds.,12h 37m 19s,189.33,38° 43'' 00''',38.72,CVn,, , ,17.0,,
Chamaeleon III,,,Neb,Mol Cld,,240,1600,120,4,Faint molecular cloud including small Thumbprint Nebula and Moa Nebula,12h 37m 19s,189.33,-79° 38'' 06''',-79.64,Cha,Thumbprint and Moa, , ,,,
M 058,,,Gal,Spiral,SBb/glz,5.0,65,100,3,Barred Seyfert spiral galaxy with faint disk and blue star clouds,12h 37m 44s,189.43,11° 49'' 06''',11.82,Vir,,NGC 4579, ,9.7,22.0,20°
M 068,,,Stars,GC,X,12,33000,120,2,"Typical Messier cluster, fairly concentrated",12h 39m 28s,189.87,-26° 44'' 32''',-26.74,Hya,,NGC 4590, ,7.9,,
NGC 4593,,,Gal,Spiral,SBb/grz,4.0,145,170,2,Seyfert barred spiral with VV rows and inner pseudo-ring.  Image with NGC 4602,12h 39m 39s,189.91,-05° 20'' 40''',-5.34,Vir,, ,NGC4602,13.1,22.3,35°
Arp 149,,,Gal,Merger,II/x,1.3,370,140,2,"ARP: JETS - Pair of interacting galaxies with star stream bridge, no jets.",12h 39m 42s,189.93,16° 35'' 00''',16.58,Com,,IC 803, ,15.1,21.9,
NGC 4596,,,Gal,Lent,SB0/alz,4.6,38,50,2,"Barred lenticular, close to face-on, with barlens and ansae",12h 39m 56s,189.98,10° 10'' 33''',10.18,Vir,, , ,10.4,21.8,20°
M 104,,,Gal,Spiral,Sa/d,7.0,30,60,4,"Edge-on spiral, striking because of the contrast between the thick dust ring and the bright central bulge",12h 39m 59s,190.00,-11° 37'' 23''',-11.62,Vir,Sombrero Galaxy  ,NGC 4594, ,8.0,20.5,87°
NGC 4605,,,Gal,Mag,,5.5,13,22,2,"Small Magellanic spiral, with dust lanes roaming amongst bright star clusters, all enveloped in hazy outer star cloud",12h 40m 00s,190.00,61° 36'' 30''',61.61,UMa,"Frankenstein Galaxy, Fabrege Egg Galaxy", , ,10.3,21.8,80°
NGC 4602,,,Gal,Spiral,SBbc/z,3.8,102,110,2,Seyfert grand design barred spiral.  Image with NGC4593,12h 40m 37s,190.15,-05° 07'' 50''',-5.13,Vir,, ,NGC4593,11.5,21.8,75°
NGC 4608,,,Gal,Lent,SB0/frlz,3.8,68,75,2,"Barred lenticular, close to face-on, with barlens and inner ring",12h 41m 13s,190.30,10° 09'' 20''',10.16,Vir,, , ,11.0,22.1,5°
Arp 023,,,Gal,Mag,,4.0,25,30,2,ARP: 1 ARMED - Two Magellanic galaxies with nice colorful regions.,12h 41m 32s,190.38,41° 09'' 00''',41.15,CVn,,NGC 4618, ,10.8,22.4,30°
Arp 034,,,Gal,Spiral,Sa/g,1.5,210,90,2,ARP: INTEGRAL SIGN - Distorted grand design spiral with brilliant star formation in the arms.,12h 41m 37s,190.40,26° 04'' 00''',26.07,Com,,NGC 4613, ,15.2,22.4,70°
NGC 4631,,,Gal,Spiral,SBc/dz,17,24,120,4,ARP: INFILL & ATTRACTION - Showcase colorful galaxy with bridged companion  Image with NGC 4656,12h 41m 59s,190.50,32° 34'' 00''',32.57,CVn,Whale Galaxy  ,"NGC 4631,Caldwell32", ,9.2,22.0,88°
M 059,,,Gal,Ellip,E5,5.0,50,75,2,Oblong elliptical galaxy (E5).  Nice pairing with M60,12h 42m 02s,190.51,11° 38'' 48''',11.65,Vir,,NGC 4621,M60,9.6,21.8,
NGC 4623,,,Gal,Lent,SB0/dz,2.6,57,44,2,Edge-on lenticular with core bulge,12h 42m 11s,190.55,07° 40'' 36''',7.68,Vir,, , ,12.3,21.6,90°
NGC 4609,,,Stars,OC,II-1-25,6.0,4600,8.0,2,Arrow-shaped open cluster just northwest of bright 5.3 mag blue star HD 110432,12h 42m 18s,190.58,-63° 00'' 00''',-63.00,Cru,,Caldwell98, ,6.9,,
NGC 4636,,,Gal,Ellip,E2,7.0,50,100,1,Featureless elliptical galaxy,12h 42m 50s,190.71,02° 41'' 16''',2.69,Vir,, , ,9.5,22.0,
NGC 4639,,,Gal,Spiral,SBbc/arz,2.6,80,65,2,Barred spiral with inner pseudo-ring and ansae.  Image with NGC 4654,12h 42m 52s,190.72,13° 15'' 27''',13.26,Vir,, ,NGC4654,12.7,22.1,50°
NGC 4643,,,Gal,Lent,SB0/alz,4.0,40,50,3,Barred lenticular galaxy with barlens and ansae,12h 43m 20s,190.83,01° 58'' 40''',1.98,Vir,, , ,10.8,21.7,20°
Arp 116,,,Gal,Pair,,8.0,60,130,2,ARP: ELLIPTICAL/SPIRAL PAIR - Bright elliptical next to interesting spiral - no interaction seen.,12h 43m 32s,190.88,11° 34'' 00''',11.57,Vir,M60 companion,NGC 4647, ,9.8,22.1,
M 060,,,Gal,Ellip,E2,8.0,50,120,3,"Milky Way sized elliptical interacting with its neighbor, NGC 4647",12h 43m 40s,190.92,11° 33'' 08''',11.55,Vir,,NGC 4649,"NGC4647,M59",8.8,21.9,
Arp 189,,,Gal,Spiral,Sc/u,3.5,75,80,3,"ARP: NARROW FILAMENTS -  Detailed disk structure and faint 200,000 ly long straight star stream.",12h 43m 43s,190.93,16° 23'' 36''',16.39,Com,Umbrella Galaxy,NGC 4651, ,10.8,22.2,50°
NGC 4654,,,Gal,Spiral,SBc/kz,4.6,50,70,2,"Barred spiral with star clouds, HII regions and VV rows. Image with NGC 4639",12h 43m 57s,190.99,13° 07'' 34''',13.13,Vir,, ,NGC4639,10.5,22.1,60°
NGC 4656,,,Gal,Spiral,SBb/wz,11,17,60,3,Edge-on spiral with tremendous star formation and many blue star clouds.  Image with NGC 4631,12h 43m 58s,190.99,32° 10'' 17''',32.17,CVn,"Hockey Stick Galaxy, Crowbar Galaxy, Fish Hook Galaxy", , ,10.5,23.4,80°
Gum 45,,,Neb,PN,AHY,5.0,4250,6,2,Large HII-dominated bipolar PN,12h 44m 00s,191.00,-62° 34'' 00''',-62.57,Cru,,RCW69, ,,,
NGC 4660,,,Gal,Spiral,Sa,2.0,48,30,1,Small spiral galaxy in Virgo,12h 44m 32s,191.13,11° 11'' 26''',11.19,Vir,, , ,12.0,,70°
NGC 4665,,,Gal,Lent,SB0/rlz,4.0,55,65,2,"Barred lenticular with barlens, inner ring and extremely faint outer disk",12h 45m 06s,191.28,03° 03'' 22''',3.06,Vir,,"NGC4624,4664", ,10.5,22.0,25°
NGC 4666,,,Gal,Spiral,SBc/z,5.0,50,75,2,"Barred starburst spiral galaxy, close to edge-on, with no bulge, mottled disk, complex dust lanes, and blue star clouds.",12h 45m 08s,191.28,-00° 27'' 45''',-0.46,Vir,, , ,10.7,21.4,80°
Arp 163,,,Gal,BCD,,1.0,50,15,2,ARP: DIFFUSE FILAMENTS - Small dwarf blue galaxy with star clouds.,12h 45m 17s,191.32,27° 07'' 00''',27.12,Com,,NGC 4670, ,12.7,21.9,
Arp 242,,,Gal,Merger,III/ux,0.60,350,60,4,ARP: FISSION - Pair of interacting galaxies with bridge and dual long tails,12h 46m 10s,191.54,30° 43'' 00''',30.72,Com,Mice Galaxies,NGC 4676, ,13.5,22.1,
NGC 4689,,,Gal,Spiral,SBbc/kz,4.0,50,60,2,"LSB galaxy with 2 faint concentric rings, which are actually closer to being hexagons and resembling VV rows",12h 47m 46s,191.94,13° 45'' 45''',13.76,Com,, , ,11.0,22.6,35°
NGC 4691,,,Gal,Lent,SB0/nz,3.0,70,60,2,Galaxy is undergoing active star formation.  The core consists of 4 tiny bright areas near the center of the bar.,12h 48m 14s,192.06,-03° 19'' 59''',-3.33,Vir,, , ,11.1,21.9,35°
NGC 4698,,,Gal,Spiral,Sab/m,7.0,57,120,2,"Small bright core and fascinating inner lens area, with rings of dust lanes.  Outer disk is very faint",12h 48m 23s,192.10,08° 29'' 15''',8.49,Vir,, , ,12.3,21.8,70°
NGC 4697,,,Gal,Lent,S0,4.0,40,46,2,"Originally thought to be an elliptical, but now believed to be a lenticular, close to edge-on",12h 48m 36s,192.15,-05° 48'' 02''',-5.80,Vir,Olive Galaxy  ,Caldwell, ,9.2,21.9,70°
IC 3799,,,Gal,Spiral,SBc/dz,2.5,170,120,2,Edge-on spiral,12h 48m 59s,192.25,-14° 23'' 57''',-14.40,Crv,, , ,13.7,22.1,88°
NGC 4699,,,Gal,Floc,lm,4.0,65,75,2,"The inner disk has a spiral structure emanating from the central bar, which is a barlens, while the outer disk is flocculent",12h 49m 02s,192.26,-08° 39'' 53''',-8.66,Vir,, , ,9.5,20.8,45°
NGC 4710,,,Gal,Lent,S0/d,4.5,55,75,3,Perfect edge-on orientation.  Glowing bulge has distinctive peanut shape (X pattern),12h 49m 39s,192.41,15° 09'' 53''',15.16,Com,, , ,12.0,21.7,90°
Gum 46,,,Neb,Em,HII,3.0,7000,6.0,2,Small bright Hii region,12h 50m 00s,192.50,-61° 35'' 00''',-61.58,Cru,,RCW71, ,,,
NGC 4725,,,Gal,Spiral,SBab/glrz,10,40,120,4,"Stunning Seyfert barred galaxy with only 1 very long arm, extending for 2-1/2 revolutions around the core.",12h 50m 27s,192.61,25° 30'' 03''',25.50,Com,, ,NGC4712,12.5,22.9,50°
M 094,,,Gal,Spiral,Sab/or,11,15,50,4,Incredible Seyfert spiral ring galaxy with bright blue starburst ring,12h 50m 53s,192.72,41° 07'' 12''',41.12,CVn,"Croc's Eye Galaxy, Cat's Eye Galaxy",NGC 4736, ,8.2,22.0,15°
NGC 4731,,,Gal,Spiral,SBc/z,6.0,40,75,2,"Barred galaxy has striking integral sign shape, with varying color across the length of the arms and core.  ",12h 51m 01s,192.75,-06° 23'' 33''',-6.39,Vir,, , ,11.5,23.5,45°
Arp 159,,,Gal,Spiral,SBc/uz,3.5,40,40,3,ARP: DISTURBED WITH ABSORPTION -  merged core with extended star streams.,12h 51m 46s,192.94,25° 46'' 30''',25.78,Com,,NGC 4747, ,12.4,22.6,80°
NGC 4754,,,Gal,Lent,SB0/z,4.5,54,72,2,Barred lenticular with short stubby spiral arms.  Image with NGC 4762,12h 52m 18s,193.08,11° 18'' 49''',11.31,Vir,, ,NGC4762,10.6,22.0,70°
NGC 4753,,,Gal,Lent,S0,5.0,80,110,4,"Some of the most interesting dust lane patterns of any galaxy in the sky, likely from past mergers",12h 52m 22s,193.09,-01° 12'' 00''',-1.20,Vir,, , ,10.0,21.8,75°
AbellG 1631,,,Gal,Cluster,30,30,640,6000,1,Dominated by large elliptical,12h 52m 50s,193.21,-15° 26'' 17''',-15.44,Crv,, , ,15.4,,
NGC 4762,,,Gal,Spiral,S/dtw,8.5,35,90,3,The flattest galaxy in the universe.  Significant disk warping.  Image with NGC 4754,12h 52m 56s,193.23,11° 13'' 49''',11.23,Vir,, ,NGC4754,10.3,21.9,90°
Coal Sack,,,Neb,Dark,,480,u,u,4,Most famous naked eye dark nebula in the Milky Way,12h 53m 00s,193.25,-63° 00'' 00''',-63.00,Cru,Shadow of the Cross Nebula,Caldwell99, ,,,
NGC 4774,,,Gal,Coll,,0.60,390,70,2,"Collision ring galaxy plus the dwarf galaxy that caused the impact, with a short star stream between them.  ",12h 53m 06s,193.28,36° 49'' 34''',36.83,CVn,Kidney Bean Galaxy  , , ,14.3,21.4,75°
Hickson 062,,,Gal,Group,4,3.7,200,220,2,All 4 galaxies at same distance.  Not an interesting group.,12h 53m 08s,193.28,-09° 13'' 26''',-9.22,Vir,,, ,11.6,23.1,
NGC 4755,,,Stars,OC,I-3-100,10,6500,20,5,Brilliant open cluster with a variety of star magnitudes,12h 53m 24s,193.35,-60° 21'' 00''',-60.35,Cru,Jewel Box Cluster  ,Caldwell94, ,4.2,,
Chamaeleon II,,,Neb,Mol Cld,,120,u,u,4,Molecular cloud riddled with Bok globules,12h 53m 29s,193.37,-76° 48'' 30''',-76.81,Cha,"Haast Eagle Nebula, Possum Nebula", , ,,,
Abell 35,,,Neb,Em,SS,32,600,5.5,4,"The brightest and closest Abell object.  A large Stromgren sphere, not a PN.  Bow shock wave at center.",12h 53m 41s,193.42,-22° 51'' 42''',-22.86,Hya,,Sh2-313, ,10.0,,
Arp 265,,,Gal,Merger,III,1.1,190,60,2,ARP: CLUMPS - Complex faint blue arm galaxy with odd 3 arm central region.,12h 53m 53s,193.47,36° 05'' 00''',36.08,CVn,,IC 3862, ,14.5,23.0,
NGC 4781,,,Gal,Spiral,SBc/z,3.8,40,45,2,Barred spiral with poorly defined arm structure,12h 54m 24s,193.60,-10° 32'' 10''',-10.54,Vir,, , ,11.1,21.5,70°
NGC 4800,,,Gal,Spiral,Sb/n,1.7,100,50,2,Intense red star-forming nuclear ring surrounds small yellow core.  Blue star clouds in disk.  Arm structure diffuse,12h 54m 38s,193.66,46° 31'' 51''',46.53,CVn,, , ,11.6,21.1,40°
Arp 277,,,Gal,Merger,II,1.8,45,25,2,ARP: INTERACTING - Interacting pair of blue irregular galaxies with bridge and star clouds.,12h 54m 50s,193.71,02° 39'' 00''',2.65,Vir,,NGC 4809, ,13.8,22.7,
LoTr 5,,,Neb,PN,AOY/o,9.0,1600,4.2,2,Owl-shaped OIII-dominated PN with bright progenitor that looks like foreground star,12h 56m 00s,194.00,25° 53'' 00''',25.88,Com,, , ,,,
UGC 08058,,,Gal,Merger,IV,0.70,600,120,1,"Merger with single core and 300,000 ly tails",12h 56m 15s,194.06,56° 52'' 23''',56.87,UMa,, , ,14.0,,
M 064,,,Gal,Spiral,Sab,11,14,50,4,Striking meandering wide dust lane on near side of core,12h 56m 44s,194.18,21° 40'' 58''',21.68,Com,Black Eye Galaxy (1 of 2),NGC 4826, ,8.5,21.6,60°
NGC 4818,,,Gal,Spiral,SBab/z,4.5,35,45,2,Starburst barred spiral with diffuse disk,12h 56m 49s,194.20,-08° 31'' 30''',-8.53,Vir,, , ,11.1,21.9,50°
NGC 4845,,,Gal,Lent,SB0/z,6.0,65,115,2,Lenticular with tremendous dust lane structure in inner disk,12h 58m 01s,194.50,01° 34'' 33''',1.58,Vir,, , ,11.2,22.0,75°
Arp 266,,,Gal,Mag,,4.4,30,40,2,ARP: CLUMPS - Comet-like blue irregular galaxy with star clouds and long tail,12h 59m 01s,194.75,34° 51'' 00''',34.85,CVn,,NGC 4861, ,13.5,24.3,
NGC 4856,,,Gal,Lent,SB0/z,3.4,75,80,2,"Barred lenticular with barlens and ansae, numerous foreground stars",12h 59m 21s,194.84,-15° 02'' 32''',-15.04,Vir,, , ,10.5,21.0,75°
NGC 4866,,,Gal,Lent,S0,6.0,95,165,2,Lenticular with small core and star-forming ring around inner region,12h 59m 27s,194.86,14° 10'' 15''',14.17,Vir,, , ,11.2,22.3,80°
NGC 4833,,,Stars,GC,VIII,9.0,21200,60,4,Excellent distributions of color and magnitude in this globular cluster,12h 59m 36s,194.90,-70° 52'' 00''',-70.87,Mus,Southern Butterfly Cluster  ,Caldwell105, ,8.4,,
AbellG 1656,,,Gal,Cluster,100,64,300,6000,4,The Coma cluster is a brilliant collection of distant bright galaxies.,12h 59m 49s,194.95,27° 58'' 51''',27.98,Com,Coma Cluster,"NGC 4889,Caldwell35", ,13.5,,
NGC 4900,,,Gal,Spiral,SBc/fz,2.3,55,40,2,Barred face-on small spiral with poorly defined arm structure,13h 00m 39s,195.16,02° 30'' 01''',2.50,Vir,, , ,11.4,21.8,3°
NGC 4922,,,Gal,Merger,III,1.2,350,120,2,"Mid-stage merger, with galaxy disks touching, cores still separate, and tails",13h 01m 25s,195.35,29° 18'' 36''',29.31,Com,, , ,14.2,21.6,
NGC 4921,,,Gal,Cluster,20,18,270,1400,2,Eastern part of Coma Cluster,13h 01m 26s,195.36,27° 53'' 06''',27.89,Com,, , ,12.2,22.7,
NGC 4909,,,Gal,Spiral,fr,1.8,162,85,2,Unusual Hoag-type ring galaxy,13h 02m 02s,195.51,-42° 46'' 18''',-42.77,Cen,, , ,12.7,22.7,0°
UGC 08146,,,Gal,Spiral,S/dt,3.5,50,52,2,Superthin galaxy,13h 02m 08s,195.53,58° 41'' 55''',58.70,UMa,, , ,14.0,,90°
Hickson 063,,,Gal,Group,4,2.9,240,200,2,The furthest south Hickson.  B is a graceful grand spiral galaxy with fascinating arm asymmetry.,13h 02m 10s,195.54,-32° 46'' 05''',-32.77,Cen,,, ,13.1,24.0,
UGC 08155,,,Gal,Spiral,S/gk,2.5,140,100,2,Symmetric grand spiral with slight vv rows,13h 03m 15s,195.81,07° 48'' 06''',7.80,Vir,, , ,14.5,,25°
Arp 176,,,Gal,Merger,II,1.8,150,80,2,ARP: NARROW COUNTER-TAILS - Trio of galaxies with a star stream tail.,13h 03m 56s,195.98,-11° 29'' 00''',-11.48,Vir,,NGC 4933, ,11.7,21.2,
NGC 4930,,,Gal,Spiral,SBb/fz,4.0,110,120,1,"Faint barred grand design galaxy, with 2 distinct arms emanating from each end of the bar and extending for 1 rotation",13h 04m 05s,196.02,-41° 24'' 41''',-41.41,Cen,, , ,12.0,22.9,10°
NGC 4939,,,Gal,Spiral,SBbc/z,5.0,140,200,3,Large grand design galaxy whose arms appear to make 2 revolutions around the core,13h 04m 14s,196.06,-10° 20'' 25''',-10.34,Vir,, , ,13.8,23.0,60°
NGC 4945,,,Gal,Spiral,SBc/dz,16,11,50,4,Seyfert edge-on spiral with lovely dark lanes,13h 05m 27s,196.36,-49° 28'' 02''',-49.47,Cen,Cigar Galaxy (2 of 2),Caldwell83, ,8.4,21.8,83°
NGC 4958,,,Gal,Lent,SB0/dwz,6.0,46,80,2,Edge-on barred lenticular with slight disk warp,13h 05m 49s,196.45,-08° 01'' 15''',-8.02,Vir,, , ,10.7,21.2,85°
UGC 08201,,,Gal,Dwarf,,3.5,16,18,1,Small close blue dwarf galaxy,13h 06m 25s,196.60,67° 42'' 25''',67.71,UMa,, , ,13.0,,
Arp 139,,,Gal,Pair,,0.90,500,130,1,ARP: ELLIP. EMANATING MATERIAL - Looks like 3 small interacting galaxies,13h 07m 27s,196.86,26° 43'' 00''',26.72,Com,, , ,15.8,,
NGC 4984,,,Gal,Lent,SB0/z,3.2,50,50,2,"Barred lenticular, almost face-on, with pseudo-ring around rim",13h 08m 57s,197.24,-15° 31'' 00''',-15.52,Vir,, , ,11.3,22.0,25°
NGC 4995,,,Gal,Spiral,SBb/z,2.6,80,60,2,"Barred spiral with nice arm structure, inner pseudo-ring and many background galaxies",13h 09m 36s,197.40,-07° 50'' 00''',-7.83,Vir,, , ,11.1,21.3,70°
NGC 5002,,,Gal,Mag,,2.2,65,42,2,Magellanic galaxy in Canes Venatici,13h 10m 38s,197.66,36° 38'' 03''',36.63,CVn,, , ,13.8,23.1,65°
NGC 5005,,,Gal,Floc,,5.0,70,105,2,Long distinct dust lane on west side of core.  Blue star clouds throughout,13h 10m 56s,197.73,37° 03'' 30''',37.06,CVn,,Caldwell29, ,9.8,21.5,70°
AbellG 1689,,,Gal,Cluster,230,20,2500,14000,2,One of the largest galaxy clusters,13h 11m 34s,197.89,-01° 21'' 55''',-1.37,Vir,, , ,17.6,,
NGC 5023,,,Gal,Spiral,Sc/dt,7.0,22,45,2,Superthin edge-on blue spiral,13h 12m 12s,198.05,44° 02'' 17''',44.04,CVn,, , ,12.3,22.8,90°
M 053,,,Stars,GC,V,13,60000,230,3,One of the largest diameter Messier globular clusters,13h 12m 55s,198.23,18° 10'' 07''',18.17,Com,,NGC 5024, ,7.7,,
UGC 08303,,,Gal,Mag,,2.0,50,30,2,"Irregular galaxy with star cloud, HII regions and odd shape",13h 13m 18s,198.33,36° 13'' 00''',36.22,CVn,,Holmberg VIII  , ,13.0,,
NGC 5033,,,Gal,Spiral,Sc/k,11,60,200,4,"Superb object - hexagon inner region, warped outer disk with VV rows, HII regions, and amazing outward arm spread",13h 13m 28s,198.37,36° 35'' 38''',36.59,CVn,Crab Galaxy (2 of 2), , ,10.2,23.3,65°
Arp 196,,,Gal,Merger,I,0.35,1000,100,2,ARP: EJECTED MATERIAL - Pair of small galaxies with bridge.  Tied for furthest Arp object at 1 billion ly.,13h 14m 37s,198.65,26° 07'' 00''',26.12,Com,, ,Arp 60,16.0,,
Arp 060,,,Gal,Spiral,S,0.30,1000,85,0,ARP: SMALL HSB COMP - Farthest ARP galaxy and smallest in apparent size.,13h 14m 47s,198.70,26° 05'' 00''',26.08,Com,, ,Arp 196,17.0,,15°
Arp 238,,,Gal,Merger,II/x,0.90,480,130,2,ARP: FISSION - Pair of interacting galaxies with star stream bridge and many other streams.,13h 15m 29s,198.87,62° 07'' 00''',62.12,UMa,, , ,15.0,,
M 063,,,Gal,Floc,,13,30,110,4,Flocculent galaxy with 3-D appearance and interesting dust lanes,13h 15m 49s,198.95,42° 01'' 46''',42.03,CVn,Sunflower Galaxy  ,NGC 5055, ,8.6,22.2,60°
NGC 5053,,,Stars,GC,XI,10,57000,170,2,One of the easiest-to-resolve globular clusters in the Milky Way,13h 16m 27s,199.11,17° 42'' 00''',17.70,Com,, , ,9.0,,
Arp 057,,,Gal,Spiral,S/g,0.50,800,130,1,ARP: SMALL HSB COMP - Very small grand design galaxy with a companion.,13h 16m 40s,199.17,14° 26'' 00''',14.43,Com,, , ,15.5,,20°
NGC 5054,,,Gal,Spiral,Sbc,5.0,48,70,3,Appealing 3 arm spiral with dust lanes throughout,13h 16m 58s,199.24,-16° 38'' 05''',-16.63,Vir,, , ,10.9,22.6,45°
NGC 5068,,,Gal,Spiral,SBc/fz,7.0,20,42,2,Small face-on barred spiral with HII regions and blue star clouds.  Long bar has amazing look of a string of pearls,13h 18m 55s,199.73,-21° 02'' 20''',-21.04,Vir,, , ,10.0,22.9,0°
Gum 48a,,,Neb,Em,HII,30,7000,60,3,"Asymmetric emission object with reflection nebula, and dust on southeast half",13h 19m 00s,199.75,-62° 35'' 00''',-62.58,Cen,,RCW75, ,,,
PGC 0046423,,,Gal,Spiral,S/d,0.50,500,75,2,Nice edge-on spiral with offset core and nice dust lane,13h 19m 05s,199.77,-24° 24'' 51''',-24.41,Hya,, ,NGC5085,,,86°
PGC 0046461 Pair,,,Gal,Pair,,0.50,500,80,2,Interacting galaxies with star clouds and dust lanes,13h 19m 33s,199.89,-24° 29'' 18''',-24.49,Hya,, ,NGC5085,,,
NGC 5078,,,Gal,Spiral,Sa/d,5.0,90,130,2,"Edge-on lenticular with dramatic wide dust lane, interacting somewhat with IC879 companion to the southwest",13h 19m 50s,199.96,-27° 24'' 34''',-27.41,Hya,, , ,11.8,21.9,88°
NGC 5084,,,Gal,Lent,S0/d,9.0,60,160,2,"Edge-on lenticular with amazing brightness profile, like a Celtic cross.",13h 20m 17s,200.07,-21° 49'' 40''',-21.83,Vir,, , ,10.5,22.3,90°
NGC 5085,,,Gal,Spiral,Sc/g,3.0,95,85,2,"Grand design spiral with some fragmentation of arms, nice color.  Adjacent to 2 obscure fascinating objects",13h 20m 18s,200.08,-24° 26'' 25''',-24.44,Hya,, , ,11.0,23.0,25°
Arp 193,,,Gal,Merger,IV/x,0.80,340,80,2,ARP: NARROW FILAMENTS - Pair of merging galaxies  with 1 combined core and 2 star stream tails.,13h 20m 35s,200.15,34° 08'' 00''',34.13,CVn,,IC 883, ,14.4,22.5,
NGC 5100,,,Gal,Merger,I,0.50,500,75,2,"Two galaxies that are likely interacting, with star stream plumes",13h 21m 00s,200.25,08° 58'' 36''',8.98,Vir,,NGC 5106, ,14.3,22.1,
NGC 5090 Group,,,Gal,Group,5,22,285,1900,2,"5 galaxy group anchored by NGC 5090, a huge 250,000 ly diameter which is adjacent to a magnificent spiral.  ",13h 21m 13s,200.30,-43° 42'' 17''',-43.70,Cen,, ,"NGC 5082,5091",11.5,21.5,
NGC 5101,,,Gal,Lent,SB0/flz,10,50,145,3,"Face-on barred lenticular with beautiful complex structure, highlighted by stunning barlens and inner pseudo-ring",13h 21m 46s,200.44,-27° 25'' 50''',-27.43,Hya,, , ,10.7,22.9,10°
NGC 5112,,,Gal,Spiral,SBc/z,3.5,55,55,2,Small barred spiral with numerous arms,13h 21m 57s,200.49,38° 44'' 05''',38.73,CVn,, , ,12.1,23.6,60°
NGC 5102,,,Gal,Lent,S0,8.0,12,30,2,Lenticular with interesting brightness profile.  Located just 20' northeast of mag 3 Iota Centauri,13h 21m 58s,200.49,-36° 37'' 51''',-36.63,Cen,Iota's Ghost, , ,9.6,21.9,70°
Arp 204,,,Gal,Polar,,0.70,300,60,2,ARP: EJECTED MATERIAL - Trio of interacting edge-on galaxies with long star stream bridge ,13h 22m 49s,200.70,84° 30'' 00''',84.50,Cam,, , ,15.6,,
NGC 5122,,,Gal,Polar,,1.0,140,40,3,"Magnificent polar ring galaxy, with long polar stream 3 times the length of the galaxy.  1/2 degree NW of Spica ",13h 24m 15s,201.06,-10° 39'' 17''',-10.65,Vir,, , ,13.4,20.7,
NGC 5128,,,Gal,Ellip,E,17,12,60,5,"Showcase object - 5th brightest galaxy.  Lenticular with fascinating dust lanes, likely from mergers.",13h 25m 28s,201.37,-43° 01'' 08''',-43.02,Cen,,"Centaurus A, Arp 153,Caldwell77", ,6.9,22.4,
Hickson 064,,,Gal,Group,4,1.7,490,250,2,"a and b are the most interesting interacting Hickson pair, with lovely star streams.",13h 25m 43s,201.43,-03° 51'' 28''',-3.86,Vir,,, ,13.7,23.5,
NGC 5139,,,Stars,GC,VIII,36,17000,165,5,Showcase object - the largest globular cluster in the Milky Way.,13h 26m 47s,201.70,-47° 28'' 53''',-47.48,Cen,Omega Centauri  ,Caldwell80, ,3.9,,
NGC 5153 Trio,,,Gal,Trio,,3.0,180,160,2,"Trio of large galaxies, anchored by large elliptical NGC 5153 but highlighted by disturbed spiral NGC5152",13h 27m 54s,201.98,-29° 37'' 06''',-29.62,Hya,, ,"NGC5152,5150",11.8,21.9,
NGC 5201,,,Gal,Spiral,Sb,2.0,400,225,2,"Huge distant galaxy (225,000 ly diameter) with arms that appear to spiral in opposite directions somehow.",13h 29m 16s,202.32,53° 04'' 54''',53.08,UMa,, , ,13.2,22.6,60°
Arp 040,,,Gal,Pair,g,0.50,800,120,0,"ARP: LSB COMPANION - Grand design spiral galaxy, ""companion"" is distant galaxy.  Very small apparent size.",13h 29m 20s,202.33,37° 24'' 00''',37.40,CVn,,IC 4271, ,15.0,22.2,
NGC 5204,,,Gal,Mag,,5.0,15,23,2,Magellanic galaxy with white bar and blue star clouds,13h 29m 36s,202.40,58° 25'' 09''',58.42,UMa,, , ,11.3,23.0,55°
M 051,,,Gal,Spiral,Sbc/gk,11,25,80,5,Face-on Seyfert grand design spiral with companion (NGC 5194) slightly below and behind.,13h 29m 52s,202.47,47° 11'' 45''',47.20,CVn,Whirlpool Galaxy,"NGC 5194, Arp 85",NGC 5195,8.4,21.8,15°
Hickson 065,,,Gal,Group,5,1.7,660,320,2,"All 5 galaxies are ellipticals and at same distance, with some interaction seen.",13h 29m 54s,202.48,-29° 29'' 58''',-29.50,Hya,,, ,12.7,22.5,
NGC 5195,,,Gal,Lent,SB0/z,5.4,21,35,2,Companion to M51,13h 29m 59s,202.50,47° 16'' 00''',47.27,CVn,, ,M51,9.6,21.9,20°
NGC 5183,,,Gal,Spiral,Sb,1.8,210,120,2,"Unusual structure - mid-region ring, diffuse outer disk, and single strong arm with star formation.  Image with NGC 5184",13h 30m 06s,202.53,-01° 43'' 12''',-1.72,Vir,, ,NGC 5184,12.7,21.9,70°
NGC 5184,,,Gal,Spiral,SBc/z,1.8,210,120,2,"Like the adjacent NGC 5183, disk is disturbed with hard to trace arms and some star clouds",13h 30m 12s,202.55,-01° 39'' 47''',-1.66,Vir,, ,NGC 5183,12.8,22.5,45°
Arp 334,,,Gal,Spiral,S,1.2,350,125,2,ARP: MISC. - almost edge-on spiral with faint looping star stream.,13h 30m 25s,202.60,31° 37'' 00''',31.62,CVn,, , ,14.0,,75°
Arp 104,,,Gal,Merger,I,2.1,140,95,3,"ARP: ELLIPTICAL/SPIRAL PAIR - Pair of interacting galaxies with lovely 200,000 ly star stream bridge.",13h 32m 10s,203.04,62° 46'' 03''',62.77,UMa,Keenan's System ,NGC 5218, ,12.3,22.0,
NGC 5211,,,Gal,Spiral,SBab/z,1.8,180,100,2,"Bright core, faint bar, strong oval inner lens, and arms that extend out 180 degrees to form a pseudo-ring",13h 33m 05s,203.27,-01° 02'' 06''',-1.04,Vir,, , ,12.3,22.4,20°
NGC 5189,,,Neb,PN,PRY,3.0,3000,2.5,4,Striking PN that looks more like a barred spiral galaxy,13h 33m 33s,203.39,-65° 58'' 27''',-65.97,Mus,Spiral Planetary Nebula,Gum47, ,14.5,,
Gum 48b,,,Neb,Em,HII,40,24500,290,2,Faint large HII region,13h 34m 00s,203.50,-62° 14'' 00''',-62.23,Cen,,RCW78, ,,,
Arp 036,,,Gal,Spiral,SB/z,1.4,220,90,2,"ARP: INTEGRAL SIGN - Odd star clouds in this disturbed galaxy, including one with a green tint.",13h 34m 14s,203.56,31° 25'' 00''',31.42,CVn,, ,Arp 183,15.0,,30°
Arp 183,,,Gal,Spiral,S/g,1.3,225,90,2,ARP: NARROW FILAMENTS -  Face-on grand design spiral - filaments are simply disk disturbance.,13h 34m 55s,203.73,31° 23'' 00''',31.38,CVn,, ,Arp 36,14.4,,30°
Arp 288,,,Gal,Spiral,Sc,1.2,330,120,2,ARP: WIND EFFECTS - Double ring galaxy with 0.5 billion long star streams,13h 34m 57s,203.74,13° 45'' 00''',13.75,Vir,,NGC 5222, ,13.1,22.7,80°
IC 4290,,,Gal,Spiral,SBb/rz,1.2,221,80,2,Striking barred ring galaxy with faint outer disk,13h 35m 20s,203.83,-28° 01'' 19''',-28.02,Hya,, , ,13.3,22.8,25°
NGC 5230,,,Gal,Spiral,SBc/fkz,1.8,345,175,2,"Amazing similarity to M101, but NGC 5320 is 10x further away and 10x smaller in apparent size.",13h 35m 32s,203.88,13° 40'' 32''',13.68,Vir,, , ,12.1,22.2,10°
M 083,,,Gal,Spiral,SBc/z,13,16,60,4,Barred starburst galaxy with bright core,13h 37m 00s,204.25,-29° 51'' 51''',-29.86,Hya,Southern Pinwheel Galaxy  ,NGC 5236, ,7.5,21.7,20°
Arp 326,,,Gal,Chain,7,8.0,530,1200,2,ARP: CHAINS - Curving line-of-sight chain of spirals,13h 37m 25s,204.35,06° 31'' 00''',6.52,Vir,, ,Arp 33,14.0,,
Arp 033,,,Gal,Spiral,S,1.0,330,100,2,ARP: INTEGRAL SIGN - Disturbed blue edge-on galaxy,13h 37m 28s,204.37,06° 25'' 00''',6.42,Vir,, ,Arp 329,15.0,,75°
NGC 5248,,,Gal,Spiral,SBbc/nz,6.0,40,70,2,Clear detail of blue star clouds and pink HII regions.  6 bright star forming regions surround core,13h 37m 32s,204.38,08° 53'' 08''',8.89,Boo,,Caldwell45, ,10.3,22.7,65°
NGC 5247,,,Gal,Spiral,SBbc/fgkz,5.0,70,100,2,"Arms extend out for 270 degrees.  Each arm splits into 2 about halfway along length.  Many star clouds, HII regions and dust lanes.",13h 38m 03s,204.51,-17° 53'' 04''',-17.88,Vir,, , ,10.0,22.3,5°
Hickson 066,,,Gal,Group,4,1.0,960,300,2,All 4 galaxies are ellipticals and are at the same distance.  A dim and distant group.,13h 38m 33s,204.64,57° 18'' 16''',57.30,UMa,,, ,13.8,22.4,
NGC 5253,,,Gal,BCD,,5.0,11,15,2,One of the nearest BCD (Blue Compact Dwarf) galaxies to earth,13h 39m 56s,204.98,-31° 38'' 26''',-31.64,Cen,, , ,10.4,21.7,
Arp 240,,,Gal,Merger,II,1.7,300,140,2,ARP: FISSION - Pair of interacting galaxies with bridge and bright star clouds.,13h 39m 57s,204.99,00° 49'' 00''',0.82,Vir,,NGC 5258, ,12.9,22.3,
Gum 48c,,,Neb,Em,HII,12,17500,60,2,"HII ring, brightest on the south side",13h 40m 00s,205.00,-61° 41'' 00''',-61.68,Cen,,RCW79, ,,,
Abell 36,,,Neb,PN,ACY/f,8.0,800,2.0,2,"The closest Abell PN.  Large, very faint, odd non-PN like structure. OIII-dominated in outer shell.",13h 40m 41s,205.17,-19° 52'' 57''',-19.88,Vir,, , ,12.0,,
Arp 239,,,Gal,Merger,II,1.0,375,110,2,ARP: FISSION - Pair of interacting galaxies with bridge and bright star clouds.,13h 41m 39s,205.41,55° 40'' 00''',55.67,UMa,,NGC 5278, ,13.6,21.9,
NGC 5273,,,Gal,Lent,S0,2.6,55,42,2,Lenticular with interesting spiral ring galaxy NGC 5276 to the southeast,13h 42m 06s,205.53,35° 38'' 00''',35.63,CVn,, ,NGC5276,13.1,22.5,30°
M 003,,,Stars,GC,VI,16,32000,150,4,Large globular with colorful outlying stars and nice resolution to the core,13h 42m 11s,205.55,28° 22'' 35''',28.38,CVn,,NGC 5272, ,6.3,,
NGC 5280 Group,,,Gal,Group,6,8.0,410,970,2,6 galaxy group in 8' area with a number of interesting disk structures,13h 42m 56s,205.73,29° 52'' 07''',29.87,CVn,, , ,13.6,22.0,
Mrk 0273,,,Gal,Merger,IV,0.30,550,50,2,Triangular core with long tail - likely a merger remnant,13h 44m 42s,206.18,55° 53'' 19''',55.89,UMa,, , ,14.9,,
UGC 08696,,,Gal,Merger,IV,0.40,500,60,1,"Late stage merger, 1 of 4 nearby galaxies at the same distance",13h 44m 42s,206.18,55° 53'' 11''',55.89,UMa,, , ,14.9,,
NGC 5297,,,Gal,Spiral,SBc/z,5.0,100,150,3,"Large barred galaxy, almost edge-on, with bright star clouds and long disturbed upper arm.  Bridge conn. to companion NGC5296",13h 46m 24s,206.60,43° 52'' 21''',43.87,CVn,, ,NGC5296,11.8,22.7,80°
NGC 5286,,,Stars,GC,V,9.0,36000,95,2,"Globular cluster, designated Caldwell 84, in Centaurus",13h 46m 27s,206.61,-51° 22'' 30''',-51.38,Cen,,Caldwell84, ,7.4,,
NGC 5281,,,Stars,OC,I-3-40,5.0,5100,8.0,2,Distinct and colorful open cluster with short linear alignment of bright blue and orange stars,13h 46m 48s,206.70,-62° 55'' 00''',-62.92,Cen,, , ,5.9,,
Gum 48d,,,Neb,Em,HII,25,11500,85,2,Faint HII region,13h 47m 00s,206.75,-62° 34'' 00''',-62.57,Cen,,RCW80, ,,,
NGC 5300,,,Gal,Spiral,SBc/z,3.8,62,70,2,Slightly barred grand design spiral with VV rows and multiple arms in the outer disk,13h 48m 16s,207.07,03° 57'' 02''',3.95,Vir,, , ,11.4,22.7,40°
NGC 5311,,,Gal,Lent,S0,2.2,136,90,2,Lenticular with multiple parallel dust bands.  Image with NGC 5313,13h 48m 56s,207.23,39° 59'' 08''',39.99,CVn,, ,NGC5313,13.0,22.9,75°
Hickson 067,,,Gal,Group,4,3.3,340,340,2,"All 4 galaxies at same distance.  Galaxy a appears to be 2 objects, while b is a nice edge-on spiral.",13h 49m 03s,207.26,-07° 12'' 19''',-7.21,Vir,,, ,11.6,22.8,
IC 4329 Group,,,Gal,Group,8,40,210,2400,2,Group of 8 galaxies led by large elliptical,13h 49m 05s,207.27,-30° 17'' 48''',-30.30,Cen,, , ,11.3,22.1,
NGC 5322,,,Gal,Ellip,E2/p,4.0,100,120,1,Oval (E3) elliptical with peanut (X) shape of the core halo.,13h 49m 15s,207.31,60° 11'' 26''',60.19,UMa,, , ,11.0,22.5,
NGC 5313,,,Gal,Spiral,Sb,1.5,165,75,2,"Spiral with blue star clouds, pink HII regions, bright yellow core, and pair of strong arms of unequal lengths.  Image with NGC5311",13h 49m 44s,207.43,39° 59'' 05''',39.98,CVn,, ,NGC5311,12.0,21.6,60°
NGC 5320,,,Gal,Spiral,SBc/z,3.8,100,110,2,Seyfert grand design spiral with VV rows,13h 50m 00s,207.50,41° 21'' 00''',41.35,CVn,, , ,12.1,22.8,70°
NGC 5334,,,Gal,Spiral,SBc/z,3.8,110,120,2,Barred spiral with asymmetric disk.  Numerous arm fragments in northwest half of the disk,13h 52m 00s,208.00,-01° 06'' 00''',-1.10,Vir,, , ,11.3,22.8,40°
Hickson 068,,,Gal,Group,5,9.1,100,260,3,One of the brightest Hickson groups with some of the best color of any Hickson group.,13h 53m 41s,208.42,40° 29'' 07''',40.49,CVn,,, ,9.5,22.9,
NGC 5348,,,Gal,Spiral,SBbc/dz,4.0,50,60,2,Edge-on spiral with good color and dust lane detail.  Numerous background galaxies,13h 54m 00s,208.50,05° 13'' 00''',5.22,Vir,, , ,13.1,22.5,90°
PGC 0049473,,,Gal,Spiral,S/d,2.0,160,90,2,Edge-on spiral with thick bisecting dust lane,13h 55m 05s,208.77,-26° 46'' 48''',-26.78,Hya,, , ,13.0,,88°
Hickson 069,,,Gal,Group,4,1.9,410,240,2,All galaxies at same distance.  Group lies in a nice galaxy field.,13h 55m 31s,208.88,25° 03'' 46''',25.06,Boo,,, ,12.5,22.2,
NGC 5371,,,Gal,Spiral,SBbc/gz,4.0,130,150,2,Attractive slightly barred grand design spiral galaxy.  Arms are discontinuous and hard to trace.  Faint star streams beyond arms.,13h 55m 40s,208.92,40° 27'' 42''',40.46,CVn,, , ,11.9,22.3,45°
NGC 5389,,,Gal,Lent,SB0/dz,4.6,100,135,3,"Lenticular, almost edge-on, with stunning dust lane.  Capture with NGC 5379, lenticular ring galaxy.",13h 56m 00s,209.00,59° 44'' 00''',59.73,UMa,, ,NGC5379,12.0,22.0,82°
NGC 5363,,,Gal,Lent,S0,4.0,60,70,2,"Complex structure, with multiple dust lanes and several foreground superimposed stars.  ",13h 56m 07s,209.03,05° 15'' 16''',5.25,Vir,Broken Heart Galaxy, , ,10.1,21.4,
NGC 5364,,,Gal,Spiral,Sbc/g,6.0,45,80,2,"Grand design spiral with 3 distinct arm regions - 2 tight arms that spiral 1 time around core, mid-region oval ring, and 2 arms that spiral 540 deg out from ring.",13h 56m 12s,209.05,05° 00'' 55''',5.02,Vir,, ,NGC5360,10.5,23.0,50°
NGC 5377,,,Gal,Spiral,SBa/oz,4.0,85,100,3,"Marvelous structure features bright core, complex inner region, and outer pseudo-ring.  Similar to M96, including dust lane streaming up and out of core",13h 56m 17s,209.07,47° 14'' 07''',47.24,CVn,, , ,11.3,22.3,65°
NGC 5375,,,Gal,Spiral,SBab/agz,3.2,125,120,3,"Milky Way size barred grand spiral with barlens, bright ansae and symmetric disk",13h 56m 56s,209.23,29° 09'' 50''',29.16,CVn,, , ,11.5,22.6,15°
NGC 5383,,,Gal,Spiral,SBb/nz,2.3,120,80,3,"Barred spiral, almost face-on, with point symmetric blue star forming region around core, huge bar, dramatic dust lanes, and bright blue ansae",13h 57m 05s,209.27,41° 50'' 46''',41.85,CVn,, ,,11.4,22.5,15°
CG 12,,,Neb,Dark,,4.0,2000,2.5,2,Cometary globule seen next to the NGC 5367 blue reflection nebula,13h 57m 39s,209.41,-39° 58'' 42''',-39.98,Cen,, ,NGC 5367,,,
NGC 5367,,,Neb,Refl,,6.0,2050,3.8,4,Dark nebula with embedded blue reflection nebula,13h 57m 43s,209.43,-39° 58'' 49''',-39.98,Cen,, ,CG12,,,
IC 4351,,,Gal,Spiral,Sb/d,6.8,100,200,2,Massive edge-on spiral with nice disk structure visible,13h 57m 54s,209.48,-29° 18'' 54''',-29.32,Hya,, , ,11.7,22.4,88°
Arp 084,,,Gal,Merger,II,3.1,170,150,4,"ARP: LARGE HSB COMP - One of the best Arps - 3 galaxies, 2 interacting, with good detail and color.",13h 58m 38s,209.66,37° 25'' 30''',37.43,CVn,Heron Galaxy  ,NGC 5394, ,13.0,22.3,
NGC 5403,,,Gal,Spiral,SBb/dwz,3.8,150,165,3,"Large edge-on lenticular with perfect dust lane and warped disk, adjacent to UGC8919",13h 59m 51s,209.96,38° 10'' 56''',38.18,CVn,, ,UGC8919,13.6,23.5,90°
NGC 5422,,,Gal,Lent,S0/d,3.4,100,100,3,Edge-on lenticular with center dust lane and central bulge,14h 00m 00s,210.00,55° 09'' 00''',55.15,UMa,, , ,11.9,21.8,90°
NGC 5430,,,Gal,Spiral,SBb/gz,2.3,140,100,2,"Barred distorted grand spiral.  Blue star-like object in bar is dwarf companion, likely causing the extensive disturbance.",14h 00m 46s,210.19,59° 19'' 43''',59.33,UMa,, , ,12.0,21.9,55°
NGC 5410,,,Gal,Merger,I,1.6,180,80,3,"Pair of barred interacting galaxies, connected with a star stream bridge",14h 00m 55s,210.23,40° 59'' 18''',40.99,CVn,, ,UGC8932,13.1,22.1,70°
Arp 111,,,Gal,Merger,II,1.0,360,100,2,ARP: ELLIPTICAL/SPIRAL PAIR - 3 to 5 interacting galaxies with faint plumes.,14h 01m 41s,210.42,33° 49'' 00''',33.82,CVn,,NGC 5421, ,13.2,22.7,
NGC 5448,,,Gal,Spiral,SBa/lz,4.0,110,120,2,"2 pseudo-rings, around mid-region and outer disk edge.  Two similar faint features appear to cross these rings, which is hard to understand.",14h 02m 50s,210.71,49° 10'' 21''',49.17,UMa,, , ,11.0,21.9,70°
NGC 5423 Group,,,Gal,Group,10,30,250,2200,2,"Galaxy group of 10 galaxies, mostly spirals, anchored by the large 150,000 ly diameter elliptical NGC 5424",14h 02m 56s,210.73,09° 25'' 14''',9.42,Boo,, , ,12.8,21.9,
M 101,,,Gal,Spiral,SBc/kz,20,25,160,4,"Showcase galaxy with asymmetric disk, VV rows, HII regions and star clouds.",14h 03m 13s,210.80,54° 20'' 56''',54.35,UMa,Pinwheel Galaxy,NGC 5457, ,7.9,23.8,20°
Arp 271,,,Gal,Merger,II,3.4,100,100,3,ARP: CONNECTED ARMS - Pair of lovely grand spirals with bridge and nice structure. ,14h 03m 25s,210.85,-06° 01'' 00''',-6.02,Vir,,NGC 5426, ,12.1,22.6,
Hickson 070,,,Gal,Group,6,3.4,380,390,2,One of 2 Hickson groups with 5 spirals.,14h 04m 13s,211.05,33° 19'' 40''',33.33,CVn,,, ,12.1,23.4,
Abell 37,,,Neb,PN,ERY/h,1.0,8000,2.3,2,HII rim and OIII interior. Nice structure for small object. Upper left quadrant diffuse. Faint central star.,14h 04m 26s,211.11,-17° 13'' 41''',-17.23,Vir,,IC 972, ,13.9,,
NGC 5473,,,Gal,Lent,SB0/z,2.6,110,90,1,Barred lenticular in Ursa Major,14h 04m 48s,211.20,00° 54'' 54''',0.92,UMa,, , ,11.5,21.7,30°
NGC 5474,,,Gal,Mag,,4.0,23,30,2,Magellanic companion of M101.  Note offset core from gravitational interaction,14h 05m 02s,211.26,53° 39'' 45''',53.66,UMa,M101 Companion   , , ,10.8,22.8,25°
NGC 5466,,,Stars,GC,XII,12,50000,180,1,Loose globular cluster with highest (XII) Shapley–Sawyer  rating ,14h 05m 28s,211.37,28° 31'' 57''',28.53,Boo,"Snow Globe Cluster, Ghost Globular Cluster  ", , ,9.2,,
NGC 5485,,,Gal,Ellip,E5,2.3,90,60,2,Odd dust band pattern - one band cuts across inner core while second band cuts across out disk.  Likely signs of a merger.,14h 07m 11s,211.80,55° 00'' 05''',55.00,UMa,, ,NGC5486,12.2,21.8,
NGC 5486,,,Gal,Mag,,1.8,70,40,2,"Magellanic galaxy, adjacent to NGC 5486",14h 07m 25s,211.85,55° 06'' 11''',55.10,UMa,, ,NGC5485,13.2,22.5,40°
NGC 5460,,,Stars,OC,II-3-30,20,2430,14,2,Unusual sparse open cluster pattern,14h 08m 00s,212.00,-48° 19'' 00''',-48.32,Cen,, , ,5.6,,
Arp 117,,,Gal,Spiral,SBab/flz,4.0,270,300,2,"ARP: ELLIPTICAL/SPIRAL PAIR - Beautiful huge barred spiral, interesting structure and star clouds.",14h 10m 04s,212.52,17° 44'' 00''',17.73,Boo,,IC 983,Arp 79,11.7,24.0,5°
Arp 079,,,Gal,Spiral,SBc/fgz,1.0,270,75,2,"ARP: LARGE HSB COMP - Barred grand spiral with 2 strong arms & 2 bright star clouds, with no companion.",14h 10m 07s,212.53,17° 36'' 00''',17.60,Boo,,,Arp 117,14.7,22.7,10°
Hickson 071,,,Gal,Group,4,5.0,430,600,2,One of the dimmest Hickson groups.,14h 11m 04s,212.77,25° 29'' 06''',25.49,Boo,,, ,12.8,24.9,
NGC 5514,,,Gal,Merger,III/x,1.0,350,100,2,"Similar to the Antennae Galaxies, 2 merging galaxies with 2 cores and 400,000 ly long tail",14h 13m 39s,213.41,07° 39'' 33''',7.66,Boo,, , ,13.3,22.2,
Picot 1,,,Stars,OC,II-1-8-a,20,u,u,2,Simple asterism in the same of Napolean's hat,14h 14m 40s,213.67,18° 33'' 00''',18.55,Boo,Napoleon's Hat Asterism, , ,,,
NGC 5523,,,Gal,Spiral,Sc,4.6,65,90,2,"Spiral, near edge-on, with offset core and star clouds throughout",14h 14m 51s,213.71,25° 19'' 02''',25.32,Boo,, , ,12.2,22.7,80°
NGC 5529,,,Gal,Spiral,Sc/dptw,6.0,150,250,3,"Huge superthin edge-on spiral with impressive dust lane, warped disk, and peanut-shaped ('X') core.  No central bulge",14h 15m 35s,213.90,36° 13'' 38''',36.23,Boo,, , ,11.9,22.4,88°
NGC 5533,,,Gal,Spiral,Sab,3.8,145,160,2,Massive Seyfert spiral with abundant star formation in arms and dust lanes around core,14h 16m 08s,214.03,35° 20'' 38''',35.34,Boo,, , ,11.8,22.5,25°
PGC 2076843 Pair,,,Gal,Pair,j,0.50,930,140,2,Interacting pair of distant galaxies with looping star streams,14h 16m 19s,214.08,36° 12'' 50''',36.21,Boo,, ,NGC5529,,,
Arp 199,,,Gal,Merger,II,1.5,110,50,2,ARP: EJECTED MATERIAL - ,14h 17m 04s,214.27,36° 34'' 00''',36.57,Boo,,NGC 5544, ,13.4,21.8,
NGC 5534,,,Gal,Spiral,SBab/agoz,1.5,120,55,2,Barred grand design starburst spiral galaxy with bright ansae and an outer pseudo-ring.  3 small blue dwarf companions are likely causing the starburst behavior. ,14h 17m 40s,214.42,-07° 25'' 02''',-7.42,Vir,, , ,12.3,21.3,45°
NGC 5557,,,Gal,Lent,S0,3.8,130,150,2,Large lenticular in Bootes,14h 18m 18s,214.58,36° 29'' 00''',36.48,Boo,, , ,11.0,21.5,20°
Arp 045,,,Gal,Spiral,S,1.0,400,120,2,ARP: LSB COMPANION - Barred with 2 bright ansae and a possible companion.,14h 19m 27s,214.86,51° 55'' 00''',51.92,Boo,, , ,16.0,,65°
UGC 09169,,,Gal,Spiral,S/d,3.5,33,35,1,Close small edge-on spiral,14h 19m 45s,214.94,09° 21'' 45''',9.36,Boo,, , ,14.2,,85°
NGC 5585,,,Gal,Mag,,5.0,25,35,2,"Magellanic galaxy with white bar, blue star clouds and single arm",14h 19m 48s,214.95,56° 43'' 45''',56.73,UMa,dwarf satellite of M101, , ,10.7,22.8,25°
Arp 286,,,Gal,Trio,,6.0,80,150,3,ARP: INFILL & ATTRACTION - Trio of likely interacting galaxies with nice color and detail.,14h 20m 20s,215.08,03° 55'' 00''',3.92,Vir,,NGC 5566, ,10.6,22.2,
Arp 069,,,Gal,Spiral,SBc/z,2.0,170,100,2,"ARP: SMALL HSB COMP - Severely disturbed 3 armed barred spiral, with fake companion. ",14h 20m 26s,215.11,35° 11'' 00''',35.18,Boo,,NGC 5579,Arp 178,13.6,23.4,45°
NGC 5576 Trio,,,Gal,Trio,,4.0,80,100,2,"Trio of galaxies in Virgo, anchored by the E3 elliptical NGC 5576",14h 21m 04s,215.27,03° 16'' 15''',3.27,Vir,, , ,11.0,22.1,
NGC 5602,,,Gal,Lent,S0,1.7,120,60,2,Lenticular galaxy with both a lens inner disk and a lens outer disk.,14h 22m 19s,215.58,50° 30'' 07''',50.50,Boo,, , ,11.4,21.6,70°
NGC 5584,,,Gal,Spiral,SBc/z,3.5,90,90,2,"Mottled outer disk with short arms, blue star clouds and small bright core",14h 22m 24s,215.60,-00° 23'' 12''',-0.39,Vir,, , ,11.4,22.4,40°
IC 4406,,,Neb,PN,BRN,1.8,9000,5.0,4,"Side-on view of bipolar PN, no progenitor, no lobe breakthrough",14h 22m 26s,215.61,-44° 09'' 04''',-44.15,Lup,"Retina Nebula, Box Nebula  ", , ,11.0,,
NGC 5591,,,Gal,Merger,II,1.3,380,140,2,Pair of interacting galaxies connected by a short star stream bridge,14h 22m 34s,215.64,13° 43'' 02''',13.72,Boo,, , ,13.8,22.3,
NGC 5599 Group,,,Gal,Group,9,2.4,300,220,2,"Interesting view, with Milky Way sized NGC 5599 at 300 million ly, and the rest of the group much further away at 700 million light years",14h 23m 51s,215.96,06° 34'' 33''',6.58,Vir,, , ,13.8,22.2,
Arp 178,,,Gal,Spiral,Sab/u,2.0,200,110,2,ARP: NARROW COUNTER-TAILS - Trio of galaxies with a star stream tail.,14h 24m 06s,216.03,34° 52'' 00''',34.87,Boo,,NGC 5614,Arp 69,11.7,22.2,20°
UGC 09242,,,Gal,Spiral,S/dt,6.0,85,150,2,"Superthin edge-on galaxy, no central bulge, almost 20x longer than wide",14h 25m 21s,216.34,39° 32'' 19''',39.54,Boo,, , ,13.5,,90°
NGC 5631,,,Gal,Lent,S0/f,3.0,95,85,2,Face-on lenticular with dust lanes,14h 26m 36s,216.65,56° 35'' 00''',56.58,UMa,, , ,11.5,21.4,5°
NGC 5619,,,Gal,Spiral,Sb,2.0,350,200,2,Barred spiral galaxy with 2 pseudo-rings - inner and outer.  ,14h 27m 18s,216.83,04° 48'' 09''',4.80,Vir,, , ,12.6,22.4,65°
IC 1015,,,Gal,Merger,II,0.60,770,140,3,Distant merging galaxy trio with bridges and looping star streams,14h 28m 19s,217.08,15° 25'' 06''',15.42,Boo,, , ,14.8,21.8,
NGC 5634,,,Stars,GC,IV,4.6,82000,110,2,Distant concentrated globular cluster in Virgo,14h 29m 37s,217.40,-05° 58'' 37''',-5.98,Vir,, , ,10.0,,
NGC 5638 Pair,,,Gal,Pair,,2.2,85,56,2,Pair of non-interacting galaxies in Virgo.,14h 29m 40s,217.42,03° 14'' 00''',3.23,Vir,, ,NGC 5636,11.2,22.1,
NGC 5617,,,Stars,OC,u,10,3800,12,2,Fine open cluster adjacent to Pismis 19,14h 29m 48s,217.45,-60° 43'' 12''',-60.72,Cent,, ,Pismis19,,,
NGC 5673,,,Gal,Spiral,SBc/dz,2.6,115,85,2,Blue edge-on spiral.  Image with the brighter adjacent IC1029,14h 31m 31s,217.88,49° 57'' 31''',49.96,Boo,, ,IC1029,13.0,21.4,83°
Arp 049,,,Gal,Spiral,SBc/z,2.0,105,60,2,"ARP: SMALL HSB COMP. - Yellow core, HII regions, and star clouds, with no companion",14h 32m 25s,218.10,08° 04'' 00''',8.07,Boo,,NGC 5665, ,12.9,21.8,45°
IC 1029,,,Gal,Spiral,Sb/d,3.0,160,135,2,Yellow edge-on spiral with bright core and no bulge,14h 32m 27s,218.11,49° 54'' 15''',49.90,Boo,, ,NGC 5673,12.4,21.4,84°
NGC 5643,,,Gal,Spiral,SBc/kz,4.0,50,60,2,"Tight core, long bar, and several VV rows in this barred face-on spiral",14h 32m 41s,218.17,-44° 10'' 26''',-44.17,Lup,, , ,10.0,21.9,30°
NGC 5676,,,Gal,Spiral,SBc/z,3.0,100,90,2,"Disturbed galaxy with offset core and asymmetric disk, dominated by long arm on one side of disk while the opposite side is void.",14h 32m 47s,218.20,49° 27'' 28''',49.46,Boo,, , ,12.3,22.1,65°
NGC 5668,,,Gal,Spiral,Sc,3.0,90,80,2,Ragged disk and disrupted arm structure.  Blue disk color indicates star formation ongoing.  Star clouds visible throughout disk,14h 33m 24s,218.35,04° 27'' 01''',4.45,Vir,, , ,11.5,22.8,25°
Arp 095,,,Gal,Pair,,0.40,430,50,2,ARP: ELLIPTICAL COMP -  Trio of galaxies with little visible interaction.,14h 34m 54s,218.73,26° 29'' 00''',26.48,Boo,,IC 4461, ,14.4,23.0,
Arp 274,,,Gal,Pair,,1.2,410,140,2,ARP: CONNECTED ARMS - Two superimposed distant galaxies,14h 35m 08s,218.78,05° 21'' 00''',5.35,Vir,,NGC 5679, ,13.0,21.5,
NGC 5662,,,Stars,OC,II-3-60,6.0,2500,4.4,2,Open cluster in Centaurus,14h 35m 30s,218.88,-56° 40'' 00''',-56.67,Cen,, , ,5.5,,
NGC 5689 Group,,,Gal,Group,4,16,120,580,2,"Photogenic group of 4 galaxies, all at different distances, highlighted by NGC5689, an edge-on spiral with dual mid-line dust lanes, bright glowing core, and warped disk",14h 35m 30s,218.88,48° 44'' 31''',48.74,Boo,, , ,12.5,21.9,
Arp 241,,,Gal,Merger,II/x,1.0,500,140,2,ARP: FISSION - Pair of contrasting color interacting galaxies with bridge and star clouds,14h 37m 50s,219.46,30° 28'' 00''',30.47,Boo,Segner's Wheel Galaxy, , ,15.0,,
NGC 5701,,,Gal,Lent,SB0/lz,4.7,85,120,2,Graceful barred lenticular.  Small galaxy seen through the disk is 10x further away.,14h 39m 11s,219.80,05° 21'' 51''',5.36,Vir,, , ,10.9,22.8,25°
NGC 5694,,,Stars,GC,VII,3.6,100000,100,2,"Almost as far away as the diameter of our galaxy, this faint cluster is one of the most remote globular clusters.",14h 39m 37s,219.90,-26° 32'' 18''',-26.54,Hya,, Caldwell66, ,10.2,,
NGC 5713,,,Gal,Spiral,SBbc/fz,2.5,95,70,2,"Disturbed barred spiral, close to face-on, with no distinct arm structure, a bright inner disk, an asymmetric core and large dust lane, purple HII regions, and the bottom half of the disk has a blue tint.  Image with NGC5719",14h 40m 11s,220.05,-00° 17'' 25''',-0.29,Vir,, ,NGC5719,11.2,22.1,15°
RCW 86,,,Neb,SNR,,10,9000,25,3,Oldest witnessed SNR in recorded history (185AD),14h 40m 29s,220.12,-62° 38'' 42''',-62.65,Cen,,RCW86, ,18.0,,
Arp 171,,,Gal,Merger,II,1.5,390,160,2,ARP: DIFFUSE COUNTER-TAILS - Pair of bright ellipticals with wonderful complimentary deformed star halos.,14h 40m 43s,220.18,03° 27'' 00''',3.45,Vir,,NGC 5718, ,14.0,22.2,
NGC 5719,,,Gal,Spiral,SBab/z,3.3,90,90,2,"Disturbed barred spiral disk, almost edge-on, with wide dark dust lane cutting across at an odd angle.  Image with NGC5719",14h 40m 56s,220.23,-00° 19'' 06''',-0.32,Vir,, ,NGC5713,12.2,22.4,75°
NGC 5728,,,Gal,Spiral,Sab/nr,4.5,90,120,3,"Barred Seyfert spiral with huge bar and 4 ring structures, including nuclear ring",14h 42m 24s,220.60,-17° 15'' 12''',-17.25,Lib,, , ,11.4,22.0,50°
UGC 09511,,,Gal,Merger,II,0.60,1200,230,1,Incredible huge elliptical in early merger stage with 3 smaller galaxies,14h 44m 54s,221.23,51° 20'' 26''',51.34,Boo,,I Zw 96, ,17.0,,
NGC 5746,,,Gal,Spiral,SBb/dpz,7.0,75,150,3,Edge-on galaxy with peanut-shaped (X-shaped) core peaking just above dark mid-line dust lane,14h 44m 56s,221.23,01° 57'' 18''',1.96,Vir,Blade and Pearl Galaxy, , ,10.3,21.6,86°
Arp 297,,,Gal,Group,4/j,6.0,200,350,2,ARP: LONG FILAMENTS - 2 galaxies each likely interacting with a companion,14h 45m 24s,221.35,38° 46'' 00''',38.77,Boo,,NGC 5754, ,13.0,23.2,
Arp 064,,,Gal,Spiral,SB/z,0.50,500,75,1,"ARP: SMALL HSB COMP - Spiral with 2 strong arms, blue clouds and 2 companions.",14h 45m 27s,221.36,19° 28'' 00''',19.47,Boo,, ,"Arp 47,328",15.0,,25°
NGC 5750,,,Gal,Lent,SB0/jrz,3.0,100,85,2,"Barred spiral with bright small core that has a dark dust band cutting across the upper portion, a star-forming inner ring, and a diffuse outer disk with star plume",14h 46m 11s,221.55,-00° 13'' 23''',-0.22,Vir,, , ,11.6,22.1,65°
Arp 047,,,Gal,Spiral,SB/gz,0.70,580,120,0,"ARP: LSB COMPANION - Grand design spiral with 2 possible companions, though no disturbance is seen. ",14h 47m 12s,221.80,18° 51'' 00''',18.85,Boo,, ,"Arp 64,328",16.0,,70°
NGC 5759,,,Gal,Merger,II,0.70,400,80,2,Two merging galaxies connected by a star stream bridge.  Southern galaxy has fascinating wavy ring.,14h 47m 15s,221.81,13° 27'' 23''',13.46,Boo,, , ,14.4,22.9,
Arp 328,,,Gal,Chain,5,3.0,580,480,2,All galaxies are ellipticals and are at the same distance.  Nice chain arrangement.,14h 47m 54s,221.98,19° 05'' 00''',19.08,Boo,,Hickson 72,"Arp 47,64",11.9,21.8,
Bernes 145,,,Neb,Dark,,12,u,u,4,Challenging dark nebula with bright blue star at one end,14h 48m 29s,222.12,-65° 15'' 54''',-65.27,Cir,, , ,,,
Arp 261,,,Gal,Merger,II,1.6,85,40,2,ARP: CLUMPS - Pair of blue interacting galaxies with bridge and plumes,14h 49m 32s,222.38,-10° 09'' 00''',-10.15,Lib,, , ,13.4,,
NGC 5765,,,Gal,Merger,III,0.50,400,60,2,"Interacting blue and yellow pair, with close cores and extended star stream tails",14h 50m 51s,222.71,05° 06'' 51''',5.11,Vir,, , ,14.6,21.7,
UGC 09562,,,Gal,Polar,,1.0,70,20,1,Fascinating polar ring galaxy,14h 51m 14s,222.81,35° 32'' 33''',35.54,Boo,, ,UGC9560,13.8,,
Arp 173,,,Gal,Merger,I/xy,0.60,420,80,2,ARP: NARROW COUNTER-TAILS - 2 galaxies with a nice star stream bridge and tail.,14h 51m 27s,222.86,09° 19'' 00''',9.32,Boo,, , ,15.0,,
PGC 0053134,,,Gal,Mag,,3.0,50,45,2,Tough object to understand - could be Magellanic galaxy or a merger,14h 52m 35s,223.15,-03° 33'' 41''',-3.56,Lib,, , ,13.0,,
NGC 5775 Pair,,,Gal,Pair,d,4.0,80,95,2,Interacting pair of blue (face-on) and yellow (edge-on) galaxies.  No visible bridge yet,14h 53m 58s,223.49,03° 32'' 40''',3.54,Vir,, ,NGC 5774,11.4,21.7,87°
Arp 177,,,Gal,Merger,II,0.60,500,90,2,ARP: NARROW COUNTER-TAILS - 2 faint small galaxies with a disturbed halo and a tail.,14h 55m 48s,223.95,24° 35'' 00''',24.58,Boo,, ,Arp 302,17.3,,
Arp 302,,,Gal,Pair,,0.70,500,100,2,ARP: DOUBLE GALAXIES - 2 interacting galaxies with contrasting color and minimal disturbance.,14h 57m 00s,224.25,24° 36'' 00''',24.60,Boo,, ,Arp 177,15.0,,
NGC 5792,,,Gal,Spiral,SBb/z,8.0,85,200,2,"Barred grand design spiral, close to edge-on, with dramatic dust lanes and amazing 'H' disk shape",14h 58m 23s,224.60,-01° 05'' 26''',-1.09,Lib,, , ,11.3,22.7,80°
Arp 136,,,Gal,Lent,SB0/z,2.0,170,100,1,ARP: FRAGMENTED ELLIPTICAL - Lenticular has plume that extends down and to the left.,14h 58m 39s,224.66,53° 53'' 00''',53.88,Boo,,NGC 5820, ,13.0,21.9,80°
NGC 5813,,,Gal,Ellip,E1,4.0,100,120,1,Elliptical with interesting shock fronts that are tough to capture in an image,15h 01m 11s,225.30,01° 42'' 07''',1.70,Vir,, , ,10.5,22.1,
Arp 042,,,Gal,Group,5,1.7,270,130,3,Beautiful face-on grand design spiral with VV rows and some disturbance.,15h 02m 42s,225.68,23° 19'' 00''',23.32,Boo,,"Hickson 73,NGC 5829", ,12.5,24.5,10°
NGC 5824,,,Stars,GC,I,5.0,105000,150,2,Distant concentrated globular cluster,15h 03m 59s,226.00,-33° 04'' 07''',-33.07,Lup,, , ,9.6,,
NGC 5822,,,Stars,OC,III-2-100,40,3000,35,2,Unassuming dispersed open cluster of similar magnitude stars,15h 04m 24s,226.10,-54° 24'' 05''',-54.40,Lup,, , ,,,
NGC 5822,,,Stars,OC,II-1-80,40,2800,32,1,Unimpressive open cluster,15h 05m 00s,226.25,-54° 21'' 00''',-54.35,Lup,, , ,6.5,,
NGC 5823,,,Stars,OC,III-2-60,10,6500,19,2,Uniform brightness circular open cluster that is not well distinguished from background,15h 05m 24s,226.35,-55° 36'' 00''',-55.60,Cir,,Caldwell88, ,7.9,,
NGC 5846,,,Gal,Ellip,E1,3.8,82,95,2,"Elliptical seen with companion, no interaction observed.  Image with NGC5850",15h 06m 29s,226.62,01° 36'' 20''',1.61,Vir,, ,NGC5850,10.0,21.8,
M 102,,,Gal,Lent,S0/d,4.0,50,60,3,Edge-on lenticular revealing a warped mid-line dust lane.,15h 06m 30s,226.63,55° 45'' 47''',55.76,Dra,Spindle Galaxy (1 of 3),NGC 5866, ,9.9,21.1,85°
NGC 5860,,,Gal,Merger,III,1.0,250,80,2,"Single galaxy disk with 2 cores, blue and yellow",15h 06m 34s,226.64,42° 38'' 31''',42.64,Boo,, , ,13.2,21.5,
NGC 5852 Trio,,,Gal,Trio,,1.4,320,120,2,"Trio of Bootes galaxies, each about 100,000 ly in diameter, in a tight 3' circle",15h 06m 53s,226.72,12° 51'' 30''',12.86,Boo,, ,NGC5851,14.1,21.6,
NGC 5850,,,Gal,Spiral,SBb/lz,4.6,44,60,2,"Barred spiral with tremendous long bar, including barlens, plus inn pseudo-ring.  Image with NGC5846",15h 07m 08s,226.78,01° 32'' 39''',1.54,Vir,, ,NGC5846,10.8,22.5,45°
NGC 5859 Pair,,,Gal,Pair,SB/g-SBz,2.6,160,120,2,"Pair of similarly inclined barred spirals in Bootes, at much different distances.  NGC 5859 is larger and 160 million ly away.  NGC 5857 is much smaller and about half as far away.",15h 07m 35s,226.90,19° 34'' 56''',19.58,Boo,, ,NGC 5857,12.5,22.3,75°
UGC 09749,,,Gal,Dwarf,,32,0.2,2.0,0,"Faint Milky Way satellite galaxy, only 200,000 ly away",15h 09m 08s,227.28,67° 13'' 21''',67.22,UMi,Ursa Minor Dwarf Galaxy, , ,10.6,,
NGC 5861,,,Gal,Spiral,SBc/gz,3.0,85,70,2,Barred grand design spiral with some disturbance in the northwest disk quadrant,15h 09m 16s,227.32,-11° 19'' 18''',-11.32,Lib,, ,NGC5858,11.6,22.1,55°
NGC 5879,,,Gal,Spiral,SBc/z,3.5,55,55,1,"Inner disk with bright lens, yellow core and slight spiral shape.  Faint outer disk with little detail",15h 09m 47s,227.45,57° 00'' 03''',57.00,Dra,, , ,11.6,22.2,70°
NGC 5844,,,Neb,PN,BRN,1.1,4500,1.6,4,M27-like bipolar PN,15h 10m 41s,227.67,-64° 40'' 28''',-64.67,TrA,, ,,12.7,,
NGC 5878,,,Gal,Spiral,Sb/m,4.0,100,120,2,"Some arm structure and dust bands, but most of disk flocculent.  Offset core.  Possible companion",15h 13m 46s,228.44,-14° 16'' 14''',-14.27,Lib,, , ,11.5,22.0,70°
NGC 5899,,,Gal,Spiral,SBc/z,3.5,150,150,2,Asymmetric barred disk structure with strong arm.  Image with NGC5900,15h 15m 03s,228.76,42° 02'' 57''',42.05,Boo,, ,NGC5900,13.2,21.9,70°
NGC 5900,,,Gal,Spiral,Sb/d,2.0,200,110,2,Edge-on spiral with core peaking out over dramatic dust lane.  Faint star stream arcs toward NGC5899,15h 15m 05s,228.77,42° 12'' 35''',42.21,Boo,, ,NGC5899,13.4,22.5,86°
NGC 5905,,,Gal,Spiral,SBb/z,3.8,150,170,2,Large barred ring galaxy with blue star clouds and 3 strong arms.  Image with NGC5908,15h 15m 23s,228.85,55° 31'' 02''',55.52,Dra,, ,NGC5908,11.7,23.0,30°
NGC 5907,,,Gal,Spiral,Sc/dtw,11,45,150,3,Large superthin galaxy with weak dust lane and weak central bulge.  Slight warped disk.,15h 15m 54s,228.98,56° 19'' 45''',56.33,Dra,"Splinter Galaxy, Knife Edge Galaxy", , ,11.0,22.2,89°
UGC 09796,,,Gal,Polar,,0.50,250,40,1,"Tiny, one of the best polar ring galaxies in the sky.",15h 15m 56s,228.98,43° 10'' 00''',43.17,Boo,,II Zw 073  , ,15.0,,
NGC 5908,,,Gal,Spiral,Sb/d,3.0,150,130,2,"Sombrero Galaxy look-alike, although this galaxy is 5x further away.  Image with NGC 5905 - galaxies may be interacting",15h 16m 43s,229.18,55° 24'' 33''',55.41,Dra,, ,NGC5905,11.8,22.1,87°
AbellG 2052,,,Gal,Cluster,40,22,500,3500,1,Dominated by several large ellipticals,15h 16m 45s,229.19,07° 01'' 01''',7.02,Ser,, , ,15.0,,
Hoag's Object,,,Gal,Spiral,fr,0.75,600,130,2,"Famous and mysterious tiny ring galaxy, looking like a PN",15h 17m 14s,229.31,21° 35'' 08''',21.59,Ser,Hoag's Object, , ,15.1,,0°
NGC 5897,,,Stars,GC,XI,13,41000,160,2,Large loose globular cluster,15h 17m 24s,229.35,-21° 00'' 37''',-21.01,Lib,Libra Globular  , , ,8.4,,
VV705,,,Gal,Merger,III,0.80,500,110,2,Merging galaxy pair with 2 close cores and opposing long tail star streams,15h 18m 06s,229.53,42° 44'' 42''',42.75,Boo,, , ,15.0,,
M 005,,,Stars,GC,V,17,25000,130,4,"Nicknamed the Rose cluster, this globular has a high number of blue stars around the core.",15h 18m 33s,229.64,02° 04'' 57''',2.08,Ser,Rose Cluster  ,NGC 5904, ,5.9,,
Hickson 074,,,Gal,Group,5,1.9,570,340,2,All 5 galaxies are ellipticals and are at the same distance.  Not an inspiring group.,15h 19m 28s,229.87,20° 53'' 37''',20.89,Ser,,, ,12.1,22.1,
Arp 254,,,Gal,Pair,u,1.5,85,40,2,"ARP: FISSION - Barred spiral with long star streams, likely interacting with an irregular companion.",15h 21m 32s,230.38,-07° 22'' 00''',-7.37,Lib,,NGC 5917, ,13.0,22.0,
NGC 5915,,,Gal,Spiral,SBab/gz,1.7,110,55,2,Barred grand design spiral with tremendous star formation underway  Numerous star clouds and HII regions visible. ,15h 21m 33s,230.39,-13° 05'' 30''',-13.09,Lib,, ,NGC5916,12.3,21.9,30°
Hickson 075,,,Gal,Group,6,2.2,580,370,2,All 6 galaxies at same distance.  A tight arrangement but no disturbance seen.,15h 21m 34s,230.39,21° 11'' 00''',21.18,Ser,,, ,12.4,22.7,
NGC 5916,,,Gal,Spiral,SBa/gz,2.7,110,90,2,"Barred grand spiral with strong arms, each ending in a plume.  Image with NGC5915",15h 21m 38s,230.41,-13° 10'' 10''',-13.17,Lib,, ,NGC5915,13.2,23.0,60°
NGC 5921,,,Gal,Spiral,SBbc/flz,5.0,65,100,2,Strongly barred spiral galaxy with long bar.  Fragmented outer arms contain numerous blue star clouds.,15h 21m 56s,230.48,05° 04'' 12''',5.07,Ser,, , ,10.8,22.8,5°
Jacoby 1,,,Neb,PN,AOY,10,2600,7.0,1,Very faint OIII-dominated ancient PN with progenitor visible,15h 22m 00s,230.50,52° 22'' 00''',52.37,Boo,, , ,16.6,,
AbellG 2065,,,Gal,Cluster,110,20,1000,5500,3,Incredibly dense 200 galaxy cluster located 1 billion ly away.,15h 22m 43s,230.68,27° 43'' 21''',27.72,CrB,, , ,15.6,,
AbellG 2063,,,Gal,Cluster,60,22,500,3500,2,Pleasing geometric alignment around the largest galaxy,15h 23m 02s,230.76,08° 38'' 22''',8.64,Ser,, , ,15.1,,
Arp 090,,,Gal,Merger,II,2.0,130,75,2,"ARP: LARGE HSB COMP - Nice pair with interesting color, but not likely interacting.",15h 26m 06s,231.53,41° 40'' 00''',41.67,Boo,,NGC 5929, ,13.1,21.5,
AbellG 2079,,,Gal,Cluster,60,20,920,5000,0,Not much to see here,15h 28m 05s,232.02,28° 52'' 40''',28.88,CrB,, , ,15.4,,
NGC 5945 Group,,,Gal,Group,7,30,250,2200,2,"Group of 7 galaxies highlighted by NGC 5945, a beautiful barred ring spiral with star plumes",15h 29m 45s,232.44,42° 55'' 08''',42.92,Boo,, , ,12.8,23.3,
Hickson 076,,,Gal,Group,5,3.3,470,470,2,All 5 galaxies at same distance.  Tied for having the second most galaxies (7) of any Hickson group.,15h 31m 42s,232.93,07° 18'' 29''',7.31,Ser,,, ,12.3,23.5,
Shapley 1,,,Neb,PN,EBY/r,1.3,5500,2.0,4,Bright face-on ring nebula,15h 31m 42s,232.93,-51° 31'' 00''',-51.52,Nor,Fine Ring Nebula, , ,12.5,,
NGC 5963,,,Gal,Spiral,Sc,3.7,95,100,2,"LSB galaxy, close to face-on.  Image with NGC5965",15h 33m 28s,233.37,56° 33'' 33''',56.56,Dra,, ,NGC5965,13.6,23.6,20°
NGC 5965,,,Gal,Spiral,SBb/dptwz,5.5,130,200,2,"Edge-on barred spiral with little bulge, peanut-shaped core, and warped disk.  Image with NGC 5963",15h 34m 02s,233.51,56° 41'' 09''',56.69,Dra,, ,NGC 5963,11.7,21.9,88°
Menzel 1,,,Neb,PN,BRN,1.3,3400,1.3,2,Bipolar PN with intact end lobes,15h 34m 18s,233.58,-59° 09'' 00''',-59.15,Nor,,Sa 2-123, ,12.0,,
Arp 091,,,Gal,Merger,II,1.6,100,50,2,"ARP: LARGE HSB COMP - 2 superimposed galaxies, blue and yellow with nice detail.",15h 34m 32s,233.63,15° 11'' 00''',15.18,Ser,,NGC 5953, ,13.0,21.9,
Arp 220,,,Gal,Merger,IV/j,0.80,270,70,2,"ARP: LOOPS -  Fantastic late stage merger with nice color and detail, highlighted by looping streams and tail.",15h 34m 57s,233.74,23° 30'' 00''',23.50,Ser,,IC 4553, ,13.2,22.6,
IC 4566 Group,,,Gal,Group,5,1.5,270,120,2,5 galaxies with the 2 smaller spirals disturbed and possibly interacting.,15h 36m 31s,234.13,43° 28'' 05''',43.47,Boo,, , ,13.3,22.5,
UGC 09936,,,Gal,Coll,,1.5,180,80,2,Looks like collisional galaxy but no confirmation,15h 36m 46s,234.19,44° 13'' 49''',44.23,Boo,, , ,15.0,,60°
NGC 5964,,,Gal,Spiral,SBc/z,5.0,90,125,2,"Thin bright white bar, mottled arms that start from each bar end but go nowhere, and abundant blue star clouds ",15h 37m 36s,234.40,05° 58'' 26''',5.97,Ser,, , ,11.9,23.5,20°
NGC 5981,,,Gal,Spiral,Sc/dw,3.3,150,140,2,"Edge-on warped spiral, west galaxy of the Draco Trio",15h 37m 54s,234.48,59° 23'' 31''',59.39,Dra,Draco Galaxy Trio, , ,13.0,22.0,87°
NGC 5970,,,Gal,Spiral,SBc/z,3.5,90,95,2,Symmetric grand design spiral with blue star clouds.  Distant background galaxies,15h 38m 30s,234.63,12° 11'' 11''',12.19,Ser,, , ,11.5,22.2,60°
NGC 5982 Trio,,,Gal,Trio,,4.5,130,180,4,"Trio of galaxies, named the Draco Trio, anchored by the elliptical NGC 5982",15h 38m 40s,234.67,59° 21'' 21''',59.36,Dra,Draco Galaxy Trio, ,"NGC5981,5985",11.1,21.8,
NGC 5972,,,Gal,Lent,S0,1.0,480,140,2,"Voorwerp object visible, the only green-hued galaxy feature.  ",15h 38m 54s,234.73,17° 01'' 33''',17.03,Ser,, , ,13.6,22.3,
NGC 5987,,,Gal,Spiral,Sb/d,4.0,150,180,3,Edge-on spiral with numerous dark dust lanes of different orientations,15h 39m 57s,234.99,58° 04'' 47''',58.08,Dra,, , ,11.7,22.3,86°
LBN 1122,,,Neb,Mol Cld,,60,u,u,2,Dim triangle-shaped molecular cloud,15h 40m 41s,235.17,-07° 09'' 36''',-7.16,Lib,, , ,,,
RCW 94,,,Neb,Em,HII,18,10000,50,3,"HII nebula, with small RCW95 adjacent",15h 40m 48s,235.20,-54° 10'' 12''',-54.17,Nor,,RCW94, ,,,
UGC 09977,,,Gal,Spiral,S/dt,4.0,90,105,2,Edge-on spiral,15h 42m 00s,235.50,00° 42'' 47''',0.71,Ser,, , ,13.5,,88°
NGC 5993 Pair,,,Gal,Pair,g,1.1,439,140,2,Pair of distant spirals (NGC 5992 and NGC 5993) in Bootes,15h 44m 27s,236.11,41° 07'' 18''',41.12,Boo,, ,NGC5992,13.1,21.9,
Barnard 228,,,Neb,Dark,6,240,u,u,4,Glorious dark nebula and bright reflection nebula GN15.42.0,15h 44m 56s,236.23,-34° 31'' 00''',-34.52,Lup,Dark Wolf Nebula, , ,,,
NGC 5985,,,Gal,Spiral,SBb/gmz,5.6,116,180,2,"Lovely barred grand design spiral, east galaxy of the Draco Trio",15h 39m 37s,236.52,59° 19'' 56''',-37.79,Dra,Draco Galaxy Trio, , ,14.2,22.9,60°
NGC 5986,,,Stars,GC,VII,5.0,30000,45,2,Medium size globular cluster in Lupus,15h 46m 04s,236.52,-37° 47'' 08''',-37.79,Lup,, , ,7.6,,
Arp 072,,,Gal,Spiral,SBbc/kz,1.6,150,70,2,ARP: SMALL HSB COMP - Bright disturbed starburst barred galaxy with long bar and VV rows and companion.,15h 46m 53s,236.72,17° 52'' 00''',17.87,Ser,,NGC 5994, ,14.8,20.8,50°
Arp 109,,,Gal,Merger,I/u,0.50,500,80,2,"ARP: ELLIPTICAL/SPIRAL PAIR - Twin star streams of spiral extending away from elliptical for 100,000 ly.",15h 48m 07s,237.03,69° 27'' 00''',69.45,Dra,, , ,15.0,,
Hickson 078,,,Gal,Group,4,3.5,400,410,2,All 4 galaxies are spirals.  Galaxy a is barred with a graceful pseudo-ring.,15h 48m 28s,237.12,68° 12'' 28''',68.21,Dra,,, ,12.7,24.0,
UGC 10043,,,Gal,Spiral,S/dt,2.4,170,120,2,Edge-on superthin spiral with bright bulge,15h 48m 41s,237.17,21° 52'' 09''',21.87,Ser,, , ,14.3,,90°
Hickson 077,,,Gal,Group,4,0.80,490,115,2,Interesting blue/yellow color contrast between the 2 pairs of galaxies.,15h 49m 17s,237.32,21° 49'' 42''',21.83,Ser,,, ,13.8,21.9,
NGC 6004,,,Gal,Spiral,SBc/z,1.5,130,60,2,"Nice color contrast, with yellow core and blue arms and star clouds  The 2 bar segments, above and below core, are not aligned.  ",15h 50m 23s,237.60,18° 56'' 18''',18.94,Ser,, ,NGC6003,13.0,22.3,25°
NGC 6015,,,Gal,Floc,,5.0,40,60,2,"2 disk areas - bright inner region with dust lane, and dim outer region resembling faint star cloud",15h 51m 25s,237.85,62° 18'' 35''',62.31,Dra,, , ,11.1,22.5,65°
NGC 6007,,,Gal,Spiral,Sc/g,1.5,345,140,2,Large grand design spiral with unbarred core and 2 superimposed stars,15h 53m 23s,238.35,11° 57'' 33''',11.96,Ser,, , ,13.2,22.7,25°
Arp 218,,,Gal,Merger,IV/j,0.60,680,120,2,ARP: LOOPS -  Late stage merger with star clouds and looping long arm.,15h 53m 32s,238.38,18° 36'' 00''',18.60,Ser,, , ,15.0,,
NGC 6012,,,Gal,Spiral,SBab/z,3.3,90,90,3,Transparent faint outer disk. Elongated irregular bright ring surround core area,15h 54m 14s,238.56,14° 36'' 06''',14.60,Ser,, , ,12.4,22.0,45°
RCW 98,,,Neb,Em,HII,10,10000,30,4,Ring emission nebula from Wolf-Rayet star,15h 55m 00s,238.75,-54° 38'' 00''',-54.63,Nor,Coffee Bean Nebula,Gum49, ,,,
IC 1151,,,Gal,Spiral,SB/gz,2.2,130,85,2,Spectacular slightly barred grand design spiral with blue star clouds and arms which extend out 270 degrees,15h 58m 32s,239.63,17° 26'' 30''',17.44,Ser,, , ,13.0,22.5,70°
Sh2-001,,,Neb,Mol Cld,,90,700,18,2,"Faint nebulosity around Pi Scorpii, with some refl. nebulae",15h 58m 48s,239.70,-26° 07'' 01''',-26.12,Sco,, ,vdB99,,,
vdB 099,,,Neb,Refl,,20,580,3.3,3,"Large reflection and emission nebulae around the bright blue 2.9 mag star Pi Scorpii, located 600 light years away.",15h 58m 52s,239.72,-26° 06'' 57''',-26.12,Sco,, ,LBN1094,,,
Gum 50,,,Neb,Em,HII,5.0,11500,18,3,Bright asymmetric HII region with cluster at center,15h 59m 00s,239.75,-53° 45'' 00''',-53.75,Nor,,RCW99, ,,,
Sh2-007,,,Neb,Em,HII,270,700,60,1,Dim HII region,15h 59m 00s,239.75,-22° 03'' 00''',-22.05,Sco,, , ,,,
Hickson 080,,,Gal,Group,4,1.7,420,220,2,All 4 galaxies are spirals and are at the same distance. Signs of disturbance in 3 of 4 galaxies.,15h 59m 12s,239.80,65° 13'' 33''',65.23,Dra,,, ,12.6,22.4,
Hickson 079,,,Gal,Group,5,2.5,200,150,4,"One of the densest galaxy clusters.  Although Seyfert's Sextet, there are only 5 galaxies.  Brightest Hickson.",15h 59m 13s,239.80,20° 45'' 48''',20.76,Ser,Seyfert's Sextet,NGC 6027, ,11.3,20.5,
Sh2-033,,,Neb,Mol Cld,,60,1000,18,2,Faint molecular cloud with interesting protrusions,15h 59m 54s,239.98,-01° 36'' 00''',-1.60,Ser,,LBN37, ,,,
NGC 6026,,,Neb,PN,EOY/hr,1.0,9500,3.0,2,"OIII PN with diffuse hexagon rim, hint of an inner ring, and some structure",16h 01m 21s,240.34,-34° 32'' 37''',-34.54,Lup,, , ,12.9,,
Arp 324,,,Gal,Chain,8,8.0,500,1200,2,ARP: CHAINS - Line-of-sight chain anchored by 2 large ellipticals,16h 02m 16s,240.57,16° 00'' 00''',16.00,Her,, , ,13.0,,
AbellG 2147,,,Gal,Cluster,50,40,500,6000,2,Interesting line of brightness as 2 main ellipticals align,16h 02m 17s,240.57,15° 54'' 43''',15.91,Her,, , ,13.8,,
NGC 6025,,,Stars,OC,II-2-25,12,2450,9.0,2,"Nice spacing and color - resembles backward ""3""",16h 03m 07s,240.78,-60° 25'' 43''',-60.43,TrA,,Caldwell95, ,5.1,,
IC 1168 Group,,,Gal,Group,4,0.80,500,120,2,4 small but bright galaxies which are a true group but not close enough to be disturbing each other.,16h 03m 56s,240.98,14° 54'' 07''',14.90,Ser,, , ,14.5,22.7,
Arp 101,,,Gal,Merger,I/u,0.80,215,50,2,"ARP: ELLIPTICAL COMP - Striking 200,000 ly bridge connecting this pair.",16h 04m 24s,241.10,14° 46'' 00''',14.77,Ser,, , ,14.7,,
Arp 122,,,Gal,Merger,II,0.90,580,140,2,ARP: ELLIPTICAL/SPIRAL PAIR - Spiral ring galaxy is disturbed  with warped disk and star plumes.,16h 04m 26s,241.11,17° 44'' 00''',17.73,Her,,NGC 6040,"Arp 71,172,272",15.0,22.5,
NGC 6058,,,Neb,PN,MOY/r,0.70,11500,2.2,2,Multipolar OIII PN with progenitor,16h 04m 27s,241.11,40° 40'' 59''',40.68,Her,, , ,12.9,,
Arp 071,,,Gal,Spiral,SBc/z,1.3,460,180,2,ARP: SMALL HSB COMP - Wavy edge-on spiral with 2 companions.,16h 05m 11s,241.30,17° 45'' 00''',17.75,Her,,NGC 6045,"Arp 122,172,272",13.9,21.7,80°
Arp 209,,,Gal,Merger,V,0.70,230,50,2,"ARP: IRREGULARITIES - A wonderful mess, looking like a late stage galaxy merger.   Nice color and detail.",16h 05m 12s,241.30,20° 32'' 00''',20.53,Her,,NGC 6052, ,14.1,22.3,
AbellG 2151,,,Gal,Cluster,90,60,500,9000,4,"Many incredible objects in this large cluster, including 4 Arp objects in the tightest Arp grouping.",16h 05m 15s,241.31,17° 44'' 55''',17.75,Her,Hercules Cluster, , ,13.8,,
AbellG 2152,,,Gal,Cluster,60,40,600,7000,1,Uninspiring mix of distant galaxies,16h 05m 22s,241.34,16° 26'' 55''',16.45,Her,, , ,13.8,,
Arp 272,,,Gal,Pair,,0.80,440,100,2,ARP: CONNECTED ARMS - Pair of interacting face-on spirals with likely companion ,16h 05m 22s,241.34,17° 45'' 00''',17.75,Her,,NGC 6050,"Arp 71,122,172",14.7,22.8,
Arp 172,,,Gal,Ellip,E,0.90,500,130,2,"ARP: DIFFUSE COUNTER-TAILS -  Like Arp 171, a pair of ellipticals with complimentary deformed star halos.",16h 05m 33s,241.39,17° 35'' 00''',17.58,Her,,IC 1181,"Arp 71,122,272",14.8,22.9,
Sh2-036,,,Neb,Mol Cld,,50,360,5.0,1,Faint molecular cloud with angular features,16h 05m 36s,241.40,00° 23'' 00''',0.38,Ser,, ,"vdB118,119",,,
IC 1182,,,Gal,Merger,V,0.70,500,100,2,"Controversial Arp ""jet"" galaxy which has a tail but no jet in this image",16h 05m 37s,241.40,17° 48'' 06''',17.80,Her,, , ,14.2,21.8,
NGC 6060,,,Gal,Spiral,SBc/grz,2.5,170,130,2,Barred grand design spiral with unusual star forming in outer arm,16h 05m 52s,241.47,21° 29'' 06''',21.49,Her,, ,Sh2-73,13.1,22.7,65°
Arp 188,,,Gal,Merger,III/uy,0.90,430,110,4,"ARP: NARROW FILAMENTS -  Deformed disk and 300,000 ly long tail, with visible companion.",16h 06m 04s,241.52,55° 25'' 32''',55.43,Dra,Tadpole Galaxy (1 of 2), , ,14.4,,
Bernes 149,,,Neb,Dark,6,50,500,8.0,4,Darkest nebula (opacity=6) plus beautiful blue reflection nebula.,16h 09m 36s,242.40,-39° 03'' 00''',-39.05,Sco,Lupus 3 Nebula  , , ,,,
Longmore 13,,,Neb,PN,SOY,1.2,5500,2.0,2,Spherical OII-dominated PN with progenitor,16h 09m 46s,242.44,-30° 55'' 06''',-30.92,Sco,,Lo13, ,15.0,,
NGC 6070,,,Gal,Spiral,Sc/n,3.0,100,90,2,"Nuclear ring with fragmented arms, VV rows, star clouds and HII regions",16h 09m 59s,242.50,00° 42'' 33''',0.71,Ser,, , ,11.8,22.6,65°
Gum 51,,,Neb,Em,HII,72,6000,130,2,Complex faint large HII region with dust lanes,16h 10m 00s,242.50,-49° 08'' 00''',-49.13,Nor,,RCW195, ,,,
Sh2-073,,,Neb,Mol Cld,,90,700,20,2,One of the closest molecular clouds to earth,16h 10m 14s,242.56,21° 52'' 08''',21.87,Her,, , ,,,
Sh2-024,,,Neb,Mol Cld,,60,700,12,1,Faint molecular cloud,16h 11m 01s,242.75,-07° 01'' 36''',-7.03,Oph,,MBM57, ,,,
NGC 6090,,,Gal,Merger,III/x,0.50,430,60,2,Merging pair that is a smaller version of Antennae Galaxies.  Nice blue & yellow color contrast of 2 cores.  2 long tails.  ,16h 11m 41s,242.92,52° 27'' 25''',52.46,Dra,, , ,13.7,23.4,
IC 4593,,,Neb,PN,XOY,0.10,10500,0.30,1,Stellar-like blue PN with progenitor visible,16h 11m 44s,242.93,12° 04'' 19''',12.07,Her,White Eyed Pea Nebula , , ,10.7,,
IC 4592,,,Neb,Refl,,60,400,7.0,2,"Blue reflection nebula that is the ""eye"" of the Blue Horsehead Nebula",16h 11m 59s,243.00,-19° 27'' 24''',-19.46,Sco,, ,IC4601,,,
vdB 100,,,Neb,Refl,,11,1220,4.0,3,Striking blue reflection nebula within larger reflection cloud,16h 11m 59s,243.00,-19° 27'' 11''',-19.45,Sco,, ,Blue Horsehead Nebula,,,
AbellG 2162,,,Gal,Cluster,50,60,500,8500,2,Cluster is highlighted by NGC 6085 and 6086.,16h 12m 30s,243.13,29° 32'' 23''',29.54,CrB,,NGC 6085, ,13.7,,
UGC 10273,,,Gal,Spiral,S/dt,1.5,360,160,2,Large colorful edge-on spiral likely interacting with nearby small galaxies,16h 12m 45s,243.19,28° 17'' 07''',28.29,CrB,, , ,14.7,,90°
NGC 6072,,,Neb,PN,BRY,1.8,4000,2.0,2,"Small bipolar PN with HII rim, OIII central region, and progenitor visible",16h 12m 58s,243.24,-36° 13'' 47''',-36.23,Sco,, , ,11.7,,
NGC 6067,,,Stars,OC,I-2-80,13,6100,22,3,"Dense colorful open cluster, nice grouping",16h 13m 00s,243.25,-54° 13'' 00''',-54.22,Nor,,, ,5.6,,
Sh2-023,,,Neb,Mol Cld,,50,700,10,0,"Questionable object, may be faint molecular cloud",16h 13m 24s,243.35,-08° 22'' 00''',-8.37,Sco,, , ,,,
Zw I 136,,,Gal,Merger,II,0.40,500,55,1,Pair of contrasting blue and yellow merging galaxies with disturbance and a connecting bridge,16h 13m 31s,243.38,51° 03'' 39''',51.06,Her,, , ,,,
UGC 10288,,,Gal,Spiral,S/d,5.0,100,150,2,Edge-on spiral with bright core,16h 14m 25s,243.60,-00° 12'' 28''',-0.21,Ser,, , ,13.0,,88°
Menzel 2,,,Neb,PN,BRN,0.40,7500,0.90,3,Bipolar nebulae with bright white torus ring,16h 14m 30s,243.63,-54° 57'' 00''',-54.95,Nor,, ,,13.0,,
Barnard 040,,,Neb,Dark,3,70,u,u,2,Dark nebulosity northeast of IC4592 - Diffused dark spot; small star in it.  The cheek of the Blue Horsehead Nebula.,16h 14m 38s,243.66,-18° 59'' 00''',-18.98,Sco,, ,IC4592,,,
Arp 002,,,Gal,Mag,,2.3,50,35,2,ARP: LOW BRIGHTNESS -  Face-on barred spiral galaxy with star clouds sprinkled throughout its disk.,16h 16m 18s,244.08,47° 02'' 00''',47.03,Her,, , ,13.2,,45°
Blue Horsehead Nebula,,,Neb,Refl,,300,400,36,4,"Blue reflection nebula that is the ""eye"" of the Horse",16h 16m 39s,244.16,-19° 16'' 47''',-19.28,Sco,"Blue Horsehead Nebula, Jabbah", ,"IC4592, IC4601",,,
M 080,,,Stars,GC,II,9.0,32600,90,3,One of the most densely populated globular clusters,16h 17m 03s,244.26,-22° 58'' 32''',-22.98,Sco,,NGC 6093, ,7.3,,
RCW 103,,,Neb,SNR,,8.0,10000,25,2,Very faint SNR,16h 17m 06s,244.28,-51° 07'' 00''',-51.12,Nor,,RCW103,RCW106,,,
Barnard 229,,,Neb,Dark,4,45,u,u,0,"Very faint - Indefinite, partially vacant region; diam. 3/4 deg",16h 17m 40s,244.42,-27° 19'' 00''',-27.32,Sco,, , ,,,
Hickson 081,,,Gal,Group,4,0.90,680,185,2,Small and distant ellipticals do not make for an interesting image.,16h 18m 13s,244.55,12° 47'' 39''',12.79,Her,,, ,13.3,21.7,
NGC 6106,,,Gal,Spiral,Sc,2.5,75,55,2,"Chaotic arm structure.  3 arms in south half, no arms in north half.  Several blue star clouds",16h 18m 47s,244.70,07° 24'' 41''',7.41,Her,, ,UGC10337,11.0,22.3,60°
NGC 6087,,,Stars,OC,I-2-20,15,3500,16,2,Sparse open cluster with only a few stars spread east-west,16h 18m 54s,244.73,-57° 54'' 00''',-57.90,Nor,,Caldwell89, ,5.4,,
vdB 101,,,Neb,Refl,,11,420,1.5,3,Pleasing yellow reflection nebula that contrasts nicely with surrounding blue nebula,16h 19m 07s,244.78,-20° 12'' 57''',-20.22,Sco,,IC4601,Blue Horsehead Nebula,,,
RCW 106,,,Neb,Em,HII,45,u,u,2,Faint HII emission nebulae,16h 19m 47s,244.95,-51° 04'' 04''',-51.07,Nor,, ,RCW103,,,
NGC 6120,,,Gal,Merger,V,0.50,450,70,2,"Late stage merger, with coalesced core and no tails.  Adjacent edge-on spiral and disturbed spiral 1 bly away",16h 19m 48s,244.95,37° 46'' 27''',37.77,CrB,, ,"NGC6119,6122",13.9,22.3,
vdB 102,,,Neb,Refl,,14,420,1.8,2,"Blue reflection nebula in lovely setting, adjacent to vdB 103",16h 20m 04s,245.02,-20° 02'' 28''',-20.04,Sco,,IC4601,Blue Horsehead Nebula,,,
IC 4601,,,Neb,Refl,,60,400,7.0,2,"Blue reflection nebula that is the ""ear"" of the Blue Horsehead Nebula, including vdB 101, 102 & 103",16h 20m 18s,245.08,-20° 04'' 54''',-20.08,Sco,, ,IC4592,,,
vdB 103,,,Neb,Refl,,9.0,430,1.2,3,Textured blue reflection nebula surrounding double star,16h 20m 30s,245.13,-20° 06'' 53''',-20.11,Sco,,IC4601,Blue Horsehead Nebula,,,
NGC 6140,,,Gal,Spiral,SBc/z,4.0,45,50,2,Barred spiral with curved off-center bar  Numerous star clouds and HII regions. Distorted arms with VV rows,16h 20m 57s,245.24,65° 23'' 24''',65.39,Dra,, , ,11.3,23.7,30°
Gum 65,,,Neb,Em,HII,80,650,15,3,The combination reflection nebula and HII region around Alniyat in Rho Ophiuchi,16h 21m 11s,245.30,-25° 35'' 34''',-25.59,Sco,,Sh2-9,,,,
vdB 104,,,Neb,Refl,,30,690,6.0,3,"Blue reflection nebula around Sigma Scorpii, ionizing Sh2-9 to the west",16h 21m 13s,245.30,-25° 35'' 10''',-25.59,Sco,, ,Rho Ophiuchi complex,,,
NGC 6118,,,Gal,Spiral,Sc/gk,5.0,70,95,2,"Grand design spiral with low brightness disk.  Interesting arm structure, which extends out more than 1 rotation with VV rows. ",16h 21m 49s,245.45,-02° 17'' 02''',-2.28,Ser,, , ,11.7,22.8,70°
Barnard 041,,,Neb,Dark,3,45,u,u,2,Dark nebulosity northeast of IC4601 - Diffused dark spot.   The neck of the Blue Horsehead Nebula.,16h 22m 17s,245.57,-19° 38'' 00''',-19.63,Sco,, ,IC4601,,,
Abell 38,,,Neb,PN,EHN/f,2.5,2000,1.5,3,"HII-dominated with very little OIII present.  No progenitor.  HII elliptical ring distorted, likely by interaction with ISM.",16h 23m 17s,245.82,-31° 44'' 57''',-31.75,Sco,,K 1-03, ,16.0,,
M 004,,,Stars,GC,IX,26,7200,60,2,One of the closest Messier globulars and also one of the least concentrated.,16h 23m 35s,245.90,-26° 31'' 35''',-26.53,Sco,,NGC 6121, ,5.4,,
RCW 104,,,Neb,Em,HII,45,u,u,2,Faint HII emission nebulae,16h 24m 12s,246.05,-51° 35'' 00''',-51.58,Nor,, , ,18.0,,
NGC 6124,,,Stars,OC,II-3-120,30,1500,13,2,Good color variation in this faint naked eye star cluster,16h 25m 20s,246.33,-40° 39'' 12''',-40.65,Sco,,Caldwell75, ,5.8,,
vdB 105,,,Neb,Refl,,28,440,4.0,3,Magnificent multihued reflection nebula with numerous dust lanes,16h 25m 25s,246.35,-24° 27'' 41''',-24.46,Oph,,IC4603,Rho Ophiuchi complex,,,
Barnard 042,,,Neb,Dark,6,20,u,u,2,Dark nebulosity northwest of Rho Ophiuchi ,16h 25m 29s,246.37,-23° 27'' 00''',-23.45,Oph,, ,Rho Ophiuchi,,,
Rho Ophiuchi,,,Neb,Refl,,300,u,u,5,Colorful mosaic of deep sky objects around Rho Ophiuchi,16h 25m 35s,246.40,-23° 26'' 50''',-23.45,Oph,Rho Ophiuchi,IC 4604, ,,,
vdB 106,,,Neb,Refl,,50,400,6.0,3,Wonderful blue tones in this Rho Ophiuchi region reflection nebula surrounding 3 stars,16h 25m 36s,246.40,-23° 26'' 32''',-23.44,Oph,,IC4604,Rho Ophiuchi complex,,,
NGC 6101,,,Stars,GC,X,12,50000,170,3,Small loose globular,16h 25m 40s,246.42,-72° 12'' 00''',-72.20,Aps,,Caldwell107, ,9.2,,
Arp 066,,,Gal,Spiral,SB/gkz,1.0,290,90,1,ARP: SMALL HSB COMP - Grand design spiral with blue disjointed arms and VV rows.,16h 26m 52s,246.72,51° 33'' 00''',51.55,Dra,, , ,15.0,,55°
Barnard 230,,,Neb,Dark,0,60,u,u,0,Very faint - Round; diam. about 1 degree,16h 27m 09s,246.79,-16° 48'' 00''',-16.80,Oph,, , ,,,
NGC 6144,,,Stars,GC,XI,9.0,30000,80,2,Loose globular cluster located between M4 and Antares.  Obscured somewhat by dusty Rho Ophiuchi cloud structure,16h 27m 14s,246.81,-26° 01'' 26''',-26.02,Sco,, , ,9.0,,
Abell 39,,,Neb,PN,SOY/ot,3.0,4000,3.5,4,"OIII-dominated. Central star visible. Nebula has thin rim and texture.  Galaxy at 2 o’clock inside nebula, 1.7 bly away.",16h 27m 33s,246.89,27° 54'' 34''',27.91,Her,, , ,13.0,,
AbellG 2197,,,Gal,Cluster,70,90,420,12000,1,Adjacent to Abell 2199.  Both clusters are of average appearance.,16h 28m 10s,247.04,40° 54'' 26''',40.91,Her,,NGC 6175, ,13.9,,
Hickson 082,,,Gal,Group,4,3.1,520,500,2,"All 4 galaxies at same distance. Interesting structures, including a galaxy merger.",16h 28m 22s,247.09,32° 49'' 25''',32.82,Her,,NGC 6162, ,12.3,23.3,
AbellG 2199,,,Gal,Cluster,90,50,420,12000,1,Adjacent to Abell 2197.  Both clusters are of average appearance.,16h 28m 37s,247.15,39° 31'' 28''',39.52,Her,,NGC 6166, ,13.9,,
vdB 107,,,Neb,Refl,,140,600,26,3,Huge orange reflection nebula surrounding Antares,16h 29m 26s,247.36,-26° 25'' 37''',-26.43,Sco,,Antares,Rho Ophiuchi complex,,,
vdB 108,,,Neb,Refl,,28,380,3.2,2,Blue reflection nebula embedded in orange Antares glow,16h 30m 13s,247.55,-25° 07'' 05''',-25.12,Sco,,IC4605,Rho Ophiuchi complex,,,
Barnard 043,,,Neb,Dark,4,70,u,u,0,"Faint dark spot east of IC4601, large dark region",16h 30m 18s,247.58,-19° 47'' 00''',-19.78,Oph,, ,IC4601,,,
NGC 6153,,,Neb,PN,EBN/r,0.60,4500,0.80,1,Small elliptical PN with faint torus ring,16h 31m 31s,247.88,-40° 15'' 13''',-40.25,Sco,, , ,10.9,,
NGC 6181,,,Gal,Spiral,SBc/gz,2.5,110,80,2,Grand design spiral with pink HII regions and blue star clouds.  Dust lanes in inner region.  Asymmetric disturbed disk,16h 32m 21s,248.09,19° 49'' 32''',19.83,Her,, , ,11.9,21.7,65°
M 107,,,Stars,GC,X,10,20000,60,2,Loose globular cluster with some internal dark regions,16h 32m 32s,248.13,-13° 03'' 11''',-13.05,Oph,,NGC 6171, ,7.8,,
Arp 185,,,Gal,Spiral,SBbc/z,2.0,65,40,2,ARP: NARROW FILAMENTS -  Unusual arm structure but no narrow filaments.,16h 32m 40s,248.17,78° 11'' 00''',78.18,UMi,,NGC 6217, ,13.9,22.1,50°
Gum 52,,,Neb,Em,HII,7.0,3700,7.0,4,"Looks like a PN, but is an emission nebula from a rare massive hot bi-polar star",16h 33m 52s,248.47,-48° 06'' 40''',-48.11,Nor,,"NGC6164,RCW107", ,,,
LDN 0043,,,Neb,Dark,6,45,1000,14,4,"Dark nebula silhouetted by LBN 7, including 2 cometary nebulae",16h 34m 27s,248.61,-15° 50'' 09''',-15.84,Oph,Cosmic Bat Nebula, ,LBN7,,,
Gum 73,,,Neb,Em,HII,700,600,120,2,"Gigantic nebula, Includes bow shock around star Zeta Ophiuchi",16h 35m 00s,248.75,-10° 24'' 02''',-10.40,Oph,,Gum 73, ,,,
Arp 073,,,Gal,Spiral,SBbc/gz,1.3,440,170,2,ARP: SMALL HSB COMP - Disturbed grand design spiral with companion and star stream.,16h 35m 08s,248.78,46° 12'' 00''',46.20,Her,,IC 1222, ,14.0,23.1,45°
Hickson 083,,,Gal,Group,4,1.9,720,400,2,"All 4 galaxies are ellipticals and at same distance.  One of the smallest, faintest, and least spectacular Hickson.",16h 35m 41s,248.92,06° 16'' 12''',6.27,Her,,, ,13.8,23.8,
AbellG 2218,,,Gal,Cluster,200,10,2300,7500,2,"At 2.3 billion ly away, one of the most distant and dimmest objects that can be imaged with an interesting result.",16h 35m 54s,248.98,66° 14'' 00''',66.23,Dra,, , ,17.7,,
Arp 125,,,Gal,Coll,,1.0,400,110,2,ARP: ELLIPTICAL/SPIRAL PAIR - Collisional ring galaxy with impacting companion still present.,16h 38m 13s,249.55,41° 56'' 00''',41.93,Her,, , ,15.5,,
Barnard 231,,,Neb,Dark,6,30,u,u,2,"Interesting dark structure next to bright orange star - Dusky; diam. 30'; sharpest on W side, diffuses to the E",16h 38m 23s,249.60,-35° 26'' 00''',-35.43,Sco,, , ,,,
NGC 6188,,,Neb,Em,SHO-.3/1/.5,30,4000,35,5,"Showcase nebula.  Large dust cloud eroded into billowing pillars, silhouetted against bright nebula",16h 40m 05s,250.02,-48° 39'' 42''',-48.66,Ara,"Dragons of Ara Nebula, Rim Nebula",Caldwell82, ,,,
Barnard 044,,,Neb,Dark,5,270,u,u,1,"Faint, east of Rho Ophiuchi. The middle of the great vacant lane that runs east from the region of Rho Ophiuchi. About 32' wide.",16h 40m 33s,250.14,-24° 05'' 00''',-24.08,Sco,, ,Rho Ophiuchi,,,
NGC 6193,,,Stars,OC,II-3-30,15,3400,15,3,"Sparkling sparse central cluster of NGC6188, Dragons of Ara",16h 41m 17s,250.32,-48° 46'' 33''',-48.78,Ara,,,NGC6188,5.2,,
vdB 109,,,Neb,Refl,,36,380,4.0,2,Faint yellow reflection nebula where star is illuminating significant background nebulosity,16h 41m 34s,250.39,-17° 44'' 29''',-17.74,Oph,,LBN 5, ,,,
M 013,,,Stars,GC,V,32,25000,220,5,"Showcase object, one of the finest globular clusters in the northern hemisphere.",16h 41m 41s,250.42,36° 27'' 35''',36.46,Her,Great Hercules Cluster  ,NGC 6205, ,5.8,,
Gum 55,,,Neb,Em,HII,420,5500,650,2,Massive (7 degree wide) region of HII nebulosity,16h 42m 00s,250.50,-40° 06'' 00''',-40.10,Sco,, , ,,,
NGC 6207,,,Gal,Spiral,Sc,3.0,52,45,2,Messy spiral with HII regions and star clouds,16h 43m 04s,250.77,36° 49'' 56''',36.83,Her,, , ,11.6,21.9,65°
NGC 6232 Trio,,,Gal,Trio,f,1.8,200,105,1,Trio of small spiral galaxies in Draco,16h 43m 20s,250.83,70° 37'' 57''',70.63,Dra,, ,"NGC6236,6248",12.5,22.1,0°
Barnard 232,,,Neb,Dark,0,10,u,u,1,Faint - Dusky; 10' N and S; 2 small stars in it,16h 43m 43s,250.93,-39° 50'' 00''',-39.83,Sco,, , ,,,
Hickson 084,,,Gal,Group,6,2.4,780,520,2,All 6 galaxies at same distance.  Interesting tiny object seen near galaxy a.  Furthest north Hickson.,16h 44m 08s,251.03,77° 50'' 10''',77.84,UMi,,, ,13.5,24.0,
NGC 6210,,,Neb,PN,BOY/fjy,0.80,6500,1.4,3,"Bipolar OIII PN with jets, ansae and filaments",16h 44m 30s,251.13,23° 47'' 59''',23.80,Her,Turtle Nebula, , ,8.8,,
Barnard 044a,,,Neb,Dark,5,5.0,u,u,2,Interesting dark nebulosity in a nice star field - Irregular; sharpest on SE side; CD -40 10662 (mag 9.0) close N. ,16h 44m 44s,251.18,-40° 21'' 00''',-40.35,Sco,, ,,,,
Barnard 233,,,Neb,Dark,5,55,u,u,1,Faint - Diffused; 55' N and S; 20' wide,16h 44m 44s,251.18,-35° 25'' 00''',-35.42,Sco,, , ,,,
Kohoutek 2-16,,,Neb,PN,EHY,0.40,18600,2.0,1,Small HII-dominated PN,16h 44m 48s,251.20,-28° 03'' 00''',-28.05,Sco,, , ,13.0,,
UGC 10548,,,Gal,Spiral,S/g,1.5,500,220,2,Grand design spiral with some details despite the 0.5 bly distance,16h 45m 52s,251.47,59° 37'' 16''',59.62,Dra,, , ,14.0,,55°
Dark Tower ,,,Neb,Em,HII,30,5000,44,3,Cometary globule shaped by nearby cluster NGC 6231,16h 45m 58s,251.49,-41° 15'' 05''',-41.25,Sco,,,NGC 6231,,,
Barnard 045,,,Neb,Dark,5,150,u,u,1,Faint large dark nebula - Rather definite; Extended NE and SW with a projection SW that connects it with Rho Oph,16h 46m 26s,251.61,-21° 36'' 00''',-21.60,Sco,, ,,,,
Barnard 234,,,Neb,Dark,1,30,u,u,0,"Very faint - Narrow; nearly 1/2 degree long, 6' wide",16h 46m 26s,251.61,-30° 30'' 00''',-30.50,Sco,, , ,,,
NGC 6229,,,Stars,GC,IV,5.0,100000,160,2,One of the furthest Milky way globular clusters from earth,16h 46m 59s,251.75,47° 31'' 39''',47.53,Her,Hercules Globular Cluster  , , ,9.4,,
Barnard 235,,,Neb,Dark,6,7.0,u,u,2,Small dark region - Diam. 7'; elongated NE and SW; darkest part at SW end,16h 47m 05s,251.77,-44° 30'' 00''',-44.50,Sco,, , ,,,
M 012,,,Stars,GC,IX,15,16000,70,3,"A loosely concentrated mag 6.1 globular of about 200,000 stars.",16h 47m 14s,251.81,-01° 56'' 52''',-1.95,Oph,,NGC 6218, ,6.1,,
LDN 0204,,,Neb,Dark,6,100,u,u,2,Series of 3 resplendent winding dark nebulae,16h 47m 47s,251.95,-12° 05'' 16''',-12.09,Oph,, ,"LDN191,234",,,
Abell 40,,,Neb,PN,EOY/r,0.60,13000,2.2,2,"Progenitor star visible.  Both OIII and HII present, but OIII much stronger.  Elliptical nebula has thick outer rim.",16h 48m 34s,252.14,-21° 00'' 40''',-21.01,Oph,, , ,18.0,,
Barnard 236,,,Neb,Dark,1,10,u,u,0,Very very faint  - center of system of indistinct dark lanes,16h 48m 53s,252.22,-29° 49'' 00''',-29.82,Sco,, , ,,,
Barnard 237,,,Neb,Dark,1,15,u,u,0,"Very faint - Dark lane N of CD -30 13487 (mag 8.0). Beginning 10' NW, this dark lane runs NE for 37' and turns E for 18'.",16h 48m 54s,252.23,-29° 59'' 00''',-29.98,Sco,, , ,,,
Arp 330,,,Gal,Chain,9,12,400,1300,2,ARP: CHAINS - Interesting vertical zig-zag of 9 galaxies,16h 49m 00s,252.25,53° 24'' 00''',53.40,Dra,Shakhbazian 16, , ,14.0,,
Arp 103,,,Gal,Merger,I,0.60,500,90,2,ARP: ELLIPTICAL/SPIRAL PAIR - Trio of galaxies with long star stream bridge.,16h 49m 26s,252.36,45° 27'' 00''',45.45,Her,Zwickys Triplet (1 of 2), , ,16.0,,
Arp 312,,,Gal,Group,6,6.0,500,900,2,ARP: GROUPS - Group of small ellipticals,16h 49m 50s,252.46,46° 43'' 00''',46.72,Her,, , ,15.0,,
NGC 6239,,,Gal,Spiral,SBb/z,2.0,75,45,2,"Disturbed disk.  Star stream ring with faint streams, extending out in 2 parallel streams.  Messy core with 2 bright regions.",16h 50m 05s,252.52,42° 44'' 22''',42.74,Her,, , ,12.5,22.4,70°
AbellG 2247,,,Gal,Chain,12,20,500,3000,3,Includes fascinating chain of 10 galaxies.,16h 50m 55s,252.73,81° 34'' 01''',81.57,UMi,,Shakhbazian 166, ,15.3,,
Arp 208,,,Gal,Merger,II,0.50,420,60,2,"ARP: EJECTED MATERIAL - Trio of galaxies, with 2 merging and having numerous blue star clouds.",16h 51m 01s,252.75,47° 13'' 00''',47.22,Her,, , ,16.0,,
Barnard 238,,,Neb,Dark,6,13,u,u,1,Teardrop shaped faint dark nebula - Irregular; diam. 13'; BD -22 4323 (magnitude 8.0) on NW edge,16h 52m 21s,253.09,-23° 08'' 00''',-23.13,Sco,, , ,,,
NGC 6240,,,Gal,Merger,IV,1.5,400,180,2,"Late stage merger.  Pink starburst region at center of merged galaxy, just to right of wide dark band that spans most of object",16h 52m 59s,253.25,02° 24'' 05''',2.40,Oph,, , ,12.9,22.7,
NGC 6235,,,Stars,GC,X,5.0,40000,60,2,Loose globular cluster in dense Milky Way star background,16h 53m 24s,253.35,-22° 11'' 00''',-22.18,Oph,, , ,8.9,,
NGC 6231,,,Stars,OC,I-3-100,15,6000,26,2,"Forms head of 2 degree long False Comet in the Scorpion's Tail, the most comet-like naked eye object in the sky.",16h 54m 10s,253.54,-41° 49'' 30''',-41.83,Sco,"Table of Scorpius Cluster, False Comet, Northern Jewel Box",Caldwell76, ,2.6,,
Gum 54,,,Neb,Em,HII,20,8000,50,2,Two bright HII spherical regions and remnants of a 3rd,16h 54m 12s,253.55,-45° 12'' 00''',-45.20,Sco,,RCW110/111, ,,,
NGC 6255,,,Gal,Spiral,SBc/z,3.5,60,60,2,"LSB grand design blue spiral, seen close to edge-on.  Offset central bar.  Blue star clouds visible throughout.",16h 54m 47s,253.70,36° 30'' 06''',36.50,Her,, , ,12.8,23.4,70°
Barnard 239,,,Neb,Dark,1,15,u,u,0,Very faint - Curved; 15' long; very black and narrow; rimmed with stars on S and E sides.,16h 54m 59s,253.75,-31° 08'' 00''',-31.13,Sco,, , ,,,
NGC 6242,,,Stars,OC,I-3-40,10,3600,11,2,Visually pleasing cluster with interesting star patterns within it.,16h 55m 33s,253.89,-39° 27'' 42''',-39.46,Sco,, , ,6.4,,
IC 4628,,,Neb,Em,SHO-.2/1/.2,35,6000,60,4,Dramatic narrowband nebula with Ha ridges and dark dust clouds,16h 56m 58s,254.24,-40° 27'' 24''',-40.46,Sco,Prawn Nebula    , , ,,,
M 010,,,Stars,GC,VII,15,13000,60,3,Bright globular with blue stars dominating half of the cluster.,16h 57m 09s,254.29,-04° 05'' 56''',-4.10,Oph,,NGC 6254, ,5.0,,
Barnard 046,,,Neb,Dark,6,20,u,u,2,Distinct small dust cloud - Irregular; definite; a string of small stars in the middle.,16h 57m 12s,254.30,-22° 45'' 00''',-22.75,Oph,, , ,,,
Arp 293,,,Gal,Polar,,1.3,250,95,2,ARP: WIND EFFECTS - Pair of interacting galaxies with contrasting colors and  faint star stream bridge.,16h 58m 31s,254.63,58° 56'' 00''',58.93,Dra,,NGC 6286, ,13.3,22.5,
Barnard 240,,,Neb,Dark,0,20,u,u,2,Complex dark region stands out well from star background - Black; diam. 20',16h 59m 17s,254.82,-35° 22'' 00''',-35.37,Oph,, , ,,,
NGC 6274 Pair,,,Gal,Pair,,0.70,500,100,1,"Small pair of interacting galaxies, adjacent to several other distant galaxies",16h 59m 20s,254.83,29° 56'' 47''',29.95,Her,, , ,13.8,21.0,
Barnard 241,,,Neb,Dark,2,18,u,u,0,"Very faint - Dusky; diffused; 18' long E and W, 6' wide; about 20' W of M 62",16h 59m 26s,254.86,-30° 12'' 00''',-30.20,Oph,, , ,,,
Barnard 047,,,Neb,Dark,5,15,u,u,1,Long dust lane in Ophiuchus - Irregular; definite; connected with B 51 by two sharp lanes.,16h 59m 42s,254.93,-22° 39'' 00''',-22.65,Oph,, , ,,,
Gum 57a,,,Neb,Em,HII,120,5500,200,2,Large region of HII nebulosity just west of Gum57b,17h 01m 13s,255.30,-38° 12'' 11''',-38.20,Sco,,RCW119, ,,,
M 062,,,Stars,GC,IV,14,21000,88,3,Unusual irregular shape for globular cluster,17h 01m 13s,255.30,-30° 06'' 45''',-30.11,Oph,,NGC 6266, ,6.4,,
IC 4634,,,Neb,PN,BOY/y,0.20,13000,0.80,2,Tiny bi-polar OIII-dominated PN with red ansae,17h 01m 34s,255.39,-21° 49'' 30''',-21.83,Oph,, , ,10.9,,
Barnard 048,,,Neb,Dark,5,40,u,u,2,Dark nebulosity in Scorpius - Fairly well defined; 15' W and N of CD -40 11088 (magnitude 8),17h 01m 41s,255.42,-40° 42'' 00''',-40.70,Sco,, , ,,,
M 019,,,Stars,GC,VIII,10,30000,90,3,Oblong globular which is partially obscured by dust,17h 02m 38s,255.66,-26° 16'' 04''',-26.27,Oph,,NGC 6273, ,5.6,,
Barnard 049,,,Neb,Dark,3,5.0,u,u,2,Small dark nebulosity in bright star field - close SE of and involving CD -33 11668 (magnitude 9.3).,17h 02m 39s,255.66,-33° 17'' 00''',-33.28,Sco,, , ,,,
Barnard 050,,,Neb,Dark,6,16,u,u,2,"Interesting dark nebulosity shape - an irregular square, sharply defined on the east side and diffused on the west.",17h 02m 53s,255.72,-34° 24'' 00''',-34.40,Sco,, , ,,,
AbellG 2256,,,Gal,Cluster,90,30,850,8000,0,Too far away to be interesting,17h 03m 43s,255.93,78° 43'' 03''',78.72,UMi,, , ,15.3,,
Gum 57b,,,Neb,Em,HII,120,5500,200,2,Large region of HII nebulosity just east of Gum57a,17h 03m 57s,255.99,-37° 50'' 39''',-37.84,Sco,,RCW119, ,,,
NGC 6284,,,Stars,GC,IX,6.0,50000,90,2,Fairly loose globular cluster in Ophiuchus,17h 04m 30s,256.13,-24° 46'' 00''',-24.77,Oph,, , ,7.4,,
NGC 6281,,,Stars,OC,II2p,12,1800,7.0,2,Kite-shaped open cluster in Scorpius,17h 04m 41s,256.17,-37° 59'' 06''',-37.99,Sco,Moth Wing Cluster  , , ,5.4,,
Barnard 051,,,Neb,Dark,6,20,u,u,0,Very faint - Definite; one of a group toward the east end of the dark lane from Rho Oph. 2 irregular lanes run west to B 47.,17h 04m 43s,256.18,-22° 16'' 00''',-22.27,Sco,, , ,,,
Barnard 242,,,Neb,Dark,0,30,u,u,1,"Faint - Dusky; elongated E and W, 30'x8'",17h 05m 06s,256.28,-32° 26'' 00''',-32.43,Sco,, , ,,,
NGC 6287,,,Stars,GC,VII,5.0,30000,45,2,Globular cluster in Ophiuchus of medium concentration,17h 05m 09s,256.29,-22° 42'' 25''',-22.71,Oph,, , ,10.3,,
Minkowski 2-09,,,Neb,PPN,j,0.50,5500,0.85,3,"Tiny protoplanetary nebula, with HII-dominated opposing jet outflows",17h 05m 38s,256.41,-10° 08'' 35''',-10.14,Oph,"Twin Jet Nebula, Minkowski's Butterfly", , ,,,
Barnard 053,,,Neb,Dark,4,24,u,u,1,Faint patch of dark nebulosity - Large; diffuse; extended N and S by 30'; curved toward the E at N end.,17h 06m 10s,256.54,-33° 36'' 00''',-33.60,Sco,, , ,,,
Barnard 054,,,Neb,Dark,5,5.0,u,u,0,Very faint - Small; round; close S. of magnitude 11 star,17h 06m 33s,256.64,-34° 16'' 00''',-34.27,Sco,, , ,,,
Barnard 055,,,Neb,Dark,5,16,u,u,1,Faint dark nebula - Irregular; best defined SE.; CD -31 13582 (magnitude 8.9) near the center.,17h 07m 32s,256.88,-32° 01'' 00''',-32.02,Sco,, , ,,,
NGC 6306 Pair,,,Gal,Pair,,1.0,150,45,1,"2 spiral galaxies in Draco, no signs of interaction",17h 07m 37s,256.90,60° 43'' 44''',60.73,Dra,, ,NGC6307,13.7,21.1,
Barnard 057,,,Neb,Dark,6,5.0,u,u,1,Faint - Elongated NE and SW,17h 08m 22s,257.09,-22° 51'' 00''',-22.85,Oph,, , ,,,
Barnard 056,,,Neb,Dark,5,3.0,u,u,1,Dark nebula just east of B55 - Small; close E of CD -31 13609 (magnitude 9.0). ,17h 08m 48s,257.20,-32° 07'' 00''',-32.12,Oph,, , ,,,
Barnard 243,,,Neb,Dark,3,25,u,u,1,Irregular dark nebulosity - diam. 25',17h 09m 45s,257.44,-29° 35'' 00''',-29.58,Oph,, , ,,,
NGC 6293,,,Stars,GC,IV,8.0,30000,70,2,Fairly concentrated generic globular cluster,17h 10m 10s,257.54,-26° 34'' 56''',-26.58,Oph,, , ,8.3,,
NGC 6340,,,Gal,Lent,S0/fm,3.0,50,45,1,Lenticular with dust lanes and faint disk structure. Nearby interesting galaxies,17h 10m 25s,257.60,72° 18'' 17''',72.30,Dra,, ,"IC1251,1254",11.0,22.2,0°
Barnard 244,,,Neb,Dark,5,30,u,u,1,"Faint - Irregular; sharpest on W side; about 30' long N and S, 20' wide; from S end a narrow projection runs W 10'.",17h 10m 51s,257.71,-28° 25'' 00''',-28.42,Oph,, , ,,,
Barnard 058,,,Neb,Dark,6,30,u,u,1,Faint - Slightly extended N and S; a darker core at NE side,17h 11m 11s,257.80,-40° 25'' 00''',-40.42,Oph,, , ,,,
Barnard 059,,,Neb,Dark,5,60,u,u,3,"The stem of the famous Pipe Nebula. Image with globular clusters NGC 6293 & 6316, plus small orange YSO ",17h 11m 23s,257.85,-27° 30'' 00''',-27.50,Oph,Stem of Pipe Nebula, ,"NGC6293,6316",,,
Barnard 060,,,Neb,Dark,3,13,u,u,1,Dark nebulosity north of B246 - Curved; extended NE and SW; this and B 57 are the most distinct of a group SW of B63.,17h 11m 51s,257.96,-22° 27'' 00''',-22.45,Oph,, , ,,,
Barnard 245,,,Neb,Dark,3,8.0,u,u,0,Very faint - Round; diffused; diam. 8'; several bright stars in it,17h 11m 55s,257.98,-29° 25'' 00''',-29.42,Oph,, , ,,,
Barnard 246,,,Neb,Dark,3,15,u,u,1,Dark nebulosity just south of B60 - Irregular; diam. about 15',17h 12m 01s,258.00,-22° 40'' 00''',-22.67,Oph,, , ,,,
Sh2-003,,,Neb,Em,HII,8.0,4000,10,4,Circular HII region with several dust lanes,17h 12m 25s,258.10,-38° 27'' 34''',-38.46,Sco,,"Gum58,RCW120", ,18.0,,
Barnard 250,,,Neb,Dark,4,15,u,u,0,Very faint - Diffused; diam. 15',17h 13m 01s,258.25,-28° 25'' 00''',-28.42,Oph,, , ,,,
Barnard 248,,,Neb,Dark,5,10,u,u,0,Small faint region - Irregular; 10' E and W,17h 13m 04s,258.27,-29° 00'' 00''',-29.00,Oph,, , ,,,
Barnard 249,,,Neb,Dark,5,5.0,u,u,0,"Small faint region - Very thin, short, black line, 5' long, 20' wide 25' NW of NGC 6304; small star at NE end",17h 13m 04s,258.27,-29° 10'' 00''',-29.17,Oph,, , ,,,
Barnard 247,,,Neb,Dark,3,4.0,u,u,1,Spot of dark nebulosity - Black; diam. 4',17h 13m 06s,258.28,-30° 16'' 00''',-30.27,Oph,, , ,,,
Arp 032,,,Gal,BCD,,1.1,50,15,2,"ARP: INTEGRAL SIGN - Pair of small dwarf galaxies, possible slightly interacting.",17h 13m 07s,258.28,59° 19'' 00''',59.32,Dra,, , ,14.0,,
NGC 6302,,,Neb,PN,MRN,2.5,4000,3.0,4,"Multipolar outflow PN, with good results from SHO imaging",17h 13m 44s,258.43,-37° 06'' 12''',-37.10,Sco,Butterfly Nebula (3 of 3),"RCW124,Caldwell69", ,9.6,,
Barnard 251,,,Neb,Dark,3,20,u,u,0,"Very faint - Dusky; elongated NE and SW, 20'x5'",17h 13m 48s,258.45,-20° 10'' 00''',-20.17,Oph,, , ,,,
NGC 6309,,,Neb,PN,BON/j,0.60,9000,1.5,2,Bipolar PN with visible jets,17h 14m 04s,258.52,-12° 54'' 38''',-12.91,Oph,Box Nebula, , ,11.5,,
NGC 6304,,,Stars,GC,VI,7.0,20000,42,2,"Medium concentrated globular cluster, located near the Milky Way center",17h 14m 32s,258.63,-29° 27'' 43''',-29.46,Oph,, , ,8.3,,
Barnard 061,,,Neb,Dark,6,5.0,u,u,1,Small and distinct dark nebula - elongated E and W,17h 15m 00s,258.75,-20° 29'' 00''',-20.48,Oph,, , ,,,
Barnard 252,,,Neb,Dark,5,20,u,u,4,Lovely iconic dark dolphin nebula in a bright Milky Way field - Star CD -31 13763 (magnitude 7.7) near northeast end.,17h 15m 18s,258.83,-32° 10'' 00''',-32.17,Sco,Dolphin Nebula (1 of 2), , ,,,
NGC 6338 Group,,,Gal,Group,6,7.0,400,800,2,"Galaxy group highlighted by NGC 6338, a large elliptical of 250,000 ly diameter ",17h 15m 23s,258.85,57° 24'' 41''',57.41,Dra,, ,"NGC6345,6346",12.3,21.5,
Barnard 253,,,Neb,Dark,3,60,u,u,1,Faint - Irregular dark region; diam. nearly 1 degree; BD -22 4307 (magnitude 8.8) in W part.,17h 15m 31s,258.88,-22° 34'' 00''',-22.57,Oph,, , ,,,
vdB 110,,,Neb,Refl,,4.0,750,0.90,2,Small faint blue nebulosity just south of Barnard 62 dark nebula,17h 16m 06s,259.03,-21° 01'' 43''',-21.03,Oph,,,Barnard62,,,
Barnard 062,,,Neb,Dark,6,20,u,u,1,Image with vdB110 - Very black in NW part; brightest of three stars in S part is BD -20 4690 (magnitude 9.4). ,17h 16m 12s,259.05,-20° 53'' 00''',-20.88,Oph,, ,vdB110,,,
Barnard 063,,,Neb,Dark,3,20,u,u,2,"Dark nebulosity arc in Ophiuchus - Large, curved figure, convex to N; the W end abrupt; 97' E and W, 19' wide",17h 16m 28s,259.12,-21° 29'' 00''',-21.48,Oph,, , ,,,
NGC 6316,,,Stars,GC,III,5.0,35000,54,2,Concentrated globular cluster in Ophiuchus,17h 16m 36s,259.15,-28° 08'' 00''',-28.13,Oph,, , ,9.0,,
Sh2-010,,,Neb,Em,HII,55,3300,50,1,Dim HII region directly west of the Lobster Nebula,17h 17m 00s,259.25,-34° 05'' 00''',-34.08,Sco,,RCW130, ,,,
M 092,,,Stars,GC,IV,11,30000,100,3,"One of the oldest globulars, a lovely intense mix of bright and dim colorful stars.",17h 17m 07s,259.28,43° 08'' 11''',43.14,Her,,NGC 6341, ,6.5,,
NGC 6339,,,Gal,Spiral,SBb/z,3.0,100,85,1,Faint small barred spiral with bright long central bar,17h 17m 07s,259.28,40° 50'' 42''',40.85,Her,, , ,12.7,23.2,55°
Barnard 064,,,Neb,Dark,6,7.0,u,u,1,Faint - W of M 9; This object is cometary in form and has a very black core,17h 17m 18s,259.33,-18° 30'' 00''',-18.50,Oph,, , ,,,
Arp 124,,,Gal,Spiral,Sb,2.2,180,120,2,ARP: ELLIPTICAL/SPIRAL PAIR - Warped spiral disk with wavy dust lanes. ,17h 18m 00s,259.50,60° 36'' 00''',60.60,Dra,,NGC 6361, ,13.1,22.1,80°
Sh2-004,,,Neb,Em,HII,2.0,8000,5.0,1,Irregular HII region in Scorpius,17h 18m 00s,259.50,-39° 18'' 00''',-39.30,Sco,,RCW121, ,,,
NGC 6350 Trio,,,Gal,Trio,,1.0,450,130,2,Photogenic trio of small galaxies which are not interacting,17h 18m 42s,259.68,41° 41'' 36''',41.69,Her,, , ,13.2,22.0,
UGC 10806,,,Gal,Spiral,S,2.0,50,30,2,Distorted small blue spiral,17h 18m 51s,259.71,49° 53'' 03''',49.88,Her,, , ,13.4,,65°
NGC 6358,,,Gal,Merger,I,1.0,430,130,2,Large spiral which looks bridge connected to an elliptical companion below,17h 18m 53s,259.72,52° 36'' 54''',52.62,Dra,, , ,15.0,21.7,
vdB 111,,,Neb,Refl,,12,470,1.8,1,Faint blue reflection nebula extending primarily north to south,17h 18m 53s,259.72,06° 05'' 31''',6.09,Oph,,LBN 88, ,,,
NGC 6351 Pair,,,Gal,Pair,,1.0,500,150,2,"Distant galaxy pair, highlighted by NGC 6351, a polar ring galaxy with a disk that wraps around each pole.",17h 19m 11s,259.80,36° 03'' 30''',36.06,Her,, ,NGC 6349,15.2,22.4,65°
M 009,,,Stars,GC,VIII,9.0,25000,70,3,One of the nearest globs to the galactic center.  Cluster flattened due to gravitational influence of Milky Way core.,17h 19m 12s,259.80,-18° 30'' 58''',-18.52,Oph,,NGC 6333, ,8.4,,
Arp 102,,,Gal,Merger,I/xy,1.1,340,120,2,"ARP: ELLIPTICAL/SPIRAL PAIR - Interacting galaxies with incredible 700,000 ly star stream length.",17h 19m 14s,259.81,48° 59'' 00''',48.98,Her,, , ,16.0,,
Gum 63,,,Neb,Em,SHO-.2/1/.2,30,5500,50,3,"The largest, upper right bubble of the Cat's Paw nebula complex",17h 19m 30s,259.88,-35° 42'' 36''',-35.71,Sco,, ,NGC 6334,,,
Barnard 065,,,Neb,Dark,6,12,u,u,1,Faint - Definite; elongated; 12' E and W,17h 19m 36s,259.90,-26° 43'' 00''',-26.72,Oph,, , ,,,
Gum 61,,,Neb,Em,SHO-.2/1/.1,10,5500,16,3,The lower right bubble of the Cat's Paw nebula complex,17h 19m 46s,259.94,-36° 05'' 52''',-36.10,Sco,, ,NGC 6334,,,
Sh2-005,,,Neb,Em,HII,100,3000,90,1,Dim HII region,17h 19m 50s,259.96,-38° 24'' 00''',-38.40,Sco,,RCW123, ,,,
Barnard 066,,,Neb,Dark,6,8.0,u,u,1,Faint - Definite; extended E and W; CD -26 12082 (magnitude 8.7) 5' from SE edge,17h 19m 57s,259.99,-26° 55'' 00''',-26.92,Oph,, , ,,,
Gum 64a,,,Neb,Em,SHO-.1/1/.1,6.0,5500,10,2,The fragment at the center of the 3 paws of the Cat's Paw nebula complex,17h 20m 07s,260.03,-35° 58'' 10''',-35.97,Sco,,RCW113,NGC 6334,,,
UGC 10822,,,Gal,Dwarf,,35,0.3,3.0,1,"Dim dwarf satellite Milky Way galaxy, only 270,000 ly away",17h 20m 12s,260.05,57° 54'' 55''',57.92,Dra,Draco Dwarf Galaxy   , , ,10.6,,
Gum 64c,,,Neb,Em,SHO-.2/1/.1,8.0,5500,13,2,"The obscured ""4th paw"" of the Cat's Paw nebula complex, above the center of the other 3 paws.",17h 20m 17s,260.07,-35° 47'' 00''',-35.78,Sco,,RCW113,NGC 6334,,,
Barnard 254,,,Neb,Dark,5,60,u,u,2,"Fish-shaped dark nebulae in Ophiuchus - Irregular; diffused; elongated E and W, 1 degree x 20'",17h 20m 29s,260.12,-30° 09'' 00''',-30.15,Oph,, , ,,,
Barnard 255,,,Neb,Dark,5,5.0,u,u,1,Faint - Dusky; diam. 5',17h 20m 35s,260.15,-23° 29'' 00''',-23.48,Oph,, , ,,,
Gum 64b,,,Neb,Em,SHO-.2/1/.1,10,5500,16,3,The upper left bubble of the Cat's Paw nebula complex,17h 20m 48s,260.20,-35° 53'' 26''',-35.89,Sco,,RCW113,NGC 6334,,,
NGC 6334,,,Neb,Em,SHO-.3/1/.2,30,5500,50,4,"One of the closest large emission nebula to earth, this is also one of the most prolific star forming regions in the sky",17h 20m 49s,260.20,-36° 06'' 12''',-36.10,Sco,Cat's Paw Nebula,RCW127, ,,,
Gum 62,,,Neb,Em,SHO-.1/1/.2,10,5500,16,3,The lower left bubble of the Cat's Paw nebula complex,17h 20m 51s,260.21,-36° 07'' 18''',-36.12,Sco,, ,NGC 6334,,,
Barnard 067,,,Neb,Dark,6,25,u,u,2,Dark nebulosity in bright Milky Way field - Definite; extended N and S; connects B 65 and 66,17h 20m 57s,260.24,-26° 52'' 00''',-26.87,Oph,, ,,,,
NGC 6342,,,Stars,GC,IV,5.0,30000,42,2,One of many globular clusters in Ophiuchus,17h 21m 12s,260.30,-19° 35'' 00''',-19.58,Oph,, , ,10.0,,
NGC 6353,,,Stars,OC,5,0.50,u,u,2,Tiny 5 star cluster in Hercules.  2 interesting 4 star clusters nearby,17h 21m 12s,260.30,15° 41'' 17''',15.69,Her,, , ,,,
Barnard 259,,,Neb,Dark,4,30,u,u,1,Faint - Irregular dark area; diam. 1/2 degree; BD -19 4605 (magnitude 6.5) on W border; BD -19 4617 (mag 7.8) in E part,17h 22m 01s,260.50,-19° 18'' 00''',-19.30,Oph,, , ,,,
Barnard 256,,,Neb,Dark,5,50,u,u,2,Irregular shaped dark nebulosity - 50' E and W; BD -28 13101 (magnitude 7.7) near E end.,17h 22m 12s,260.55,-28° 50'' 00''',-28.83,Oph,, , ,,,
NGC 6337,,,Neb,PN,BRY,1.0,5000,1.4,4,Bipolar PN with bright torus ring and extended eye-shaped lobe region.  Great inner region with progenitor and other stars. Similar to NGC6369,17h 22m 16s,260.57,-38° 29'' 00''',-38.48,Sco,Cheerio Nebula, , ,12.3,,
Barnard 067a,,,Neb,Dark,6,13,u,u,1,"Faint - Irregular; definite; BD -21 4591 (magnitude 9.5) in spot, near SE edge",17h 22m 30s,260.63,-21° 54'' 00''',-21.90,Oph,, , ,,,
Barnard 068,,,Neb,Dark,6,4.0,u,u,2,"Dark nebulosity next to B72, the Snake - Small; irregular; sharply defined; about 20' SW of B 72",17h 22m 36s,260.65,-23° 48'' 00''',-23.80,Oph,, , ,,,
NGC 6363,,,Gal,Ellip,E2/u,1.0,410,120,2,Elliptical with faint star stream tail extending south and west,17h 22m 40s,260.67,41° 06'' 06''',41.10,Her,, , ,13.3,22.1,
Arp 030,,,Gal,Pair,,1.0,380,110,2,ARP: 1 HEAVY ARM -  A pair of galaxies that are not likely interacting.,17h 22m 42s,260.68,62° 10'' 00''',62.17,Dra,,NGC 6365, ,14.2,21.3,
Barnard 257,,,Neb,Dark,5,15,u,u,2,Dark nebula near NGC 6334 (Cat's Paw) - Dusky spot; diam. 15'; about 10' NW of CD -35 11505 (magnitude 6.7),17h 22m 46s,260.69,-35° 38'' 00''',-35.63,Sco,, , ,,,
Barnard 069,,,Neb,Dark,6,4.0,u,u,1,"Dark nebulosity next to B72, the Snake - Very small; irregular; sharply defined; extends N and S 4'",17h 22m 56s,260.73,-23° 56'' 00''',-23.93,Oph,, , ,,,
Barnard 258,,,Neb,Dark,2,40,u,u,1,Dark circular dark region between NGC 6334 and NGC 6357 - Irregular area of dark markings; diam. 40' plus or minus,17h 22m 57s,260.74,-34° 44'' 00''',-34.73,Oph,, , ,,,
Barnard 071,,,Neb,Dark,6,1.0,u,u,0,"Tiny object - Very small; extends 1.25', plus or minus",17h 23m 02s,260.76,-24° 01'' 00''',-24.02,Oph,, , ,,,
NGC 6370 Group,,,Gal,Group,10,16,400,1900,2,"Galaxy group anchored by NGC 6370, large 200,000 ly elliptical.  Favorite galaxy is the double ring galaxy PGC60230",17h 23m 25s,260.85,56° 58'' 29''',56.97,Dra,, , ,12.9,22.6,
IC 1261 Pair,,,Gal,Pair,,0.60,650,110,1,Pair of ellipticals amongst many other background galaxies,17h 23m 26s,260.86,71° 15'' 46''',71.26,Dra,, , ,15.0,23.3,
Barnard 070,,,Neb,Dark,4,4.0,u,u,1,"Dark nebulosity next to B72, the Snake - Sharply defined on W side",17h 23m 32s,260.88,-24° 03'' 00''',-24.05,Oph,, , ,,,
NGC 6356,,,Stars,GC,II,8.0,50000,110,2,Distant concentrated globular cluster located just 1.5 degrees from M9.,17h 23m 35s,260.90,-17° 48'' 52''',-17.81,Oph,, , ,7.4,,
Barnard 072,,,Neb,Dark,6,37,u,u,4,"Iconic Snake Nebula, one of the best dark nebula to image.",17h 23m 36s,260.90,-23° 38'' 00''',-23.63,Oph,Snake Nebula   , , ,,,
NGC 6355,,,Stars,GC,,5.0,30000,45,2,Globular cluster in Ophiuchus,17h 24m 00s,261.00,-26° 21'' 00''',-26.35,Oph,, , ,11.0,,
Barnard 073,,,Neb,Dark,4,1.0,u,u,0,Small - Very small; extended N and S 4',17h 24m 08s,261.03,-24° 18'' 00''',-24.30,Oph,, , ,,,
NGC 6357,,,Neb,Em,WR-.15/1/.10,50,5000,80,4,"Numerous bright emission nebulae surrounding bright open clusters, including Pismis 24.  ",17h 24m 43s,261.18,-34° 12'' 06''',-34.20,Sco,"Lobster Nebula, War and Peace Nebula    ",RCW131, ,,,
H 2-08,,,Neb,PN,BCN,0.20,u,u,2,Tiny PN resembling the much large Headphones Nebula,17h 24m 46s,261.19,-21° 33'' 36''',-21.56,Oph,, , ,,,
Barnard 260,,,Neb,Dark,4,12,u,u,1,"Faint nebula near B78 - Diffused; elongated N and S, 12'x7'",17h 24m 49s,261.20,-25° 38'' 00''',-25.63,Oph,, , ,,,
MW9,,,Neb,Mol Cld,,240,u,u,3,"Large faint molecular cloud, Mandel-Wilson 9",17h 24m 50s,261.21,-79° 00'' 10''',-79.00,Apu,South Celestrial Serpant Nebula,, ,,,
Barnard 261,,,Neb,Dark,4,60,u,u,1,"Dark nebulosity south of B262 - Elongated E and W, 14'x5'; diffused on S side, reaching to mag 7.6 star 18' SE of center",17h 25m 04s,261.27,-23° 03'' 00''',-23.05,Oph,, ,,,,
Barnard 074,,,Neb,Dark,5,5.0,u,u,1,"Faint 2 lobed dark nebula next to brighter star - Slightly curved, extending 5' N from CD -24 13325 (mag 7.1). ",17h 25m 08s,261.28,-24° 13'' 00''',-24.22,Oph,, , ,,,
NGC 6367,,,Gal,Lent,S0,1.0,400,120,1,Slightly disturbed lenticular,17h 25m 09s,261.29,37° 45'' 35''',37.76,Her,, , ,14.2,22.4,55°
Barnard 075,,,Neb,Dark,5,60,u,u,3,Interesting scalloped dark nebula pattern - BD -21 4598 (magnitude 8.3) on N edge ,17h 25m 17s,261.32,-22° 03'' 00''',-22.05,Oph,, ,,,,
NGC 6377,,,Gal,Merger,II,0.50,400,60,2,"2 disturbed galaxies, blue and yellow, faintly connected by a star stream bridge",17h 25m 23s,261.35,58° 49'' 21''',58.82,Dra,, , ,14.9,21.8,
NGC 6352,,,Stars,GC,XI,7.0,20000,40,2,Loosely concentrated globular cluster in Ara,17h 25m 29s,261.37,-48° 25'' 21''',-48.42,Ara,,Caldwell81, ,7.8,,
Barnard 262,,,Neb,Dark,4,60,u,u,3,"Comprises the ""smoke"" of the Pipe Nebula.  Set in a nice field of Barnard nebulae and Milky Way stars - diam 1/2 deg",17h 25m 32s,261.38,-22° 38'' 00''',-22.63,Oph,, , ,,,
Barnard 076,,,Neb,Dark,4,30,u,u,1,"Faint - Irregular, narrow black strip, 30' long E and W",17h 25m 38s,261.41,-24° 26'' 00''',-24.43,Oph,, , ,,,
Minkowski 3-09,,,Neb,PN,BOY,0.30,11000,1.0,2,Bipolar OIII-dominated PN with torus,17h 25m 43s,261.43,-26° 11'' 56''',-26.20,Oph,, , ,15.8,,
NGC 6395,,,Gal,Spiral,SBc/z,3.0,65,60,1,Faint blue spiral.  Undefined arms and yellow bar,17h 26m 31s,261.63,71° 05'' 46''',71.10,Dra,, ,IC1261,12.3,21.6,75°
Barnard 263,,,Neb,Dark,5,30,u,u,2,Dark nebulosity with interesting shape - Diam. 30' NE and SW,17h 26m 56s,261.73,-42° 48'' 00''',-42.80,Sco,, , ,,,
Barnard 264,,,Neb,Dark,4,10,u,u,1,Faint - Narrow; black; 10' E and W; bends N at E end; 15' W of CD -25 12179 (magnitude 7.3),17h 27m 12s,261.80,-25° 32'' 00''',-25.53,Oph,, , ,,,
Arp 310,,,Gal,Merger,II,0.90,380,100,2,ARP: DOUBLE GALAXIES - Galaxy pair with shared galactic halo,17h 27m 26s,261.86,58° 30'' 00''',58.50,Dra,,IC 1259,Arp 311,14.9,22.6,
Arp 311,,,Gal,Group,6,8.0,380,850,2,ARP: GROUPS - Galaxy group which includes Arp 310,17h 27m 31s,261.88,58° 28'' 00''',58.47,Dra,,IC 1260,Arp 310,14.7,20.8,
Barnard 265,,,Neb,Dark,4,18,u,u,1,Faint - Irregular; 18' N and S; 7' wide; diffused on E side; about 5' W of CD -25 12171 (magnitude 9.2),17h 27m 36s,261.90,-25° 12'' 00''',-25.20,Oph,, , ,,,
Barnard 266,,,Neb,Dark,3,30,u,u,1,Faint - Curved; 30' long NE and SW; BD -20 4775 (magnitude 7.8) just S of S edge,17h 28m 07s,262.03,-20° 57'' 00''',-20.95,Oph,, , ,,,
Barnard 267,,,Neb,Dark,5,5.0,u,u,2,"Dark nebulosity next to B266 - Small; very black; elongated NW and SE, 5'x3'; CD -25 12177 (magnitude 9.3) at NW end",17h 28m 31s,262.13,-25° 14'' 00''',-25.23,Oph,, , ,,,
Barnard 077,,,Neb,Dark,3,60,u,u,1,Just north of famous B78 nebula - Indefinite; connected by a vacant strip with B 78,17h 28m 37s,262.15,-23° 52'' 00''',-23.87,Oph,, , ,,,
Abell 41,,,Neb,PN,ERY/q,0.40,15000,1.7,2,"Smallest Abell PN in apparent size, and one of the furthest away from us. HII rim. ",17h 29m 04s,262.27,-15° 13'' 21''',-15.22,Ser,, , ,16.0,,
NGC 6369,,,Neb,PN,BRY,1.2,3000,1.0,1,"Bipolar PN, similar to NGC6337, with faint progenitor",17h 29m 21s,262.34,-23° 45'' 34''',-23.76,Oph,Little Ghost Nebula     , , ,11.4,,
Arp 038,,,Gal,Spiral,SBc/kz,2.0,75,45,2,ARP: LSB COMPANION - Face-on spiral with no companion,17h 29m 36s,262.40,75° 42'' 00''',75.70,Dra,,NGC 6412, ,11.8,22.3,15°
Sh2-014,,,Neb,Refl,,30,700,6.0,0,"Very faint blue haze, questionable object",17h 30m 18s,262.58,-30° 16'' 18''',-30.27,Sco,, , ,,,
Gum 68,,,Neb,Em,HII,40,4000,48,2,Typical Gum HII region,17h 30m 24s,262.60,-31° 33'' 00''',-31.55,Sco,,RCW133, ,,,
HP 1,,,Stars,GC,,4.0,21000,25,2,Faint globular cluster that is one of the oldest GC in our Milky Way,17h 31m 06s,262.78,-29° 59'' 00''',-29.98,Oph,Haute Provence 1 Cluster, , ,,,
Barnard 268,,,Neb,Dark,4,100,u,u,3,Light (Opacity of 4/6) but beautiful dark nebula,17h 31m 26s,262.86,-20° 32'' 00''',-20.53,Oph,,"LDN 185,192", ,,,
Abell 42,,,Neb,PN,ECY/r,1.0,11000,3.0,1,The dimmest of all Abell PN which have a magnitude estimated.  Faint progenitor star at the center. ,17h 31m 31s,262.88,-08° 19'' 10''',-8.32,Oph,, , ,20.0,,
HDW 08,,,Neb,PN,PCY/i,0.40,u,u,1,Small asymmetric PN,17h 31m 48s,262.95,-28° 24'' 00''',-28.40,Oph,, , ,,,
Barnard 269,,,Neb,Dark,3,60,u,u,1,"Faint - Dusky region, 1 degree long NW and SE; BD -22 4369 (magnitude 7.5) near SE end",17h 32m 13s,263.05,-22° 46'' 00''',-22.77,Oph,, , ,,,
NGC 6384,,,Gal,Spiral,SBbc/z,6.0,80,140,2,Large barred spiral with blue star clouds and dark dust lanes  Huge number of foreground stars (100) in front of galaxy,17h 32m 24s,263.10,07° 03'' 37''',7.06,Oph,, , ,10.4,22.7,50°
Barnard 078,,,Neb,Dark,5,180,u,u,4,The bowl of the famous Pipe Nebula,17h 32m 43s,263.18,-25° 36'' 00''',-25.60,Oph,Bowl of Pipe Nebula, , ,,,
Barnard 270,,,Neb,Dark,5,11,u,u,1,Faint - Round; diam. 11'; in NE part of B 268,17h 32m 43s,263.18,-19° 36'' 00''',-19.60,Oph,, , ,,,
Barnard 271,,,Neb,Dark,0,120,u,u,1,Very faint - Dusky; curved; 2 degrees N and S; 10' plus or minus wide; CD -33 12241 (magnitude 8.7) near N end,17h 34m 16s,263.57,-34° 16'' 00''',-34.27,Sco,, , ,,,
Gum 67,,,Neb,Em,HII,120,4250,150,2,Large HII region just west of M6,17h 34m 42s,263.68,-32° 34'' 54''',-32.58,Sco,,RCW132, ,,,
Barnard 079,,,Neb,Dark,6,30,u,u,1,Line of nebulosity - 30' long SE and NW; narrow; sharply defined,17h 37m 23s,264.35,-19° 37'' 00''',-19.62,Oph,, , ,,,
Barnard 272,,,Neb,Dark,3,45,u,u,2,Fascinating dark nebula in Ophiuchus - irregular dark markings; diam. 45'; CD -23 13469 (mag 8.0) near middle.,17h 37m 36s,264.40,-23° 25'' 00''',-23.42,Oph,, , ,,,
M 014,,,Stars,GC,VIII,13,30000,110,3,Distant globular cluster with the core a bit elongated.,17h 37m 36s,264.40,-03° 14'' 43''',-3.25,Oph,,NGC 6402, ,5.7,,
Barnard 080,,,Neb,Dark,3,3.0,u,u,0,"Very faint - Small, definite; 3' x 1', SW and NE; close SE of BD -21 4674 (magnitude 80 8.1).",17h 37m 42s,264.43,-21° 17'' 00''',-21.28,Oph,, , ,,,
Barnard 274,,,Neb,Dark,4,18,u,u,2,Vase-like dark nebula shape - Triangular; definite; 18' N and S; BD -22 4383 (magnitude 7.5) in N end,17h 38m 03s,264.51,-22° 44'' 00''',-22.73,Oph,, , ,,,
Barnard 273,,,Neb,Dark,0,15,u,u,1,Nondescript dark nebula in Scorpius - Dark spot at N end of B 271; diam. 15',17h 38m 29s,264.62,-33° 21'' 00''',-33.35,Sco,, , ,,,
Barnard 081,,,Neb,Dark,0,3.0,u,u,1,Faint dark lanes just west of globular cluster NGC 6401 - Very small; diffused,17h 38m 33s,264.64,-23° 56'' 00''',-23.93,Oph,, ,NGC6401,,,
NGC 6401,,,Stars,GC,VIII,5.0,24000,34,2,Globular cluster in Ophiuchus of average concentration,17h 38m 36s,264.65,-23° 55'' 00''',-23.92,Oph,, , ,10.7,,
Barnard 082,,,Neb,Dark,3,5.0,u,u,1,"Faint dark small nebulosity, angular; well defined; 8' N of NGC 6401",17h 38m 37s,264.65,-23° 47'' 00''',-23.78,Oph,, , ,,,
Barnard 083,,,Neb,Dark,6,7.0,u,u,1,Faint dark nebulosity just south of NGC6401 - Irregular; several small stars in it; narrow extension to the S,17h 38m 58s,264.74,-24° 11'' 00''',-24.18,Oph,, , ,,,
Barnard 275,,,Neb,Dark,4,13,u,u,1,Dark circular patch of nebulosity just west of M6 - Round; diam. 13'; about 20' W of M6.,17h 38m 59s,264.75,-32° 20'' 00''',-32.33,Sco,, , ,,,
Barnard 276,,,Neb,Dark,6,45,u,u,3,Lovely irregular nebulosity patch in Ophiuchus - Broken region of dark markings; diam. 3/4 degree,17h 39m 39s,264.91,-19° 50'' 00''',-19.83,Oph,, , ,,,
NGC 6400,,,Stars,OC,II-2-50,12,3000,10,2,"Eclectic shape, with stars arranged in seemingly straight lines instead of clusters",17h 40m 12s,265.05,-36° 56'' 54''',-36.95,Sco,Phantom Cluster  , , ,8.8,,
M 006,,,Stars,OC,III-2-80,20,1500,9.0,2,Well spaced cluster of 80 stars located 1500 light years away,17h 40m 20s,265.08,-32° 15'' 12''',-32.25,Sco,Butterfly Cluster,NGC 6405, ,4.2,,
Kohoutek 1-04,,,Neb,PN,BCN/bi,1.0,6300,2.0,2,Bipolar PN with some disturbance,17h 40m 30s,265.13,-27° 02'' 00''',-27.03,Oph,, , ,,,
NGC 6397,,,Stars,GC,IX,30,7000,60,4,"One of the closest globulars, with a high number of blue supergiant stars.  Loosely concentrated",17h 40m 42s,265.18,-53° 40'' 00''',-53.67,Ara,Blue Straggler Cluster,Caldwell86, ,5.3,,
Barnard 277,,,Neb,Dark,4,18,u,u,1,Faint - Narrow; 18' long E and W; BD -22 4387 (mag 8.3) at W end. Less distinct branch runs 30' SE & forms large V,17h 40m 45s,265.19,-23° 05'' 00''',-23.08,Oph,, , ,,,
DeHt 2,,,Neb,PN,SOY/i,1.5,6000,2.5,2,Faint round OIII-dominated PN,17h 41m 42s,265.43,03° 04'' 00''',3.07,Oph,, , ,15.0,,
Hb 04,,,Neb,PN,BCN,0.60,16500,3.0,2,Small bipolar PN with inner bright torus ring,17h 41m 53s,265.47,-24° 42'' 08''',-24.70,Oph,, , ,,,
Kohoutek 1-14,,,Neb,PN,SOY/t,1.0,11000,3.0,2,Showy OIII-dominant transparent PN with a wavy rim and visible progenitor.,17h 42m 36s,265.65,21° 30'' 00''',21.50,Her,, , ,,,
Barnard 278,,,Neb,Dark,4,15,u,u,1,Dark nebulosity just east of M6 - Round; diam. 15'; about 30' E of M 6,17h 42m 39s,265.66,-32° 20'' 00''',-32.33,Sco,, , ,,,
NGC 6463 Group,,,Gal,Group,8,14,500,2100,2,"Distant group of 8 galaxies, anchored by the large elliptical NGC 6463, 250,000 ly in diameter",17h 43m 34s,265.89,67° 36'' 12''',67.60,Dra,, , ,14.1,21.9,
Barnard 279,,,Neb,Dark,3,60,u,u,2,"Faint, interesting X nebulosity shape - Irregular dark area; diam. 1 deg; BD -22 4405 (mag 7.3) near N edge",17h 44m 33s,266.14,-22° 34'' 00''',-22.57,Sgr,, , ,,,
NGC 6426,,,Stars,GC,IX,8.0,68000,150,2,Distant loosely concentrated Ophiuchus globular cluster,17h 44m 55s,266.23,03° 10'' 11''',3.17,Oph,, , ,10.9,,
Barnard 280,,,Neb,Dark,3,60,u,u,2,Resplendent dark nebulosity in Sagittarius - Irregular dusky area; diam. 1 degree plus or minus,17h 44m 57s,266.24,-20° 44'' 00''',-20.73,Sgr,, , ,,,
Barnard 083a,,,Neb,Dark,6,4.0,u,u,1,"Small faint dark nebula - definite; diam. 4', N and S; about 5' SE of BD -19 4698 (magnitude 9.5)",17h 45m 19s,266.33,-20° 01'' 00''',-20.02,Sgr,, , ,,,
Sh2-017,,,Neb,Em,HII,30,5000,45,1,Faint boxy HII region,17h 46m 12s,266.55,-28° 51'' 00''',-28.85,Sgr,,RCW138, ,,,
NGC 6447 Pair,,,Gal,Pair,f,1.2,310,110,2,"Grand design spiral galaxy, paired nicely with spiral NGC 6446",17h 46m 17s,266.57,35° 34'' 20''',35.57,Her,, ,NGC 6446,12.8,22.0,5°
Barnard 084,,,Neb,Dark,6,60,u,u,2,Irregular dark nebula in Sagittarius - 22' long E and W; extension from it 20' toward the NW. ,17h 46m 25s,266.60,-20° 16'' 00''',-20.27,Sgr,, , ,,,
IC 4665,,,Stars,OC,III-2-50,60,1100,20,2,Wide blue 50 star open cluster,17h 46m 30s,266.63,05° 39'' 00''',5.65,Oph,Summer Beehive Cluster, , ,4.2,,
Sh2-016,,,Neb,Em,HII,25,5000,40,2,Squarish with nice dust lanes. Brightest of 3 adjacent HII regions with Sh2-18 and 19,17h 46m 37s,266.65,-29° 23'' 07''',-29.39,Sgr,,"Gum70,RCW137", ,,,
Barnard 281,,,Neb,Dark,2,30,u,u,1,Faint - Dark loop close E of CD -23 13548 (magnitude 8.1),17h 46m 47s,266.70,-23° 44'' 00''',-23.73,Sgr,, , ,,,
NGC 6473 Group,,,Gal,Group,4,12,400,1400,2,"Group of 4 distant galaxies, highlighted by grand spiral NGC 6473",17h 46m 54s,266.73,57° 18'' 30''',57.31,Dra,, , ,14.5,,
Sh2-020,,,Neb,Em,HII,10,5000,15,1,2 small adjacent HII regions,17h 47m 08s,266.78,-28° 46'' 30''',-28.78,Sgr,,RCW141, ,,,
Minkowski 1-28,,,Neb,PN,BHN/c,0.90,15000,4.0,3,Bipolar HII-dominated PN with blown out lobes,17h 47m 36s,266.90,-22° 04'' 00''',-22.07,Sgr,, , ,17.0,,
Barnard 282,,,Neb,Dark,3,18,u,u,2,Irregular dark nebulosity in Sagittarius - 18' long NE and SW; sharp on NW side; CD -23 13589 (mag 8.0) near SE end,17h 48m 36s,267.15,-23° 28'' 00''',-23.47,Sgr,, , ,,,
Sh2-018,,,Neb,Em,HII,4.0,5000,6.0,1,Faint round HII region between Sh2-16 and Sh2-19,17h 48m 48s,267.20,-29° 15'' 00''',-29.25,Sgr,,RCW139, ,,,
NGC 6440,,,Stars,GC,V,3.0,24000,22,2,"Orange tint from abundant dust in region.  Outer extent is asymmetric, with void area seen on right side",17h 48m 53s,267.22,-20° 21'' 35''',-20.36,Sgr,, , ,9.3,,
NGC 6445,,,Neb,PN,MRN,2.5,4500,3.4,3,"Similar to NGC40, with white box that is cross-section of torus material from multi-polar PN gas flow.  Viewing PN in side view  ",17h 49m 15s,267.31,-20° 00'' 36''',-20.01,Sgr,"Little Gem Nebula, Box Nebula    ", , ,11.2,,
Sh2-015,,,Neb,Em,HII,25,5000,40,2,Circular HII region with several small dark nebulae,17h 49m 18s,267.33,-31° 15'' 18''',-31.26,Sco,,"Gum69,RCW134",NGC6425,,,
Sh2-019,,,Neb,Em,HII,15,5000,22,1,Large squarish HII region northeast of Sh2-16 and Sh2-18,17h 49m 24s,267.35,-29° 07'' 00''',-29.12,Sgr,,RCW140, ,,,
NGC 6503,,,Gal,Floc,,5.0,20,30,2,Flocculent galaxy with faint HII regions and some blue star clouds.  Dark brown dust lanes also seen.,17h 49m 27s,267.36,70° 08'' 40''',70.14,Dra,"Lonely Galaxy, Lost-in-Space Galaxy  ", , ,10.2,22.0,80°
Sh2-021,,,Neb,Em,HII,4.0,27000,30,1,"Small, detailed HII patch",17h 50m 00s,267.50,-28° 53'' 00''',-28.88,Sgr,,RCW142, ,,,
NGC 6491 Pair,,,Gal,Pair,k,1.5,260,120,2,"Interested pair of NGC spirals.  But UGC 11007, just above in this image, is even better.",17h 50m 01s,267.50,61° 31'' 54''',61.53,Dra,, ,NGC6493,13.6,21.8,70°
Barnard 284,,,Neb,Dark,6,35,u,u,2,"Arrowhead shaped dark nebulosity - Curved; 35' NE and SW, 5' wide; outline sharp except at SW end",17h 50m 07s,267.53,-14° 23'' 00''',-14.38,Ser,, , ,,,
NGC 6441,,,Stars,GC,III,8.0,40000,90,2,Concentrated globular cluster next to the mag 3 star G Scorpii,17h 50m 13s,267.55,-37° 03'' 03''',-37.05,Sco,Silver Nugget Cluster  , , ,7.2,,
Barnard 285,,,Neb,Dark,0,15,u,u,1,Faint - Diffused; diam. 15',17h 50m 32s,267.63,-12° 53'' 00''',-12.88,Ser,, , ,,,
NGC 6451,,,Stars,OC,II-1-70,7.0,9000,18,2,Distinctly non-circular open cluster with similar brightness stars,17h 50m 42s,267.68,-30° 13'' 00''',-30.22,Sco,, , ,8.2,,
Barnard 283,,,Neb,Dark,5,90,u,u,2,"Wonderfully complex dark nebula in Scorpius - Irregular, dusky area 1 1/2 deg plus or minus E and W, 1 deg N and S",17h 51m 16s,267.82,-33° 53'' 00''',-33.88,Sco,, , ,,,
NGC 6497,,,Gal,Spiral,SBb/lz,1.5,300,130,2,Barred double ring galaxy,17h 51m 18s,267.83,59° 28'' 15''',59.47,Dra,, , ,13.5,22.2,70°
Sh2-022,,,Neb,Em,HII,55,2700,40,2,Large HII ring nebula,17h 53m 00s,268.25,-25° 06'' 00''',-25.10,Sgr,,RCW144, ,,,
vdB 112,,,Neb,Refl,,1.0,1110,0.30,1,Faint orange reflection nebula northwest of orange source star,17h 53m 00s,268.25,-05° 36'' 00''',-5.60,Oph,,, ,,,
Barnard 286,,,Neb,Dark,0,15,u,u,1,Faint - Diffused; diam. 15' ; CD -35 12013 (magnitude 7.1) in SW part,17h 53m 03s,268.26,-35° 38'' 00''',-35.63,Sco,, , ,,,
Abell 43,,,Neb,PN,SOY/ft,1.3,5000,2.0,3,Progenitor visible.  OIII-dominated with filamentary arcing structures weaving through the nebula.,17h 53m 32s,268.38,10° 37'' 20''',10.62,Oph,, , ,15.0,,
M 007,,,Stars,OC,II-2-80,100,1000,30,4,"Bright mag 3.3 80 star cluster, the most southerly Messier object. Located adjacent to Barnard 287",17h 53m 51s,268.46,-34° 47'' 36''',-34.79,Sco,"Ptolemy's Cluster, Scorpion's Tail",NGC 6475, ,3.3,,
Kohoutek 2-05,,,Neb,PN,ERN,0.50,11000,1.7,1,Faint elliptical PN with HII rim,17h 54m 24s,268.60,-12° 30'' 00''',-12.50,Ser,, , ,,,
Barnard 287,,,Neb,Dark,5,30,u,u,3,"Perfect pairing, adjacent to M7.  Looks like Burning Man logo. - Irregular, semi-vacancy; diam. 1/2 degree ",17h 54m 27s,268.61,-35° 13'' 00''',-35.22,Sco,, ,M7,,,
FP 1755-1301,,,Neb,PN,AHN,8,u,u,1,Very faint possible PN,17h 55m 18s,268.83,-13° 00'' 54''',-13.02,Ser,, , ,,,
NGC 6500 Pair,,,Gal,Pair,m,1.5,140,60,2,Spiral and lenticular at similar distance but just far enough apart not to be interacting,17h 56m 00s,269.00,18° 20'' 18''',18.34,Her,, ,NGC 6501,12.2,22.3,30°
Barnard 289,,,Neb,Dark,4,35,u,u,2,"Faint and interesting dark nebula in Scorpius - Dark space between clouds, about 7'x35'",17h 56m 37s,269.15,-29° 02'' 00''',-29.03,Sco,, , ,,,
Scorpius Dark Nebula,,,Neb,Dark,,80,u,u,2,Dark nebula in Scorpius with no official designation,17h 56m 42s,269.18,-30° 30'' 00''',-30.50,Sco,, , ,,,
M 023,,,Stars,OC,III-1-200,35,2400,25,3,"primarily blue 200 star open cluster, spread out",17h 57m 04s,269.27,-18° 59'' 06''',-18.99,Sgr,,NGC 6494, ,5.5,,
Barnard 288,,,Neb,Dark,3,2.0,u,u,1,Faint - Black; diam. 2'; diffuses toward NE; 25' SW of CD -36 12060 (magnitude 6.3),17h 57m 06s,269.28,-37° 06'' 00''',-37.10,Sco,, , ,,,
Barnard 084a,,,Neb,Dark,5,16,u,u,1,"Faint - Round; diam. 16', with extension 45' S; BD -17 4967 (magnitude 9.1) in center",17h 57m 37s,269.40,-17° 41'' 00''',-17.68,Sgr,, , ,,,
Barnard's Star,,,Stars,Star,,0.05,6.0,u,1,"Highest proper motion of any star, seen year to year.  2nd closest star to our sun.",17h 57m 48s,269.45,04° 40'' 00''',4.67,Oph,Barnard's Star, , ,9.5,,
Sh2-026,,,Neb,Em,HII,24,2500,18,1,Diffuse region near the Trifid nebula,17h 58m 10s,269.54,-23° 28'' 02''',-23.47,Oph,, , ,,,
NGC 6543,,,Neb,PN,ERN,5.0,3300,5.0,5,"Showcase Cat's Eye PN, with inner namesake eye and wispy hexagon-shaped outer extent",17h 58m 33s,269.64,66° 37'' 59''',66.63,Dra,Cat's Eye Nebula,Caldwell6, ,8.1,,
Barnard 290,,,Neb,Dark,0,3.0,u,u,1,Faint - Very small; diam. 3' ; extends N faintly for 25' to and beyond CD -36 12060 (magnitude 6.3),17h 59m 21s,269.84,-37° 10'' 00''',-37.17,Sco,, , ,,,
Barnard 291,,,Neb,Dark,4,5.0,u,u,1,"Faint - Small, round, black; diam. 5'. CD -33 12697 (mag 8.3) is on east edge of this spot; very faint star in the center. ",17h 59m 43s,269.93,-33° 55'' 00''',-33.92,Sgr,, , ,,,
Barnard 292,,,Neb,Dark,0,60,u,u,2,"Irregular collection of dark nebulosity - broken, dark region; diam. 1 degree",18h 00m 34s,270.14,-33° 21'' 00''',-33.35,Sgr,, , ,,,
Gum 74a,,,Neb,Em,HII,40,8000,90,1,Large faint HII region,18h 01m 00s,270.25,-23° 20'' 00''',-23.33,Sgr,,RCW146, ,,,
Barnard 293,,,Neb,Dark,0,18,u,u,1,"Faint - Dusky; curved; like an inverted U, 18' across; CD -35 21259 (magnitude 8.5) near the center.",18h 01m 13s,270.30,-35° 21'' 00''',-35.35,Sco,, , ,,,
Barnard 294,,,Neb,Dark,3,3.0,u,u,1,Tiny nebulosity in Sagittarius - Definite; diam. 3'; star in SW part,18h 01m 30s,270.38,-28° 37'' 00''',-28.62,Sgr,, , ,,,
NGC 6517,,,Stars,GC,IV,4.0,35000,40,2,Medium concentration globular cluster in Ophiuchus,18h 01m 48s,270.45,-08° 58'' 00''',-8.97,Oph,, , ,10.1,,
Barnard 085,,,Neb,Dark,0,29,u,u,3,Central dark nebula in M20 - Trifid nebula.,18h 02m 25s,270.60,-23° 02'' 00''',-23.03,Sgr,, ,M20,,,
M 020,,,Neb,Em,SHO-.1/1/.3,25,9000,70,5,Beautiful showcase emission and reflection nebula with silhouetted dust lanes,18h 02m 42s,270.68,-22° 58'' 18''',-22.97,Sgr,Trifid Nebula  ,"NGC 6514,RCW147", ,,,
Barnard 086,,,Neb,Dark,5,5.0,u,u,2,Appears very dark because of its position in bright Milky Way field - Diam. 5'; edge of diffused nebulosity,18h 03m 02s,270.76,-27° 53'' 00''',-27.88,Sgr,Ink Spot Nebula  , , ,,,
NGC 6520,,,Stars,OC,I-2-90,4.0,5500,7.0,4,"Incredible view - brilliant cluster with dense Milky Way as backdrop, adjacent to Barnard86",18h 03m 24s,270.85,-27° 53'' 18''',-27.89,Sgr,, ,Barnard86,7.6,,
NGC 6522,,,Stars,GC,VI,8.0,25000,60,2,Part of an amazing double cluster with NGC6522,18h 03m 35s,270.90,-30° 02'' 06''',-30.04,Sgr,Baades WIndow, ,NGC6528,9.9,,
M 008,,,Neb,Em,SHO-.2/1/.5,100,4000,110,5,"Large complex showcase emission nebula, looking like a Lagoon especially when processed with the NB SHO palette.",18h 03m 41s,270.92,-24° 22'' 48''',-24.38,Sgr,Lagoon Nebula    ,NGC 6523, ,,,
Barnard 296,,,Neb,Dark,5,6.0,u,u,2,Dark nebula within M8 (Lagoon Nebula) - Narrow; black; 6'x1',18h 04m 04s,271.02,-24° 33'' 00''',-24.55,Sgr,, , ,,,
Barnard 295,,,Neb,Dark,4,50,u,u,2,"Unusual dark nebulosity shape - Irregular, dark region, diam. 50'; full of rich, soft details",18h 04m 05s,271.02,-31° 11'' 00''',-31.18,Sgr,, , ,,,
Barnard 087,,,Neb,Dark,4,20,u,u,2,Parrot's head shape; CD -3 13679 (mag 9.3) central; several smaller stars in it CD -32 13666 (mag 9.6) on NW edge. ,18h 04m 11s,271.05,-32° 31'' 00''',-32.52,Sgr,Parrot's Head Nebula    , , ,,,
M 021,,,Stars,OC,I-3-60,14,4000,16,2,"Concentrated 60 star open cluster, fairly bright",18h 04m 13s,271.05,-22° 29'' 24''',-22.49,Sgr,Webb's Cross Cluster  ,NGC 6531, ,5.9,,
Barnard 297,,,Neb,Dark,3,90,u,u,1,"Large and faint - Region of irregular, dark markings, 2 deg E of M 23; 1 1/2 deg E and W and about 1 deg N and S",18h 04m 21s,271.09,-18° 46'' 00''',-18.77,Sgr,, , ,,,
Barnard 088,,,Neb,Dark,5,2.0,u,u,2,Small dark nebula in M8 (Lagoon Nebula) - Extended N and S; 2.7'x0.5';,18h 04m 35s,271.15,-24° 08'' 00''',-24.13,Sgr,, , ,,,
Gum 74b,,,Neb,Em,HII,40,5500,65,1,Large faint HII region,18h 04m 42s,271.18,-23° 27'' 36''',-23.46,Sgr,,RCW146, ,,,
NGC 6528,,,Stars,GC,V,4.0,26000,30,2,The slightly smaller and more concentrated cluster of the lovely double cluster pair with NGC6528,18h 04m 50s,271.21,-30° 03'' 21''',-30.06,Sgr,Baades WIndow, ,NGC6522,9.6,,
Barnard 089,,,Neb,Dark,5,2.0,u,u,2,"Dark nebula in M8 (Lagoon Nebula) - Very small, diam. 0.5';",18h 05m 00s,271.25,-24° 22'' 00''',-24.37,Sgr,, , ,,,
Barnard 298,,,Neb,Dark,0,20,u,u,1,"A light dark nebula, next to 2 globular clusters - Small; diam. 4'; 5' SE of NGC 6528",18h 05m 11s,271.30,-30° 07'' 00''',-30.12,Sgr,, ,"NGC6522,6528",,,
NGC 6537,,,Neb,PN,BHY/cf,2.0,5000,3.0,2,"Marvelous bi-polar 2 lobed shape of this HII PN, with rippled filaments and lobe breakthrough.  Visible progenitor",18h 05m 13s,271.30,-19° 50'' 35''',-19.84,Sgr,Red Spider Nebula   , , ,13.6,,
NGC 6548,,,Gal,Lent,SB0/fz,3.0,100,90,2,"Face-on lenticular, with adjacent NGC 6550 a nice pair",18h 05m 59s,271.50,18° 35'' 13''',18.59,Her,, ,NGC6550,11.7,22.8,15°
WeSb 3,,,Neb,PN,EON,0.60,u,u,1,Faint elliptical OIII PN,18h 06m 00s,271.50,00° 12'' 00''',0.20,Oph,, , ,16.8,,
Sh2-046,,,Neb,Em,HII,25,5000,35,3,Bright HII region with interesting texture,18h 06m 06s,271.53,-14° 09'' 00''',-14.15,Ser,,"Gum80,RCW158", ,,,
NGC 6540,,,Stars,GC,V,2.0,17000,10,2,Small arc-shaped globular cluster in Sagittarius,18h 06m 18s,271.58,-27° 49'' 00''',-27.82,Sgr,, , ,9.3,,
Barnard 299,,,Neb,Dark,3,3.0,u,u,1,"Faint - Several small spots in star cloud, each about 3' in diameter",18h 06m 20s,271.58,-27° 18'' 00''',-27.30,Sgr,, , ,,,
Sh2-034,,,Neb,Em,HII,120,6500,220,2,Long rectangular HII region including vdB113 and PN M1-40,18h 06m 24s,271.60,-21° 39'' 00''',-21.65,Sgr,,"Gum77a,RCW149",vdB113,,,
Barnard 300,,,Neb,Dark,4,20,u,u,1,Faint - Broken dark region about 30' E of B 87,18h 07m 01s,271.75,-32° 40'' 00''',-32.67,Sgr,, , ,,,
NGC 6544,,,Stars,GC,V,5.0,9500,14,2,"One of the smallest globular clusters, with dark area to the northwest.  Located less than 1 degree southeast from M8.",18h 07m 20s,271.83,-24° 59'' 53''',-25.00,Sgr,, , ,7.5,,
DQ Her,,,Stars,Nova,,0.40,1700,0.20,1,"Dim nova, showing up slightly in an Ha image.",18h 07m 30s,271.88,45° 51'' 32''',45.86,Her,, , ,15.0,,
NGC 6541,,,Stars,GC,III,12,20000,70,2,Concentrated globular cluster in Corona Australis,18h 08m 02s,272.01,-43° 42'' 57''',-43.72,CrA,,Caldwell78, ,6.3,,
Sh2-038,,,Neb,Em,HII,3.0,8000,7.0,0,Faint tiny uninteresting speck of HII,18h 08m 11s,272.05,-18° 15'' 00''',-18.25,Sgr,, , ,,,
vdB 113,,,Neb,Refl,,8.0,5200,12,1,"Faint blue-white reflection nebula in emission region, just northwest of Sh2-34 nebula",18h 08m 38s,272.16,-21° 26'' 54''',-21.45,Sgr,,LBN 40,Sh2-34,,,
Barnard 301,,,Neb,Dark,3,45,u,u,0,Very faint - dusky lane; 45' long NE and SW; 2' wide,18h 08m 51s,272.21,-18° 43'' 00''',-18.72,Sgr,, , ,,,
NGC 6598,,,Gal,Spiral,Sa,1.3,385,140,2,"Looking like a small inclined Sombrero Galaxy, nice dust lane and extended star streams",18h 08m 56s,272.23,69° 04'' 05''',69.07,Dra,, , ,13.3,22.6,60°
vdB 114,,,Neb,Refl,,1.0,u,u,0,Very faint blue reflection nebula,18h 09m 08s,272.28,-18° 23'' 20''',-18.39,Sgr,,, ,,,
vdB 115,,,Neb,Refl,,2.0,5400,3.2,1,Small bright blue reflection nebula 12' NW of bright emission region IC1274,18h 09m 08s,272.28,-23° 26'' 20''',-23.44,Sgr,,IC4684, ,,,
Sh2-029,,,Neb,Em,HII,25,4000,30,3,A spectacular region including NGC 6559 and IC 4685,18h 09m 12s,272.30,-24° 04'' 16''',-24.07,Sgr,, ,"Sh2-31, Sh2-32",,,
Barnard 302,,,Neb,Dark,5,6.0,u,u,2,Small dark nebula in IC 4685 - Dark spot; diam. about 1/2 degree; close N of CD -24 13962 (magnitude 7.8),18h 09m 14s,272.31,-23° 59'' 00''',-23.98,Sgr,, ,,,,
Gum 75,,,Neb,Em,HII,35,u,u,3,The nebula complex around IC 4685,18h 09m 17s,272.32,-23° 59'' 15''',-23.99,Sgr,,"Sh2-29,31,32, RCW146",IC 4685,,,
NGC 6553,,,Stars,GC,XI,8.0,20000,46,2,Concentrated star-shaped globular cluster,18h 09m 17s,272.32,-25° 54'' 30''',-25.91,Sgr,, , ,8.3,,
IC 4685,,,Neb,Em,SHO-.3/1/.1,35,4000,40,4,"Red HII regions and bright stars, with dark winding dust lanes",18h 09m 18s,272.33,-23° 59'' 16''',-23.99,Sgr,, ,NGC6559,,,
Barnard 303,,,Neb,Dark,5,7.0,u,u,2,Lovely winding nebula through the red head of IC4685 - Very black; convex to E; diameter about 1',18h 09m 29s,272.37,-24° 01'' 00''',-24.02,Sgr,, ,"IC4685,B302",,,
Minkowski 1-41,,,Neb,PN,PHN/c,2.0,2800,1.8,3,Multipolar HII-dominated PN,18h 09m 30s,272.38,-24° 12'' 15''',-24.20,Sgr,, , ,17.0,,
NGC 6559,,,Neb,Em,HII,10,4000,12,3,"Sharp red arc of HII nebulosity, adjacent to reflection nebula and dust lanes",18h 09m 57s,272.49,-24° 06'' 23''',-24.11,Sgr,, , ,,,
Sh2-042,,,Neb,PN,EHN,2.0,8000,5.0,1,"Faint ancient PN, HII-dominated",18h 10m 00s,272.50,-16° 46'' 00''',-16.77,Sgr,, , ,,,
Barnard 091,,,Neb,Dark,5,5.0,u,u,2,Positioned between 2 bright HII nebulae - Diam. 5'; edge of diffused nebulosity,18h 10m 08s,272.53,-23° 43'' 00''',-23.72,Sgr,, ,"IC1274,1275",,,
vdB 116,,,Neb,Refl,,1.0,4560,1.3,0,Very small and faint,18h 10m 08s,272.53,-17° 43'' 20''',-17.72,Sgr,, , ,,,
Barnard 090,,,Neb,Dark,5,3.0,u,u,1,Faint - Irregular; elongated; 3' N and S,18h 10m 24s,272.60,-28° 18'' 00''',-28.30,Sgr,, , ,,,
IC 1276,,,Stars,GC,XII,7.1,17600,40,2,Very dispersed globular cluster,18h 10m 45s,272.69,-07° 12'' 46''',-7.21,Ser,,Palomar7, ,10.3,,
Sh2-032,,,Neb,Em,HII,9.0,4000,10,2,The smaller circular HII region to the right of Sh2-31 and Sh2-29.  Includes IC1274,18h 11m 00s,272.75,-23° 34'' 00''',-23.57,Sgr,,IC 1274,SH2-29,,,
Minkowski 1-42,,,Neb,PN,BRN,0.50,19000,3.0,1,Small bipolar HII-dominated PN with white torus,18h 11m 05s,272.77,-28° 58'' 59''',-28.98,Sgr,, , ,14.0,,
NGC 6570,,,Gal,Mag,,1.4,110,45,2,"Magellanic galaxy with barred core, star clouds, and 1 strong arm",18h 11m 07s,272.78,14° 05'' 34''',14.09,Oph,, , ,12.7,22.2,60°
Sh2-031,,,Neb,Em,HII,9.0,4000,10,1,The smaller circular HII region just above and right of Sh2-29.  Includes IC1275,18h 11m 24s,272.85,-23° 46'' 59''',-23.78,Sgr,,IC 1275,Sh2-29,,,
NGC 6565,,,Neb,PN,EHN/r,0.20,15500,1.0,2,Small OII PN,18h 11m 53s,272.97,-28° 10'' 41''',-28.18,Sgr,, , ,12.2,,
NGC 6563,,,Neb,PN,BRY/r,1.0,6000,1.9,3,"M57-like bipolar PN, viewed end-on with bright torus ring, HII rim, OIII central portion, and jet created lobes",18h 12m 03s,273.01,-33° 52'' 07''',-33.87,Sgr,Southern Ring Nebula, , ,11.0,,
NGC 6572,,,Neb,PN,EON,0.25,5000,0.40,1,"Tiny bipolar OIII PN with progenitor, 2 magnitudes brighter than M57 but 5 times smaller.",18h 12m 06s,273.03,06° 51'' 13''',6.85,Oph,Blue Racquetball Nebula, , ,8.1,,
Sh2-040,,,Neb,Em,HII,15,8000,36,1,Small HII region reminiscent of the Trifid Nebula,18h 12m 11s,273.05,-17° 42'' 48''',-17.71,Sgr,,RCW155, ,,,
NGC 6577 Group,,,Gal,Group,7,24,250,1800,1,"Group of 7 galaxies highlighted by NGC 6580, an elliptical 90,000 ly in diameter",18h 12m 34s,273.14,21° 25'' 33''',21.43,Her,, , ,12.6,22.2,
NGC 6568,,,Stars,OC,III-1-70,16,3500,18,1,Hard to distinguish open cluster in Sagittarius,18h 12m 48s,273.20,-21° 36'' 00''',-21.60,Sgr,, , ,8.6,,
Arp 081,,,Gal,Merger,II/u,1.0,300,90,2,ARP: LARGE HSB COMP - A favorite - 2 merging galaxies and a long wrapping star stream.,18h 13m 00s,273.25,68° 21'' 00''',68.35,Dra,,NGC 6621, ,13.6,22.9,
Barnard 304,,,Neb,Dark,3,90,u,u,0,Very faint - Dusky lanes in star cloud extending toward the SW from B 92 for 1 1/2 degrees,18h 13m 21s,273.34,-18° 44'' 00''',-18.73,Sgr,, , ,,,
NGC 6569,,,Stars,GC,VIII,6.4,35000,70,2,Globular cluster in Sagittarius,18h 13m 36s,273.40,-31° 50'' 00''',-31.83,Sgr,, , ,9.5,,
Sh2-070,,,Neb,Mol Cld,,9.0,4000,11,1,Faint molecular cloud,18h 14m 00s,273.50,07° 05'' 00''',7.08,Aql,, , ,,,
vdB 117,,,Neb,Refl,,2.0,5960,3.6,0,Small blue reflection nebula,18h 14m 08s,273.53,-17° 21'' 20''',-17.36,Sgr,, , ,,,
Minkowski 4-09,,,Neb,PN,ERY,0.70,6000,1.3,2,Elliptical ring PN with visible progenitor,18h 14m 18s,273.58,-04° 59'' 22''',-4.99,Ser,, , ,,,
Barnard 305,,,Neb,Dark,0,13,u,u,2,Fantastic dark nebulae shape - Dark; irregular; diam. 13'. Dark streamers radiate from this spot north for 3/4 deg,18h 14m 38s,273.66,-31° 49'' 00''',-31.82,Sgr,, , ,,,
Barnard 092,,,Neb,Dark,6,40,u,u,1,"Dark nebula in Sagittarius - Black spot; 15' N and S, 9' E and W, part of M24",18h 15m 35s,273.90,-18° 14'' 00''',-18.23,Sgr,, , ,,,
Barnard 306,,,Neb,Dark,3,4.0,u,u,1,"Faint small dark nebula - Small, narrow, black; 4' long NE and SW; CD -25 12920 (magnitude 8.2) 5' SW of W end",18h 15m 45s,273.94,-25° 44'' 00''',-25.73,Sgr,, , ,,,
NGC 6583,,,Stars,OC,II-1-60,6.0,7700,14,2,Oval shaped open cluster in Sagittarius,18h 15m 48s,273.95,-22° 08'' 00''',-22.13,Sgr,, , ,10.0,,
Sh2-041,,,Neb,Em,HII,60,7000,120,1,"Broad HII emission in dense MW star field, part of M24",18h 15m 48s,273.95,-18° 14'' 00''',-18.23,Sgr,, ,M24,,,
Sh2-035,,,Neb,Em,HII,40,6000,70,1,Large faint HII region just south of Sh2-37,18h 15m 54s,273.98,-20° 15'' 00''',-20.25,Sgr,,"Gum 77b,RCW151",Sh2-37,,,
Sh2-043,,,Neb,Em,HII,15,5200,24,1,Faint irregular HII region,18h 16m 00s,274.00,-17° 23'' 00''',-17.38,Sgr,,RCW156, ,,,
UGC 11185,,,Gal,Merger,I,0.80,500,120,1,"Pair of galaxies shows hint of a Voorwerp object, giant clouds of greenish gas ionized by an active nucleus",18h 16m 09s,274.04,42° 39'' 23''',42.66,Lyr,, , ,,,
Sh2-044,,,Neb,Em,HII,50,12000,165,2,Large circular HII region with prominent dark dust lanes,18h 16m 30s,274.13,-16° 44'' 00''',-16.73,Sgr,,"Gum 79,IC4701,RCW157", ,,,
M 024,,,Stars,Star Cld,,80,10000,240,4,"Only star cloud in the Messier catalog, second brightest Messier object",18h 16m 48s,274.20,-18° 33'' 00''',-18.55,Sgr,"Sagittarius Star Cloud, Delle Caustiche",IC 4715,NGC6603,2.5,,
vdB 118,,,Neb,Refl,,5.0,4270,6.0,2,Reflection & emission nebula in close proximity to vdB 119 & Sh2-37,18h 16m 52s,274.22,-19° 47'' 03''',-19.78,Sgr,,NGC 6595,Sh2-37,,,
Barnard 093,,,Neb,Dark,4,90,u,u,1,"Dark nebula adjacent to B92 in Sagittarius.  Sharply defined black head 2' in diam., with tail 15' long running S",18h 16m 54s,274.23,-18° 04'' 00''',-18.07,Sgr,, , ,,,
Sh2-037,,,Neb,Em,HII,40,5000,60,3,"Vista of large HII region, dark nebula, blue-purple reflection nebula and colorful star field",18h 16m 54s,274.23,-19° 46'' 39''',-19.78,Sgr,,RCW153, ,,,
Sh2-039,,,Neb,Em,HII,1.1,14000,5.0,0,Faint tiny speck of HII,18h 17m 00s,274.25,-18° 43'' 00''',-18.72,Sgr,, , ,,,
vdB 120,,,Neb,Refl,,2.0,5570,3.3,2,"Small orange reflection nebula with interesting texture, just southeast of Sh2-44 (IC 4701)",18h 17m 00s,274.25,-16° 55'' 23''',-16.92,Sgr,, ,Sh2-44,,,
vdB 119,,,Neb,Refl,,6.0,4240,7.5,2,Reflection & emission nebula with 2 bright stars and an interesting central dark dust spot,18h 17m 06s,274.28,-19° 52'' 24''',-19.87,Sgr,,NGC 6589,Sh2-37,,,
Gum 84,,,Neb,Em,HII,80,6000,130,3,The large faint HII region (the Nest) which surrounds much smaller Gum 85 (the Egg),18h 17m 52s,274.47,-11° 40'' 58''',-11.68,Ser,Nest Nebula  ,Sh2-54, ,,,
Sh2-054,,,Neb,Em,HII,80,6000,130,4,Includes both the large faint HII region (the Nest) and the smaller inset bright HII region (the Egg),18h 17m 52s,274.47,-11° 40'' 58''',-11.68,Ser,Nest & Egg Nebula  ,"Gum84,85", ,,,
Gum 85,,,Neb,Em,HII,5.0,8500,12,3,Small HII region surrounded by Gum 84,18h 17m 54s,274.48,-11° 44'' 00''',-11.73,Ser,Egg Nebula (1 of 2), ,Gum 84,,,
Sh2-047,,,Neb,Em,HII,7.0,10000,20,1,Small irregular HII region with 3 bright foreground stars,18h 18m 00s,274.50,-15° 36'' 00''',-15.60,Ser,, , ,,,
NGC 6603,,,Stars,OC,I-1-100,5.0,9000,14,2,Sparkling open cluster in M24,18h 18m 26s,274.61,-18° 24'' 24''',-18.41,Sgr,, ,M24,11.1,,
Barnard 307,,,Neb,Dark,3,6.0,u,u,0,Very faint - SW of W end; similar to B 249,18h 18m 38s,274.66,-17° 58'' 00''',-17.97,Sgr,, , ,,,
M 016,,,Neb,Em,SHO-.2/1/.3,35,5500,60,5,"My favorite deep sky object, highlighted by the Pillars of Creation",18h 18m 48s,274.70,-13° 48'' 24''',-13.81,Ser,"Eagle Nebula, Starqueen Nebula","IC 4703,RCW165","NGC6611,IC4703",,,
NGC 6611,,,Stars,OC,II-3-30,35,5700,60,3,Open star cluster at the center of M16,18h 18m 48s,274.70,-13° 48'' 24''',-13.81,Ser,Eagle Nebula  Cluster, ,M16,6.0,,
NGC 6584,,,Stars,GC,VIII,8.0,45000,110,2,Medium concentration globular cluster,18h 19m 00s,274.75,-52° 13'' 00''',-52.22,Tel,, , ,8.2,,
Barnard 308,,,Neb,Dark,3,7.0,u,u,1,"Faint - Curved; dusky; 7' E and W, 5' wide",18h 19m 09s,274.79,-22° 15'' 00''',-22.25,Sgr,, , ,,,
NGC 6643,,,Gal,Floc,,3.0,70,60,2,Flocculent galaxy in Draco with odd strong arm,18h 19m 46s,274.94,74° 34'' 08''',74.57,Dra,, , ,11.1,22.0,65°
M 018,,,Stars,OC,II3-p-40,7.0,4800,10,2,"Dim Messier cluster but with several large bright blue, yellow and orange stars.",18h 19m 58s,274.99,-17° 06'' 07''',-17.10,Sgr,Black Swan Cluster,NGC 6613, ,6.9,,
vdB 121,,,Neb,Refl,,1.0,5320,1.5,0,Small and very faint blue reflection nebula just northeast of M18,18h 20m 16s,275.07,-16° 59'' 55''',-17.00,Sgr,, ,M18,,,
M 017,,,Neb,Em,SHO-.2/1/.4,60,5000,90,5,Complex bright narrowband nebula with many nicknames,18h 20m 47s,275.20,-16° 10'' 18''',-16.17,Sgr,"Omega Nebula,Swan Nebula,Horseshoe Nebula,Checkmark Nebula  ","NGC 6618,RCW160", ,,,
Kohoutek 1-16,,,Neb,PN,AOY,2.0,5500,3.0,2,"Ancient, distorted PN, OIII-dominated",18h 21m 48s,275.45,64° 14'' 00''',64.23,Dra,, , ,15.0,,
NGC 6636,,,Gal,Spiral,Sb/dw,2.0,200,120,2,"Deformed edge-on colorful spiral, connected via star stream bridge to elliptical companion ",18h 22m 05s,275.52,66° 37'' 20''',66.62,Dra,, , ,13.7,22.3,85°
Sh2-048,,,Neb,Em,HII,10,13000,40,1,Faint textured HII region,18h 22m 22s,275.59,-14° 32'' 05''',-14.53,Sct,,RCW162, ,,,
Barnard 309,,,Neb,Dark,3,5.0,u,u,1,Faint - Irregular; dusky; diam. 5',18h 23m 09s,275.79,-24° 02'' 00''',-24.03,Sgr,, , ,,,
NGC 6624,,,Stars,GC,VI,9.0,25000,65,2,"Resplendent globular cluster, sitting in front of the dense starfield background of Sagittarius",18h 23m 41s,275.92,-30° 21'' 40''',-30.36,Sgr,, , ,7.6,,
NGC 6654,,,Gal,Lent,SB0/lz,2.5,90,65,2,Face-on barred lenticular with ansae and faint asymmetric outer disk (dark area in northeast part of disk),18h 24m 08s,276.03,73° 10'' 58''',73.18,Dra,, , ,12.0,22.6,45°
M 028,,,Stars,GC,IV,11,16000,50,3,Beautiful star-shaped globular cluster with a dense Milky Way star background.,18h 24m 33s,276.14,-24° 52'' 07''',-24.87,Sgr,,NGC 6626, ,6.9,,
vdB 122,,,Neb,Refl,,1.0,2660,0.80,0,"Dim orange reflection nebula in Scutum, located on west side of source star",18h 24m 33s,276.14,-13° 39'' 23''',-13.66,Sct,, , ,,,
Sh2-068,,,Neb,PN,ACY/i,8.0,1300,3.3,3,Large faint PN with HII and OIII contribution and significant ISM interaction,18h 24m 58s,276.24,00° 51'' 36''',0.86,Ser,Flaming Skull Nebula, , ,16.5,,
NGC 6632,,,Gal,Spiral,Sb,3.0,220,200,2,"Lovely disturbed spiral, with HII tones, warping, and blue star clouds",18h 25m 03s,276.26,27° 32'' 06''',27.54,Her,, , ,12.1,22.4,60°
Sh2-053,,,Neb,Em,HII,15,15000,70,2,Comprised of 5 to 6 smaller HII regions,18h 25m 19s,276.33,-13° 11'' 27''',-13.19,Sct,,RCW166, ,,,
Barnard 095,,,Neb,Dark,5,30,u,u,0,Very faint - Large; indefinite; diam. 30'; elongated,18h 25m 36s,276.40,-11° 46'' 00''',-11.77,Sct,, , ,,,
Sh2-050,,,Neb,Em,HII,15,6000,28,1,Diffuse HII region,18h 25m 36s,276.40,-14° 42'' 00''',-14.70,Sct,,RCW164, ,,,
NGC 6629,,,Neb,PN,BOY/r,0.40,7700,1.0,2,Small bright OIII PN with asymmetric halo,18h 25m 42s,276.43,-23° 12'' 10''',-23.20,Sgr,, , ,9.9,,
Barnard 094,,,Neb,Dark,4,15,u,u,0,Very faint - Roundish; diam. 15'; indefinite,18h 25m 54s,276.48,-10° 41'' 00''',-10.68,Sct,, , ,,,
SaWe 3,,,Neb,PN,PHN,2.0,u,u,2,Peculiar HII-dominated PN,18h 26m 06s,276.53,-18° 07'' 00''',-18.12,Sgr,, , ,,,
Barnard 096,,,Neb,Dark,4,10,u,u,0,Very faint - Small; indefinite; elongated E and W,18h 26m 25s,276.60,-10° 18'' 00''',-10.30,Sct,, , ,,,
NGC 6633,,,Stars,OC,III-2-40,30,1200,10,2,Attractive irregularly shaped open cluster in Ophiuchus,18h 27m 15s,276.81,06° 30'' 30''',6.51,Oph,Captain Hook Cluster, , ,4.6,,
Sh2-062,,,Neb,Em,HII,3.0,800,0.75,1,Small faint HII region,18h 27m 30s,276.88,-03° 47'' 00''',-3.78,Aql,, , ,,,
Barnard 097,,,Neb,Dark,4,60,u,u,0,Large and very faint - Irregular; not very definite; diam. 1 degree,18h 29m 06s,277.28,-09° 56'' 00''',-9.93,Sct,, , ,,,
Cannon 1-5,,,Neb,PN,XCN,0.20,17000,1.0,1,Small stellar-like PN,18h 29m 14s,277.31,-31° 29'' 53''',-31.50,Sgr,, , ,15.0,,
Sh2-057,,,Neb,Em,HII,3.0,5000,4.4,0,Very dim irregular HII spot,18h 30m 00s,277.50,-08° 37'' 00''',-8.62,Sct,, ,Sh2-58,,,
Abell 44,,,Neb,PN,BRN/q,1.0,7000,2.0,2,"Bi-polar in nature and looking like a short cylinder.  Strong HII rim, no progenitor star.",18h 30m 11s,277.55,-16° 45'' 27''',-16.76,Sgr,, , ,16.0,,
Barnard 310,,,Neb,Dark,3,2.0,u,u,0,Very faint - Diam. 2'; small star near center; 20' SW of BD -18 4988 (magnitude 6.0,18h 30m 13s,277.55,-18° 36'' 00''',-18.60,Sgr,, , ,,,
Abell 45,,,Neb,PN,PHN/f,7.0,u,u,2,Looks like Hii region. No progenitor or OIII signal.  I could not confirm that this object is a PN.,18h 30m 17s,277.57,-11° 36'' 54''',-11.62,Sct,, , ,13.0,,
vdB 123,,,Neb,Refl,,5.0,1430,2.0,3,Intricate blue reflection nebula just east of Serpens dark cloud and lovely orange reflection nebula,18h 30m 25s,277.60,01° 13'' 20''',1.22,Ser,,LBN 96,Serpens Cloud,,,
Barnard 311,,,Neb,Dark,4,6.0,u,u,0,Very faint - Black; elliptical; diam. 6' NE and SW; in a semi-vacant strip 35' long,18h 30m 27s,277.61,-17° 41'' 00''',-17.68,Sgr,, , ,,,
NGC 6667,,,Gal,Spiral,SBab/z,1.6,120,60,2,"Fascinating star streams in odd looping patterns, extending 200,000 ly.  Core obscured by dust lanes",18h 30m 40s,277.67,67° 59'' 14''',67.99,Dra,, , ,12.7,22.4,65°
NGC 6638,,,Stars,GC,VI,7.0,30000,60,2,Resolvable globular cluster in the dense star field of Sagittarius,18h 30m 56s,277.73,-25° 29'' 56''',-25.50,Sgr,, , ,9.2,,
Kohoutek 3-04,,,Neb,PN,BRN,0.30,22000,2.0,1,Dim distant bipolar PN,18h 31m 00s,277.75,02° 25'' 23''',2.42,Ser,, , ,,,
Sh2-056,,,Neb,Em,HII,7.0,16000,35,1,Faint complex HII shape in Scutum,18h 31m 00s,277.75,-09° 42'' 00''',-9.70,Sct,,RCW169, ,,,
Sh2-058,,,Neb,Em,HII,10,8000,24,1,"Next to Sh2-57, small HII region",18h 31m 00s,277.75,-08° 28'' 00''',-8.47,Sct,,RCW171,Sh2-57,,,
Abell 46,,,Neb,PN,EOY/o,1.3,7200,2.7,2,"Similar strengths of HII & OIII signal. Central progenitor star is bright, quite a contrast to the much fainter nebula.",18h 31m 19s,277.83,26° 56'' 17''',26.94,Lyr,, , ,15.0,,
M 069,,,Stars,GC,V,7.0,29500,60,2,"Globular cluster of 125,000 stars with some obscuring dust",18h 31m 23s,277.85,-32° 20'' 51''',-32.35,Sgr,,NGC 6637, ,8.3,,
Sh2-064,,,Neb,Em,HII,25,1000,7.0,2,Faint HII nebula with dark lanes,18h 31m 26s,277.86,-02° 04'' 22''',-2.07,Ser,,RCW174, ,,,
vdB 124,,,Neb,Refl,,20,740,4.0,2,"Mottled, with different shades of blue, illuminated by the magnitude 5.5 star HD 170740",18h 31m 26s,277.86,-10° 47'' 37''',-10.79,Sct,,IC 1287, ,,,
M 025,,,Stars,OC,I-2-80,30,2200,20,3,Pretty concentrated oblong cluster with colorful bright stars.,18h 31m 42s,277.93,-19° 07'' 00''',-19.12,Sgr,,IC 4725, ,4.6,,
NGC 6642,,,Stars,GC,IV,5.8,27000,46,2,Fairly concentrated globular cluster in Sagittarius,18h 31m 54s,277.98,-23° 29'' 00''',-23.48,Sgr,, , ,10.2,,
Sh2-055,,,Neb,Em,HII,4.0,11000,14,1,Faint irregular HII region,18h 32m 00s,278.00,-11° 45'' 00''',-11.75,Sct,, , ,,,
Barnard 312,,,Neb,Dark,4,150,u,u,2,"Only opacity class 4, but nicely placed in Milky Way star field - Large, dark area; 1 3/4 degree NW and SE, about 30' wide",18h 32m 11s,278.05,-15° 35'' 00''',-15.58,Sct,, , ,,,
NGC 6645,,,Stars,OC,III-1-60,12,5800,20,2,Wedge-shaped open cluster that is hard to differentiate from dense Sagittarius background,18h 32m 36s,278.15,-16° 54'' 00''',-16.90,Sgr,, , ,8.5,,
Barnard 101,,,Neb,Dark,5,13,u,u,0,"Adjacent to B100, very faint - Definite; irregular; 13' long NE and SW; 4' wide; separated from B100 by small stars.",18h 32m 40s,278.17,-08° 49'' 00''',-8.82,Sct,, , ,,,
Barnard 100,,,Neb,Dark,5,16,u,u,0,"Adjacent to B101, very faint - Definite; irregular; curved; 16' long NW and SE",18h 32m 41s,278.17,-09° 09'' 00''',-9.15,Sct,, , ,,,
Minkowski 3-28,,,Neb,PN,BRN/c,0.40,16000,2.0,3,Bipolar PN with both end lobes blown out,18h 32m 41s,278.17,-10° 05'' 48''',-10.10,Sct,, , ,15.0,,
Minkowski 3-55,,,Neb,PN,BRN/c,0.20,u,u,1,Distant bipolar PN with blown out lobes,18h 33m 15s,278.31,-10° 15'' 07''',-10.25,Sct,, , ,20.0,,
Barnard 098,,,Neb,Dark,6,3.0,u,u,0,Faint and nondescript - Very small; black; sharply defined; diam . 3',18h 33m 17s,278.32,-26° 04'' 00''',-26.07,Sgr,, , ,,,
Barnard 099,,,Neb,Dark,3,11,u,u,0,"Very faint - Definite; 11' long E. and W., 3' wide; E end is the larger, with a faint star in it.",18h 33m 18s,278.33,-21° 29'' 00''',-21.48,Sgr,, , ,,,
Sh2-061,,,Neb,Em,HII,2.0,11000,6.0,1,Tiny bright PN-like HII region,18h 33m 21s,278.34,-04° 58'' 05''',-4.97,Sct,, , ,,,
NGC 6676 Group,,,Gal,Group,5,12,300,1050,2,Quintet of Draco galaxies in tight 12' FOV with interesting structures,18h 33m 36s,278.40,67° 06'' 37''',67.11,Dra,, , ,14.4,22.4,85°
NGC 6670,,,Gal,Merger,II,1.1,400,130,2,Bridge connected edge-on spirals in early merge stage,18h 33m 39s,278.41,59° 53'' 17''',59.89,Dra,, , ,14.3,22.6,
IC 1291,,,Gal,Mag,,1.5,90,40,2,Beautiful odd shaped Magellanic galaxy with many blue star clouds,18h 33m 52s,278.47,49° 16'' 43''',49.28,Dra,, , ,13.0,22.8,
We 3-01,,,Neb,PN,SBY/ir,0.60,u,u,1,Very faint spherical PN of unknown distance,18h 34m 00s,278.50,14° 30'' 00''',14.50,Her,, , ,,,
NGC 6689,,,Gal,Spiral,SBc/z,4.0,50,60,2,Strange dust lane surrounds right side of core in arc.,18h 34m 50s,278.71,70° 31'' 26''',70.52,Dra,, , ,12.5,22.9,80°
Kemble 2,,,Stars,OC,II-1-7-a,20,u,u,2,6 stars of mag 7 to 8 in the shape of a W,18h 35m 00s,278.75,72° 23'' 00''',72.38,Dra,"Little Cassiopeia Asterism, Little Queen Asterism", , ,,,
Abell 47,,,Neb,PN,EHY/q,0.30,30000,2.6,2,"Most distant Abell PN and smallest in apparent size.  Tiny, HII-dominated.  Strong outer rim. ",18h 35m 22s,278.84,-00° 13'' 32''',-0.23,Ser,, , ,19.0,,
Barnard 313,,,Neb,Dark,0,15,u,u,0,Very faint - Narrow; curved; 15' E and W,18h 35m 57s,278.99,-15° 42'' 00''',-15.70,Sct,, , ,,,
LDN 0564,,,Neb,Dark,5,1.0,u,u,3,"Mix of dark nebula, bright stars and dense star fields",18h 36m 19s,279.08,-01° 08'' 49''',-1.15,Ser,, , ,,,
M 022,,,Stars,GC,VII,24,9300,65,4,Brightest globular cluster in the Messier catalog,18h 36m 24s,279.10,-23° 54'' 17''',-23.90,Sgr,Great Sagittarius Cluster   ,NGC 6656, ,5.2,,
NGC 6664,,,Stars,OC,III-2-50,12,5000,17,1,Tough to see but red supergiants in cluster stand out,18h 36m 33s,279.14,-08° 13'' 12''',-8.22,Sct,"Santa's Sleigh Cluster, Teacup Cluster  ", , ,7.8,,
Sh2-060,,,Neb,Em,HII,14,6500,28,2,Interesting HII region in Scutum,18h 36m 42s,279.18,-06° 37'' 28''',-6.62,Sct,,RCW173, ,,,
Sh2-059,,,Neb,Em,HII,28,18000,150,1,Faint complex HII region,18h 37m 00s,279.25,-07° 35'' 00''',-7.58,Sct,,RCW172, ,,,
Barnard 314,,,Neb,Dark,5,35,u,u,2,"Faint with impressive structure - Irregular, dusky marking; 35' long NE and SW",18h 37m 05s,279.27,-09° 44'' 00''',-9.73,Sct,, , ,,,
LDN 0587,,,Neb,Dark,5,60,u,u,2,Mildly interesting field with several dark and reflection nebulae,18h 37m 18s,279.33,00° 32'' 08''',0.54,Aql,, ,"LBN95,LDN583,586",,,
Barnard 102,,,Neb,Dark,5,8.0,u,u,0,"Very faint - Rather definite; elongated NE and SW, 8' x 3'",18h 37m 42s,279.43,-13° 45'' 00''',-13.75,Sct,, , ,,,
NGC 6674,,,Gal,Spiral,SBb/z,4.0,180,200,2,Golden hued bar contrasts with dark regions left and right of core.  Lack of symmetry indicates interactions,18h 38m 34s,279.64,25° 22'' 30''',25.38,Her,, , ,12.2,23.3,60°
IC 4756,,,Stars,OC,III-2-80,40,1300,15,2,"80 star open cluster, not that distinct from Milky Way background",18h 38m 54s,279.73,05° 27'' 00''',5.45,Ser,Graff's Cluster, , ,4.6,,
Barnard 103,,,Neb,Dark,6,35,u,u,2,Dark nebula shows up well in bright field - Irregular; diam. 4'; one small star in it,18h 39m 26s,279.86,-06° 41'' 00''',-6.68,Sct,,LDN497, ,,,
Sh2-051,,,Neb,Em,HII,28,u,u,1,Faint HII region with sharp northern border,18h 40m 00s,280.00,-16° 40'' 00''',-16.67,Sct,, , ,,,
Minkowski 1-57,,,Neb,PN,BRN/c,0.50,15000,2.3,2,Tiny bipolar PN with blown out lobes,18h 40m 20s,280.08,-10° 39'' 47''',-10.66,Sct,, , ,14.0,,
Minkowski 3-30,,,Neb,PN,ECY/f,0.30,15000,1.3,1,Small PN with interesting filaments,18h 41m 15s,280.31,-15° 33'' 44''',-15.56,Sct,, , ,17.9,,
Barnard 316,,,Neb,Dark,4,6.0,u,u,1,"Faint - Dark; diam. 6'; sharp on its S end, gradually diffusing to the N into a wide open space",18h 41m 51s,280.46,-02° 09'' 00''',-2.15,Aql,, , ,,,
Barnard 315,,,Neb,Dark,3,5.0,u,u,0,Very faint - Round; dark; diam. 5',18h 42m 19s,280.58,-20° 03'' 00''',-20.05,Sgr,, , ,,,
Abell 48,,,Neb,PN,PHN,0.80,11800,2.7,2,Nice diamond-shaped double ring structure.  Strong HII signal.  Progenitor star not likely seen.,18h 42m 49s,280.70,-03° 13'' 00''',-3.22,Aql,, , ,17.0,,
M 070,,,Stars,GC,V,8.0,30000,70,3,"Dense central core region, overall a nice mix of bright and dim stars",18h 43m 12s,280.80,-32° 17'' 27''',-32.29,Sgr,,NGC 6681, ,7.8,,
Minkowski 1-59,,,Neb,PN,MRN,0.50,18000,2.5,2,Multipolar PN with amazing structure,18h 43m 20s,280.83,-09° 04'' 49''',-9.08,Sct,, , ,,,
We 1-07,,,Neb,PN,EBN,0.30,u,u,1,Small faint PN of unknown distance,18h 44m 06s,281.03,-12° 08'' 00''',-12.13,Sct,, , ,,,
Sh2-069,,,Neb,Em,HII,30,12000,100,3,"Complex HII area with bright regions, a foreground cluster, and hints of reflection on the right side",18h 44m 14s,281.06,-00° 18'' 53''',-0.31,Aql,Human Head Nebula  ,RCW177,PC20,,,
Sh2-066,,,Neb,Em,HII,10,11000,30,1,HII region behind foreground dust cloud,18h 45m 04s,281.27,-02° 00'' 04''',-2.00,Aql,,RCW176, ,,,
M 026,,,Stars,OC,I-1-100,7.0,6300,13,2,The dimmest open cluster in the Messier catalog.,18h 45m 18s,281.33,-09° 23'' 00''',-9.38,Sct,,NGC 6694, ,8.9,,
Kohoutek 4-05,,,Neb,PN,PBN/i,0.30,25000,2.2,1,Distant balanced PN with odd shape,18h 45m 36s,281.40,-06° 09'' 00''',-6.15,Sct,, , ,,,
Barnard 317,,,Neb,Dark,4,30,u,u,1,"Faint - Dusky; 30' NE and SW, 5' wide",18h 45m 46s,281.44,-14° 13'' 00''',-14.22,Sct,, , ,,,
Minkowski 2-46,,,Neb,PN,MRN,0.30,45000,3.8,1,Small and dim with incredible multipolar structure,18h 46m 35s,281.65,-08° 28'' 00''',-8.47,Sct,, , ,,,
NGC 6702,,,Gal,Ellip,E3,1.7,170,80,2,Elliptical which contrasts nicely in image with adjacent lenticular NC 6703,18h 46m 58s,281.74,45° 42'' 20''',45.71,Lyr,, ,NGC 6703,13.0,22.0,
Sh2-065,,,Neb,Em,HII,7.0,11000,21,1,Unusually shaped faint HII region in Aquila,18h 47m 04s,281.77,-03° 48'' 04''',-3.80,Aql,,RCW175, ,,,
NGC 6703,,,Gal,Lent,S0,2.2,90,60,2,Face-on lenticular which contrasts nicely in image with adjacent elliptical NC 6702,18h 47m 19s,281.83,45° 33'' 02''',45.55,Lyr,, ,NGC 6702,11.3,22.0,
Barnard 104,,,Neb,Dark,5,16,u,u,4,Iconic object known as the Fishhook and Checkmark Nebula,18h 47m 20s,281.83,-04° 33'' 00''',-4.55,Sct,Dark Checkmark Nebula, ,"Abell48,TR35",,,
Barnard 105,,,Neb,Dark,4,1.0,u,u,0,Small and faint - diam. .5'; close NE of BD -7 4710 (magnitude 8.9),18h 47m 45s,281.94,-06° 56'' 00''',-6.93,Sct,, , ,,,
Barnard 106,,,Neb,Dark,6,2.0,u,u,1,Small region - Diam. 2'; extended N and S; free of stars,18h 48m 50s,282.21,-05° 05'' 00''',-5.08,Sct,, , ,,,
Sh2-067,,,Neb,Em,HII,14,1600,6.0,0,Very faint HII region,18h 49m 00s,282.25,-02° 21'' 04''',-2.35,Aql,, , ,,,
Barnard 107,,,Neb,Dark,6,30,u,u,2,Odd shaped dark nebulosity in Scutum - Irregular; diam. 5'; free of stars,18h 49m 31s,282.38,-05° 01'' 00''',-5.02,Sct,, , ,,,
Barnard 108,,,Neb,Dark,3,3.0,u,u,0,Small and faint - diam. 3'; not black; two narrow diverging lanes extending to the N; some small stars in it,18h 49m 35s,282.40,-06° 19'' 00''',-6.32,Sct,, , ,,,
Barnard 109,,,Neb,Dark,2,1.0,u,u,0,Small - Irregular; diam. .7'; close E of BD -07 4726 (magnitude 8.0),18h 49m 36s,282.40,-07° 34'' 00''',-7.57,Sct,, , ,,,
Barnard 318,,,Neb,Dark,2,90,u,u,1,"1.5 degree E-W thin line south of M11 - Long, straight, dark line. Extends E and W for about 1 1/2 deg, 2' wide.",18h 49m 43s,282.43,-06° 24'' 00''',-6.40,Sct,, , ,,,
Minkowski 1-64,,,Neb,PN,EHN/r,0.40,18000,2.3,2,White circular PN with HII rim,18h 50m 00s,282.50,35° 15'' 00''',35.25,Lyr,, , ,,,
Barnard 110,,,Neb,Dark,6,11,u,u,2,Dark nebulosity southwest of the Checkmark (B104) - Irregular; diam. 11';,18h 50m 08s,282.53,-04° 48'' 00''',-4.80,Sct,, , ,,,
Hickson 085,,,Gal,Group,4,1.3,520,210,2,All 4 galaxies are ellipticals and are at the same distance.,18h 50m 22s,282.59,73° 21'' 00''',73.35,Dra,,, ,12.8,22.0,
HaTr 10,,,Neb,PN,BRN,1.5,u,u,2,Bipolar HII-dominated PN,18h 50m 24s,282.60,-01° 24'' 00''',-1.40,Aql,, , ,,,
Barnard 111,,,Neb,Dark,3,120,u,u,0,Very faint ,18h 50m 39s,282.66,-04° 58'' 00''',-4.97,Sct,,, ,,,
WeSb 4,,,Neb,PN,MHN,0.50,u,u,2,Wonderful multipolar PN in Aquila,18h 50m 42s,282.68,-01° 02'' 00''',-1.03,Aql,, , ,,,
M 011,,,Stars,OC,I-2-3000,9.0,7600,20,4,"A beautiful and populated cluster, with over 3000 stars.",18h 51m 05s,282.77,-06° 16'' 12''',-6.27,Sct,Wild Duck Cluster  ,NGC 6705, ,5.8,,
Barnard 112,,,Neb,Dark,4,18,u,u,1,Dark nebula just south of M11 - Diffused dark region; diam. 18' ,18h 51m 09s,282.79,-06° 41'' 00''',-6.68,Sct,, , ,,,
NGC 6709,,,Stars,OC,III-2-100,13,3000,12,2,Star shaped open cluster with good mix of orange and blue stars,18h 51m 18s,282.83,10° 19'' 06''',10.32,Aql,Flying Unicorn Cluster  , , ,6.7,,
Barnard 113,,,Neb,Dark,5,16,u,u,1,Faint - Irregular; diam. 16'; small star in W part,18h 51m 25s,282.85,-04° 20'' 00''',-4.33,Sct,, , ,,,
LDN 0604,,,Neb,Dark,5,20,u,u,2,Interesting dark nebula shape adjacent to small white reflection nebula,18h 51m 33s,282.89,00° 13'' 38''',0.23,Aql,, ,GGD30,,,
Barnard 319,,,Neb,Dark,0,7.0,u,u,1,"Faint - Thin, curved, dark marking; length 7'; BD -1 3586 (magnitude 9.5) at the NE end.",18h 51m 58s,282.99,-01° 17'' 00''',-1.28,Aql,, , ,,,
Barnard 320,,,Neb,Dark,4,15,u,u,1,"Large and faint, northeast of M11 - Irregular; diam. 15' ; BD -6 4941 (mag 7.5) near center; at S end of B 111",18h 52m 47s,283.20,-05° 52'' 00''',-5.87,Sct,, , ,,,
NGC 6712,,,Stars,GC,IX,10,22000,60,2,"Unique cluster - most of its stars are larger than our sun.  Comes closer to galactic center than any other globular, robbing it of lower mass stars",18h 53m 04s,283.27,-08° 42'' 19''',-8.71,Sct,, , ,8.1,,
Barnard 114,,,Neb,Dark,5,6.0,u,u,1,"Faint, just south of M11 - Diam. 6'; BD -7 4754 (mag 9.2) near middle; BD -7 4755 (mag 9.1) on S edge",18h 53m 12s,283.30,-06° 58'' 00''',-6.97,Sct,, , ,,,
Barnard 115,,,Neb,Dark,5,7.0,u,u,1,"Faint, just south of M11 - Very small and black. Very narrow, running N and S for 7'; width 1.4'. In a small vacant region.",18h 53m 20s,283.33,-06° 41'' 00''',-6.68,Sct,, , ,,,
Abell 49,,,Neb,PN,ERN/r,1.0,u,u,2,HII with OIII central region.  Some breakout seems to appear at 5 and 11 o’clock. No progenitor star.,18h 53m 29s,283.37,-06° 29'' 14''',-6.49,Sct,, ,PN Vy 1-4,16.0,,
Barnard 116,,,Neb,Dark,3,20,u,u,1,"Winding dust lane, very faint - Narrow, semi-vacant region extending 20' S from BD -7 4755 (magnitude 9.1)",18h 53m 33s,283.39,-07° 12'' 00''',-7.20,Sct,, , ,,,
M 057,,,Neb,PN,BRY/r,1.5,2300,1.0,5,There are many ring-shaped planetary nebulae in the sky but only one Ring Nebula.,18h 53m 35s,283.40,33° 01'' 44''',33.03,Lyr,Ring Nebula,NGC 6720, ,8.8,,
Barnard 117a,,,Neb,Dark,0,7.0,u,u,0,Very faint - Black; irregular; diam. 7',18h 53m 43s,283.43,-04° 51'' 00''',-4.85,Sct,, , ,,,
Barnard 117,,,Neb,Dark,6,1.0,u,u,0,Small and faint - Round; very black; diam. 1'; sharply defined,18h 53m 44s,283.43,-07° 26'' 00''',-7.43,Sct,, , ,,,
Barnard 118,,,Neb,Dark,6,2.0,u,u,0,Small and faint - Definite; diam. 2'; more definite and blacker than B 117,18h 53m 56s,283.48,-07° 27'' 00''',-7.45,Sct,, , ,,,
Barnard 321,,,Neb,Dark,3,15,u,u,1,"Faint - Dusky; 15' long E and W, 7' wide; BD -11 4795 (magnitude 7.8) near W end",18h 54m 02s,283.51,-11° 18'' 00''',-11.30,Sct,, , ,,,
Minkowski 4-11,,,Neb,PN,EHY,0.30,13000,1.2,2,Elliptical HII-dominated ring PN,18h 54m 18s,283.58,-10° 03'' 00''',-10.05,Sct,, , ,,,
Barnard 119,,,Neb,Dark,2,2.0,u,u,0,Very faint - Very small; close NW of BD -4 4623 (magnitude 9.2),18h 54m 37s,283.65,-04° 33'' 00''',-4.55,Sct,, , ,,,
IC 1295,,,Neb,PN,SOY/ot,2.0,3400,2.0,3,"Delicate M97-type PN, strong OIII with voids and a thin rim",18h 54m 37s,283.65,-08° 49'' 36''',-8.83,Sct,, , ,12.5,,
Barnard 119a,,,Neb,Dark,3,30,u,u,0,Very faint - Irregular dark region; diam. .5 degree; liberally sprinkled with stars in its NW half; several dark lanes in SE,18h 54m 40s,283.67,-05° 11'' 00''',-5.18,Sct,, , ,,,
Barnard 120,,,Neb,Dark,2,2.0,u,u,0,Very faint - Very small; close SE of BD -4 4623 (magnitude 9.2); E side bounded by a curve of very small stars,18h 54m 54s,283.73,-04° 36'' 00''',-4.60,Sct,, , ,,,
YM 16,,,Neb,PN,EHY/i,6.0,u,u,2,Stunning elliptical HII PN,18h 54m 57s,283.74,06° 02'' 31''',6.04,Ser,,RCW181, ,,,
M 054,,,Stars,GC,III,9.0,74000,200,3,One of the furthest and most concentrated Messier globular clusters,18h 55m 03s,283.76,-30° 28'' 47''',-30.48,Sgr,,NGC 6715, ,7.7,,
NGC 6717,,,Stars,GC,VIII,3.9,20000,24,2,Hidden in the glow of the mag 5 supergiant star Nu2 Sagittarii,18h 55m 06s,283.78,-22° 42'' 06''',-22.70,Sgr,,Palomar 9, ,8.4,,
Barnard 121,,,Neb,Dark,2,3.0,u,u,0,Very faint - Small dusky spot; magnitude 12 star in center,18h 55m 26s,283.86,-04° 37'' 00''',-4.62,Sct,, , ,,,
Barnard 322,,,Neb,Dark,0,2.0,u,u,1,"Faint - Very small; black; diam. 2'; at NE end of the ""crescent"", B 111",18h 55m 47s,283.95,-04° 28'' 00''',-4.47,Sct,, , ,,,
Kohoutek 3-17,,,Neb,PN,BRN,0.50,7500,1.1,2,Twisting bipolar HII-dominated PN,18h 56m 18s,284.08,07° 07'' 23''',7.12,Aql,, , ,,,
Sh2-076,,,Neb,Em,HII,7.0,5500,12,0,Very dim HII region,18h 56m 18s,284.08,07° 48'' 00''',7.80,Aql,, , ,,,
Barnard 122,,,Neb,Dark,5,4.0,u,u,0,Very faint - Small; diam. 4'; narrow extension 4' N,18h 56m 49s,284.20,-04° 46'' 00''',-4.77,Sct,, , ,,,
Barnard 323,,,Neb,Dark,3,17,u,u,1,"Faint - A dark parallelogram, 17' N and S; BD -3 4423 (magnitude 9.2) in W part",18h 57m 34s,284.39,-03° 26'' 00''',-3.43,Sct,, , ,,,
Barnard 123,,,Neb,Dark,5,18,u,u,0,Very faint - Roundish; diam. 1.5'; a narrow spur 4'-5' long from its NE edge; narrow lane 18' long and 1.5' wide,18h 57m 40s,284.42,-04° 44'' 00''',-4.73,Sct,, , ,,,
Barnard 124,,,Neb,Dark,0,3.0,u,u,0,"Very faint - Small, dark spot; diam. 3'",18h 57m 42s,284.43,-04° 22'' 00''',-4.37,Sct,, , ,,,
Barnard 125,,,Neb,Dark,0,9.0,u,u,0,Very faint - Dark; lune shaped; 9' E and W; fairly well-defined on N border; some faint stars in it,18h 58m 22s,284.59,-04° 24'' 00''',-4.40,Sct,, , ,,,
Barnard 126,,,Neb,Dark,4,8.0,u,u,0,Very faint - Dusky; round; rather definite; diam. 8',18h 59m 03s,284.76,-04° 33'' 00''',-4.55,Sct,, , ,,,
Sh2-075,,,Neb,Em,HII,7.0,7000,16,0,Very dim HII region,18h 59m 18s,284.83,07° 07'' 00''',7.12,Aql,, , ,,,
Abell 50,,,Neb,PN,SOY/o,0.50,17000,2.4,2,One of smallest Abell PN in apparent size.  Beautiful color and some structure is seen. ,18h 59m 20s,284.83,48° 27'' 57''',48.47,Dra,,NGC 6742, ,13.0,,
Barnard 324,,,Neb,Dark,3,35,u,u,1,"Faint ""R-shaped"" dark nebula - Definite, dusky loop. Lane is 2'-4' wide. The length of the E side is 35'. ",18h 59m 23s,284.85,-03° 00'' 00''',-3.00,Sct,, , ,,,
NGC 6723,,,Stars,GC,VII,11,28000,90,3,Open star cluster that is a superb compliment to the Anteater Nebula (NGC 6726),18h 59m 33s,284.89,-36° 37'' 54''',-36.63,Sgr,, ,NGC 6726,6.8,,
Barnard 325,,,Neb,Dark,0,15,u,u,0,Very faint - Irregular; dusky; 15' NW and SE,18h 59m 54s,284.98,-04° 04'' 00''',-4.07,Sct,, , ,,,
Abell 51,,,Neb,PN,SOY/r,1.0,6000,1.7,2,OIII-dominated.  The blue central progenitor star is clearly visible.  The spherical nebula has a thick textured ring. ,19h 01m 01s,285.25,-18° 12'' 16''',-18.20,Sgr,, , ,14.0,,
Barnard 127,,,Neb,Dark,5,5.0,u,u,1,Dark nebula just north of orange star I Aql - Irregular; diam. 4.5',19h 01m 32s,285.38,-05° 27'' 00''',-5.45,Sct,, , ,,,
NGC 6726,,,Neb,Refl,,30,450,4.0,4,"Showcase object, including reflection nebulae, dark nebulae, HH objects and globular star cluster",19h 01m 38s,285.41,-36° 53'' 30''',-36.89,CrA,Anteater Nebula, Caldwell68,NGC 6723,,,
HH 100,,,Stars,HH,,1.0,u,u,2,Comet-like object to the west of the white reflection nebula in NGC 6726,19h 01m 38s,285.41,-36° 53'' 30''',-36.89,CrA,, ,NGC 6726,,,
Barnard 128,,,Neb,Dark,4,10,u,u,0,Very faint - Irregular; dusky; fairly well defined; diam. 10',19h 01m 41s,285.42,-04° 35'' 00''',-4.58,Sct,, , ,,,
NGC 6745,,,Gal,Merger,II,2.0,200,120,3,"One of only a few DSOs to show evidence of a direct collision between the ISM (gas, dust and magnetic fields) of each galaxy, not just gravitational interaction",19h 01m 42s,285.43,40° 45'' 31''',40.76,Lyr,, , ,13.9,22.2,
Barnard 130,,,Neb,Dark,5,7.0,u,u,0,Very faint - dusky; not well defined; length 7',19h 01m 57s,285.49,-05° 35'' 00''',-5.58,Sct,, , ,,,
Sh2-071,,,Neb,PN,MHY,3.0,3000,2.5,3,"Multipolar HI-dominated PN with unusual, complex asymmetric shape",19h 02m 00s,285.50,02° 09'' 11''',2.15,Aql,,M1-90, ,,,
SaWe 4,,,Neb,PN,EOY,1.5,u,u,2,OIII-dominated elliptical PN with progenitor,19h 02m 02s,285.51,-21° 18'' 00''',-21.30,Sgr,, , ,,,
Barnard 129,,,Neb,Dark,5,5.0,u,u,1,Dark nebula just north of orange star I Aql - Very black; sharply defined; diam. 5'; a small star at the W end,19h 02m 05s,285.52,-05° 19'' 00''',-5.32,Sct,, , ,,,
Barnard 131,,,Neb,Dark,5,4.0,u,u,0,"Very faint - Black spot, about 2'x4'",19h 02m 16s,285.57,-04° 23'' 00''',-4.38,Sct,, , ,,,
NGC 6741,,,Neb,PN,ECN,0.15,12000,0.50,1,Tiny PN with bright rim in Aquila,19h 02m 37s,285.65,-00° 26'' 57''',-0.45,Aql,Phantom Streak Nebula  , , ,11.5,,
HaTr 11,,,Neb,PN,MRN,1.0,u,u,2,Multipolar PN ,19h 02m 59s,285.75,03° 02'' 21''',3.04,Aql,, , ,,,
Sh2-078,,,Neb,PN,AHN,7.0,2300,5.0,0,Faint ancient PN,19h 03m 18s,285.83,14° 07'' 00''',14.12,Aql,,CTSS 3, ,,,
Sh2-085,,,Neb,Em,SHO,3.0,1300,1.1,0,Faint reflection nebula,19h 03m 18s,285.83,25° 50'' 00''',25.83,Aql,, , ,,,
Barnard 326,,,Neb,Dark,2,25,u,u,1,Faint - Narrow; 25' long E and W; 3' wide,19h 03m 26s,285.86,-00° 24'' 00''',-0.40,Aql,, , ,,,
Kohoutek 1-17,,,Neb,PN,BOY/r,0.80,10000,2.2,3,OIII-dominating ring PN with like ISM interaction,19h 03m 36s,285.90,19° 12'' 00''',19.20,Sge,, , ,,,
Sh2-072,,,Neb,Em,HII,25,13000,90,1,Very dim HII region in Aquila,19h 03m 48s,285.95,02° 19'' 00''',2.32,Aql,,RCW179, ,,,
Barnard 327,,,Neb,Dark,3,30,u,u,0,"Very faint - Curved, dusky lane; 30' N and S; 3' wide",19h 04m 27s,286.11,-05° 09'' 00''',-5.15,Aql,, , ,,,
Barnard 132,,,Neb,Dark,6,16,u,u,2,"The darkest opacity rating of 6 - fairly well-defined. Tadpole-shaped, 16' long E and W. with mag 9 star in center.",19h 04m 28s,286.12,-04° 27'' 00''',-4.45,Aql,, , ,,,
Abell 52,,,Neb,PN,EOY/iq,1.0,6000,1.7,2,Odd asymmetric structure.  Bright rim section at top left.  OIII-dominated.  Progenitor star visible.,19h 04m 32s,286.13,17° 57'' 10''',17.95,Aql,, , ,14.0,,
Barnard 328,,,Neb,Dark,6,4.0,u,u,1,"Faint, near B132 - Small, black; diam. 4'; 13' S of BD -4 4684 (magnitude 5.7)",19h 04m 50s,286.21,-04° 16'' 00''',-4.27,Aql,, , ,,,
NGC 6751,,,Neb,PN,BRY/f,0.70,8400,1.8,3,"Complex PN with 5 different regions, this bipolar nebula has outflow resulting in multiple shells.",19h 05m 56s,286.48,-05° 59'' 31''',-5.99,Aql,Dandelion Puff Ball Nebula, , ,15.5,,
Barnard 133,,,Neb,Dark,6,10,u,u,2,No Milky Way stars visible in nebula center - Cometary; close W of BD -7 4852 (magnitude 9.2),19h 06m 13s,286.55,-06° 54'' 00''',-6.90,Aql,, , ,,,
Abell 53,,,Neb,PN,SRN/r,0.50,6300,1.0,2,Smallest Abell PN in actual diameter. HII-dominated rim of the nebula.  Star superimposed on rim at 10 o’clock. ,19h 06m 46s,286.69,06° 23'' 56''',6.40,Aql,, , ,14.0,,
Barnard 329,,,Neb,Dark,2,6.0,u,u,1,Faint - Dusky spot in star cloud; diam. 6' plus or minus; BD +2 3789 (magnitude 9.0) near E edge,19h 07m 00s,286.75,03° 11'' 00''',3.18,Aql,, , ,,,
Barnard 135,,,Neb,Dark,6,13,u,u,0,Very faint - Dusky spot; diam. 13'; BD -4 4698 (magnitude 9.2) on N border; BD -4 4702 (magnitude 9.2) on SE edge,19h 07m 33s,286.89,-03° 56'' 00''',-3.93,Aql,, , ,,,
NGC 6755,,,Stars,OC,IV-2-150,13,5000,20,1,"Hard to discern from dense background, nice pairing with NGC6756",19h 07m 49s,286.95,04° 16'' 00''',4.27,Aql,, ,NGC6756,7.5,,
NGC 6764,,,Gal,Spiral,SBbc/z,2.5,100,70,2,"Stellar-like core, dust band on left side, blue star clouds and extended star streams.  Well defined S-shaped arms",19h 08m 16s,287.07,50° 55'' 59''',50.93,Cyg,, , ,11.9,21.8,60°
Abell 54,,,Neb,PN,ERY,1.0,9000,2.6,1,Very dim.  Hii rim while inner section is stronger in OIII.  Star at center but not likely the progenitor star.,19h 08m 39s,287.16,22° 58'' 51''',22.98,Vul,, , ,17.0,,
NGC 6756,,,Stars,OC,I-2-40,4.0,5000,6.0,2,"Dense open cluster, globular like, helps to discern from starry background.  Nice pairing with NGC 6755",19h 08m 42s,287.18,04° 42'' 18''',4.71,Aql,, ,NGC6755,10.6,,
Barnard 136,,,Neb,Dark,6,8.0,u,u,0,Very faint - Dusky spot; diam. 8'; 10 mag. star near middle,19h 08m 50s,287.21,-04° 01'' 00''',-4.02,Aql,, , ,,,
Sh2-074,,,Neb,Em,HII,17,10000,50,1,Faint HII region,19h 09m 18s,287.33,05° 33'' 00''',5.55,Aql,,RCW182, ,,,
Longmore 18,,,Neb,PN,PHN,1.0,u,u,2,Fascinating HII-dominated PN shape,19h 09m 48s,287.45,-55° 35'' 10''',-55.59,Pav,,Lo18, ,,,
NGC 6744,,,Gal,Spiral,SBbc/z,20,30,180,4,Lovely large multi-arm barred spiral,19h 09m 48s,287.45,-65° 51'' 00''',-65.85,Pav,,Caldwell101, ,8.2,23.3,50°
Abell 55,,,Neb,PN,BRN/q,1.3,8200,3.0,2,"HII rim, strong along left & right edges. OIII strongest in central region. May be bipolar nebula with breakthrough. ",19h 10m 30s,287.63,-02° 21'' 02''',-2.35,Aql,, , ,13.0,,
NGC 6752,,,Stars,GC,VI,29,13000,110,4,The 3rd brightest globular in the sky,19h 10m 54s,287.73,-59° 59'' 00''',-59.98,Pav,"Starfish Cluster (2 of 2), Peacock Cluster",Caldwell93, ,5.3,,
NGC 6786 Pair,,,Gal,Pair,,1.0,350,95,2,Pair of galaxies - each has distorted spiral arms and is hiding behind foreground Milky Way star.  Likely bridge connected,19h 10m 54s,287.73,73° 24'' 36''',73.41,Dra,, ,UGC11415,12.9,21.6,
NGC 6765,,,Neb,PN,PON,1.0,5000,1.5,2,Strangely shaped OIII PN.,19h 11m 07s,287.78,30° 32'' 45''',30.55,Lyr,,M 1-68, ,12.9,,
NGC 6760,,,Stars,GC,IX,6.0,24000,40,2,Loose globular with resolved stars,19h 11m 12s,287.80,01° 01'' 50''',1.03,Aql,, , ,10.0,,
Sh2-080,,,Neb,Em,WR,2.0,11000,6.0,3,"Small bright HII region, often mistaken for a PN",19h 11m 31s,287.88,16° 51'' 38''',16.86,Sge,,"M1-67,WR124", ,,,
Abell 56,,,Neb,PN,EHY/hr,3.0,4900,4.0,2,"Unusual in both color & structure. Wide, bright circular ring. Bi-polar, even multi-polar, structure seen.",19h 13m 07s,288.28,02° 52'' 49''',2.88,Aql,, , ,,,
PGC 0062946,,,Gal,Merger,IV,0.50,700,100,3,"Late stage merger of 2 galaxies, in a rough bird shape",19h 14m 32s,288.63,-21° 19'' 04''',-21.32,Sgr,The Bird Galaxies, , ,,,
NGC 6772,,,Neb,PN,ERY,1.5,4000,1.7,2,Squarish shaped and diffuse outer edges suggest ISM interaction. Progenitor visible.,19h 14m 36s,288.65,-02° 42'' 24''',-2.71,Aql,, , ,12.7,,
Kohoutek 3-26,,,Neb,PN,BRN,0.20,45000,2.5,1,Dim and small with fascinating bipolar structure,19h 14m 39s,288.66,00° 13'' 37''',0.23,Aql,, , ,,,
Barnard 137,,,Neb,Dark,3,5.0,u,u,1,Faint - Projection near S end of B 138,19h 16m 01s,289.00,-01° 21'' 00''',-1.35,Aql,, , ,,,
Dobashi 0042,,,Neb,Mol CLd,,30,400,3.7,2,Molecular cloud with small dark region,19h 16m 03s,289.01,-36° 46'' 26''',-36.77,Sgr,, , ,,,
Barnard 138,,,Neb,Dark,2,200,u,u,1,"Faint - curved, semi-vacant lane over 3 degrees in length",19h 16m 24s,289.10,-00° 13'' 00''',-0.22,Aql,, , ,,,
ETHOS 1,,,Neb,PN,BOY/fj,1.0,u,u,3,Recently discovered bipolar PN.  PN has both spherical and nested bipolar outflows. Progenitor visible.,19h 16m 30s,289.13,36° 08'' 56''',36.15,Lyr,, , ,,,
M 056,,,Stars,GC,X,7.0,33000,70,3,Loose and beautiful Messier globular cluster,19h 16m 36s,289.15,30° 11'' 02''',30.18,Lyr,,NGC 6779, ,8.4,,
NGC 6789,,,Gal,BCD,,0.90,12,3.2,2,Nearest BCD (Blue compact dwarf galaxy) to earth,19h 16m 42s,289.18,63° 58'' 19''',63.97,Dra,, , ,13.2,22.2,
Abell 57,,,Neb,PN,EOY,1.0,7000,2.0,2,"Odd, unique U-shape structure which is tough to interpret. OIII-dominated.  Faint blue progenitor star is visible.",19h 17m 04s,289.27,25° 37'' 26''',25.62,Vul,, , ,14.0,,
DeHt 3,,,Neb,PN,ERY,0.50,u,u,2,Small oval with texture,19h 17m 06s,289.28,-18° 01'' 00''',-18.02,Sgr,, , ,,,
Barnard 134,,,Neb,Dark,6,6.0,u,u,1,"Faint, round; diam. 6'; not sharply defined; a small star on S edge; a similar one on N edge",19h 17m 42s,289.43,-06° 13'' 00''',-6.22,Aql,, , ,,,
Terzan 7,,,Stars,GC,,1.5,80000,34,1,"Small extragalactic globular cluster, believed to be from the Sag. Dwf. Sph. Galaxy",19h 17m 44s,289.43,-34° 39'' 28''',-34.66,Sgr,, , ,12.0,,
Barnard 139,,,Neb,Dark,5,30,u,u,1,"More dusty than dark, with a distinguishing orange color.  10 mag star on SE edge",19h 18m 01s,289.50,-01° 25'' 00''',-1.42,Aql,, , ,,,
Abell 58,,,Neb,PN,EHY/hi,0.80,u,u,2,"Odd shape, perhaps due to ISM. ""3” shape.  Strong red color is due the dominant HII signal, with little OIII.  ",19h 18m 20s,289.58,01° 46'' 51''',1.78,Aql,, , ,,,
NGC 6778,,,Neb,PN,BHY/c,0.50,10000,1.5,2,"Bipolar PN with lobes that have broken through.  Resembles M76, which is 10x larger",19h 18m 25s,289.60,-01° 35'' 48''',-1.60,Aql,Mini Dumbbell Nebula    ,NGC6775,IC1298,12.3,,
NGC 6781,,,Neb,PN,BHY,1.9,3000,1.8,4,Bipolar PN just beginning to experience lobe breakout,19h 18m 28s,289.62,06° 32'' 20''',6.54,Aql,"Snowglobe Nebula, Ghost of the Moon Nebula", , ,11.4,,
Abell 59,,,Neb,PN,EHN/i,1.8,4600,2.4,2,"Looks like HII region, with bright red asymmetric arc at the top.  Arc is not a typical PN structure. ",19h 18m 41s,289.67,19° 33'' 56''',19.57,Sge,, , ,16.0,,
Abell 61,,,Neb,PN,SOY/t,3.0,3000,2.6,2,Faint thin OIII-dominated rim around the outside edge of the top half of the nebula. ,19h 19m 10s,289.79,46° 14'' 36''',46.24,Cyg,, , ,14.0,,
Abell 60,,,Neb,PN,EOY,1.7,5600,2.7,2,"OIII-dominated.  May be bipolar, looking side-on into torus. Blown out bipolar regions extend left and right.",19h 19m 17s,289.82,-12° 14'' 52''',-12.25,Sgr,, , ,16.0,,
PM 1-295,,,Neb,PN,EHY,0.30,8000,0.70,2,Small HII-dominated elliptical PN with progenitor,19h 19m 18s,289.83,17° 08'' 00''',17.13,Sge,, , ,15.0,,
Barnard 330,,,Neb,Dark,4,30,u,u,1,Large faint region - Dark; round; diam. 30'; BD +7 4028 (magnitude 7.8) on NE border,19h 19m 34s,289.89,07° 33'' 00''',7.55,Aql,, , ,,,
Barnard 140,,,Neb,Dark,3,60,u,u,0,Very faint region; diam. 1 degree,19h 19m 49s,289.95,05° 13'' 00''',5.22,Aql,, , ,,,
Barnard 141,,,Neb,Dark,1,20,u,u,0,Very faint region; N of the N end of B 138; diam. 20',19h 20m 12s,290.05,01° 53'' 00''',1.88,Aql,, , ,,,
V1352 Aql,,,Stars,YSO,,1.0,1300,0.40,2,YSO at the center of a lovely reflection nebula,19h 20m 31s,290.13,11° 01'' 55''',11.03,Aql,,LDN673,,,,
LDN 0673,,,Neb,Dark,6,90,u,u,3,Wonderfully complex dark nebula with many small bright objects in the field,19h 20m 51s,290.21,11° 15'' 41''',11.26,Aql,, ,"V1352Aql,RNO109,GD218",,,
NGC 6791,,,Stars,OC,II-3-300,13,13000,50,2,Massive open cluster - resembles globular,19h 20m 53s,290.22,37° 46'' 18''',37.77,Lyr,, , ,9.5,,
NGC 6792,,,Gal,Spiral,SBb/z,1.8,230,120,2,"Grand design spiral, with arms extending 1.5 rotations. Slight offset core and disturbed disk",19h 20m 57s,290.24,43° 07'' 57''',43.13,Lyr,, , ,12.1,22.0,55°
Minkowski 4-14,,,Neb,PN,BHN,0.20,25000,1.6,1,Graceful HII-dominated bipolar PN with bright torus,19h 21m 01s,290.25,07° 36'' 59''',7.62,Aql,, , ,,,
Kronberger 61,,,Neb,PN,SOY/t,5.0,13000,18,2,Faint spherical PN,19h 21m 39s,290.41,38° 18'' 57''',38.32,Lyr,Soccer Ball Nebula   , , ,,,
Sh2-079,,,Neb,Em,HII,40,19000,220,0,Very faint HII region,19h 23m 18s,290.83,13° 58'' 00''',13.97,Aql,, , ,,,
Sh2-083,,,Neb,Em,HII,2.0,u,u,1,Tiny HII region surrounding star cluster,19h 24m 18s,291.08,20° 47'' 00''',20.78,Aql,, , ,,,
Collinder 399,,,Stars,OC,III-3-15-a,60,u,u,3,The bright colorful open cluster nicknamed the Coathanger,19h 25m 24s,291.35,20° 11'' 00''',20.18,Vul,Coathanger Cluster, , ,3.6,,
vdB 125,,,Neb,Refl,,5.0,1260,2.0,0,Faint blue reflection nebula,19h 26m 00s,291.50,15° 34'' 23''',15.57,Sct,, , ,,,
Barnard 331,,,Neb,Dark,1,60,u,u,0,"Very faint - Dusky, narrow lane 1 degree long NW and SE, 3' wide",19h 26m 04s,291.52,07° 34'' 00''',7.57,Aql,, , ,,,
vdB 126,,,Neb,Refl,,5.0,4370,6.0,3,Intense blue reflection nebula in extraordinary dark nebulae field of the Loch Ness Nebula,19h 26m 11s,291.55,22° 45'' 17''',22.75,Vul,Loch Ness Nebula    ,LBN 134, ,,,
DeHt 4,,,Neb,PN,PHN/i,1.5,u,u,2,"Ear-shaped, HII-dominated",19h 26m 27s,291.61,13° 19'' 35''',13.33,Aql,, , ,,,
LDN 0778,,,Neb,Dark,6,45,u,u,2,Long dark nebula highlighted by a small white reflection nebula.,19h 27m 06s,291.78,23° 41'' 07''',23.69,Vul,, , ,,,
NGC 6801,,,Gal,Spiral,Sc,1.4,150,65,2,Fragmented arm structure.  Pseudo-ring around core in mid-section,19h 27m 36s,291.90,54° 22'' 20''',54.37,Cyg,, , ,13.9,22.5,65°
Barnard 332,,,Neb,Dark,1,20,u,u,0,"Very faint - Area of dark lanes. A black spot, connected with these lanes, is located 15' N of BD +8 4112 (mag 7.5)",19h 28m 01s,292.00,08° 45'' 00''',8.75,Aql,, , ,,,
Sh2-094,,,Neb,SNR,,100,2500,75,1,"Faint SNR filament, same SNR as SH2-91 & 96",19h 28m 16s,292.07,31° 27'' 54''',31.47,Cyg,, , ,,,
ArpGC 2,,,Stars,GC,IX,3.0,90000,85,2,"Extragalactic globular cluster, torn away from the Sagittarius Dwarf Spheroidal Galaxy ",19h 28m 42s,292.18,-30° 21'' 00''',-30.35,Sgr,, , ,12.0,,
Sh2-096,,,Neb,SNR,,100,2500,75,1,"Faint SNR filament, same SNR as Sh2-91 & 94",19h 28m 42s,292.18,32° 41'' 00''',32.68,Cyg,, , ,,,
Barnard 333,,,Neb,Dark,3,60,u,u,0,Very faint - Area of irregular dark lanes; diam. 1 degree; irregular lanes have a uniform width of about 2',19h 28m 56s,292.23,10° 40'' 00''',10.67,Aql,, , ,,,
Parsamian 21,,,Stars,YSO,,2.0,1300,0.70,3,YSO that is the origin of an odd asymmetric loop-shaped reflection nebula,19h 29m 01s,292.25,09° 38'' 43''',9.65,Aql,, , ,,,
Sh2-082,,,Neb,Em,HII,9.0,3500,9.0,3,"Faint emission and reflection nebula, with nice dark lanes",19h 30m 15s,292.56,18° 17'' 30''',18.29,Sge,Little Cocoon Nebula    , , ,,,
NGC 6802,,,Stars,OC,III-1-50,4.0,9000,11,2,Elongated open cluster in Vulpecula,19h 30m 35s,292.65,20° 15'' 42''',20.26,Vul,, , ,8.8,,
HDW 11,,,Neb,PN,SOY,0.80,6200,1.5,2,Faint spherical PN,19h 31m 06s,292.78,-03° 24'' 00''',-3.40,Aql,, , ,,,
NGC 6804,,,Neb,PN,BOY/r,2.5,2300,1.8,2,OIII PN with bright torus and progenitor,19h 31m 35s,292.90,09° 13'' 31''',9.23,Aql,Snowball Nebula  , , ,13.4,,
Minkowski 1-91,,,Neb,PPN,j,0.40,5600,0.70,3,Tiny protoplanetary nebula with twin HII jets,19h 32m 58s,293.24,26° 52'' 41''',26.88,Vul,,"Hen2-437,M4-15", ,17.0,,
Abell 62,,,Neb,PN,ERY/r,3.0,1600,1.4,3,Strong HII hexagon rim while the inner section is stronger in OIII. PN is distorted.  Small progenitor.,19h 33m 18s,293.33,10° 37'' 01''',10.62,Aql,, , ,15.0,,
Campbell's Star ,,,Neb,PN,XHY,0.20,10000,0.65,2,Tiny stellar PN surrounding WC star (WC9-type) with strong hydrogen spectrum,19h 34m 45s,293.69,30° 30'' 59''',30.52,Cyg,Campbell's Star,HD184738, ,10.5,,
Barnard 334,,,Neb,Dark,4,3.0,u,u,1,"Faint dark nebula arc - Small, dark marking; diam. 3'",19h 35m 06s,293.78,12° 19'' 00''',12.32,Aql,, , ,,,
Sh2-091,,,Neb,SNR,,150,2500,110,3,"HII and OIII filaments, remnants of a huge old SNR. ",19h 35m 36s,293.90,29° 36'' 00''',29.60,Cyg,, , ,,,
Minkowski 1-92,,,Neb,PPN,j,0.20,5200,0.30,3,"Tiny protoplanetary nebula, with the jet outflows in the shape of a footprint",19h 36m 18s,294.08,29° 33'' 00''',29.55,Cyg,Minkowski's Footprint, , ,12.0,,
Barnard 336,,,Neb,Dark,5,2.0,u,u,0,Small and faint - Dark; diam. 1'-2'; in a slightly larger vacant space; BD +11 3912 (magnitude 8.6) in SW part,19h 36m 41s,294.17,12° 20'' 00''',12.33,Aql,, , ,,,
Barnard 335,,,Neb,Dark,6,6.0,u,u,1,Small and dark -  very black; diam. 6'; in a slightly larger dusky area; BD +7 4151 (magnitude 7.8) near its SW edge,19h 36m 54s,294.23,07° 36'' 00''',7.60,Aql,, , ,,,
Barnard 337,,,Neb,Dark,4,3.0,u,u,1,"Faint - Dark; diam. 3', with narrow extension for 17' to NW. This small spot is in dark space in star cloud.",19h 37m 01s,294.25,12° 23'' 00''',12.38,Aql,, , ,,,
NGC 6811,,,Stars,OC,III-3-100,13,3000,12,2,Open cluster with apparent voids throughout cluster,19h 37m 17s,294.32,46° 23'' 18''',46.39,Cyg,"Hole in a Cluster, Smoke Ring Cluster", , ,6.8,,
Barnard 142,,,Neb,Dark,6,40,u,u,1,Faint dark nebulosity just west of B143 - Large; irregular; about 40' E and W; BD +10 4016 in E part,19h 39m 42s,294.93,10° 31'' 00''',10.52,Aql,, ,,,,
M 055,,,Stars,GC,XI,19,16000,90,4,One of the least concentrated Messier globular clusters,19h 40m 00s,295.00,-30° 57'' 44''',-30.96,Sgr,Specter Cluster  ,NGC 6809, ,6.5,,
NGC 6813,,,Neb,Em,SHO-.1/1/.3,3.0,50000,45,2,Emission with oddly symmetric curving just cloud just southeast of central bright core,19h 40m 22s,295.09,27° 18'' 34''',27.31,Vul,, , ,,,
Ra 7,,,Neb,PN,POY/f,3.0,u,u,1,Recently discovered faint OIII-dominated PN,19h 40m 44s,295.18,02° 30'' 32''',2.51,Aql,, WHTZ 1, ,,,
NGC 6819,,,Stars,OC,I-1-300,7.0,9000,20,2,Red supergiants outline U shape.  Void area at center,19h 41m 18s,295.33,40° 11'' 12''',40.19,Cyg,"Fox Head Cluster, Octopus Cluster  ", , ,7.3,,
Barnard 143,,,Neb,Dark,6,40,u,u,3,Unusually shaped dark nebulae in bright dense star field,19h 41m 25s,295.35,11° 00'' 00''',11.00,Aql,, ,,,,
Kohoutek 2-07,,,Neb,PN,AOY,2.5,6000,4.4,1,"Faint large ancient PN, faint progenitor visible",19h 41m 25s,295.35,-20° 24'' 44''',-20.41,Sgr,, , ,,,
Terzan 8,,,Stars,GC,,1.9,90000,50,1,"Small extragalactic globular cluster, believed to be from the Sag. Dwf. Sph. Galaxy",19h 41m 44s,295.43,-33° 59'' 58''',-34.00,Sgr,, , ,12.0,,
PC 22,,,Neb,PN,MON/c,1.0,17000,5.0,2,Multipolar OIII-dominated PN with faint lobes,19h 42m 04s,295.52,13° 50'' 35''',13.84,Aql,, , ,,,
Abell 63,,,Neb,PN,PCY,0.70,9000,1.8,2,"Unique shape, like a broad X superimposed over circular shape.  HII signal slightly stronger than OIII.",19h 42m 10s,295.54,17° 05'' 08''',17.09,Sge,, , ,17.0,,
NGC 6820,,,Neb,Em,HII,40,13000,150,4,"Beautiful emission nebula and star cluster, although NGC 6820 is actually only the small white reflection nebula",19h 42m 28s,295.62,23° 05'' 10''',23.09,Vul,, ,NGC 6823,,,
NGC 6814,,,Gal,Spiral,SBbc/kz,3.0,75,65,2,"Seyfert spiral galaxy, almost face-on, with arms that are split in 2 in several places",19h 42m 41s,295.67,-10° 19'' 27''',-10.32,Aql,, , ,11.2,22.3,15°
Barnard 338,,,Neb,Dark,3,8.0,u,u,1,Faint - Dusky; diam. 8'; just S of BD +7 4191 (magnitude 8.8); in S part of B 339,19h 43m 03s,295.76,07° 27'' 00''',7.45,Aql,, , ,,,
NGC 6823,,,Stars,OC,I-3-30,15,13000,60,3,Open star cluster at the center of what is commonly called NGC 6820,19h 43m 06s,295.78,23° 18'' 00''',23.30,Vul,, ,NGC 6820,7.1,,
NGC 6824,,,Gal,Spiral,Sab,1.5,220,100,2,"Interesting dark bands on half of disk.  Odd arm structure, with arms winding tightly and ending mid-disk.  Outer disk diffuse",19h 43m 41s,295.92,56° 06'' 34''',56.11,Cyg,, , ,12.2,21.7,55°
NGC 6818,,,Neb,PN,BOY/r,0.40,5000,0.60,2,Bipolar OIII PN with white torus ring and central star,19h 43m 58s,295.99,-14° 09'' 10''',-14.15,Sgr,"Little Gem, Green Mars  ", , ,9.3,,
Necklace Nebula,,,Neb,PN,POY,0.50,15000,2.2,2,Tiny OIII-dominated PN with knots of gas around the ring,19h 43m 59s,296.00,17° 09'' 02''',17.15,Sge,Necklace Nebula, , ,11.0,,
Barnard 339,,,Neb,Dark,2,60,u,u,0,"Very faint - Broken, dusky region covering more than 1 degree",19h 44m 03s,296.01,08° 17'' 00''',8.28,Aql,, , ,,,
NGC 6821,,,Gal,Spiral,SBc/z,1.3,70,28,2,"Magellanic galaxy with white bar, blue star clouds, and single arm",19h 44m 24s,296.10,-06° 50'' 00''',-6.83,Aql,, , ,13.1,22.0,20°
NGC 6826,,,Neb,PN,BOY/r,0.50,4200,0.65,4,OIII PN with visible progenitor and delicate faint outer ring,19h 44m 48s,296.20,50° 31'' 30''',50.53,Cyg,The Blinking Eye Nebula,Caldwell15, ,9.6,,
NGC 6822,,,Gal,Dwarf,,10,1.7,5.0,2,Close small irregular dwarf galaxy with globular clusters that are resolvable,19h 44m 57s,296.24,-14° 48'' 10''',-14.80,Sgr,Barnard's Galaxy,Caldwell57, ,8.1,23.3,
LDN 0810,,,Neb,Dark,4,18,5000,25,2,Dark nebula surrounded by bright stars and containing a small white reflection nebula,19h 45m 02s,296.26,27° 57'' 19''',27.96,Cyg,, , ,,,
Abell 64,,,Gal,Spiral,S,1.0,170,50,0,"Not a PN but a spiral galaxy, wrongly catalogued by Abell",19h 45m 36s,296.40,05° 34'' 00''',5.57,Aql,, , ,,,55°
Sh2-087,,,Neb,Em,HII,10,7500,24,2,Faint emission nebula with 2 obscured star clusters,19h 46m 21s,296.59,24° 35'' 15''',24.59,Vul,, , ,,,
Abell 65,,,Neb,PN,EOY,4.0,4000,5.0,3,Double-shelled bi-polar PN with binary central star. OIII-dominated inner shell oblong. Outer shell much fainter.,19h 46m 34s,296.64,-23° 08'' 12''',-23.14,Sgr,,Sh2-52, ,14.0,,
Sh2-092,,,Neb,Em,HII,50,12000,170,1,Faint HII region,19h 46m 40s,296.67,28° 11'' 58''',28.20,Vul,, , ,,,
Sh2-088,,,Neb,Em,HII,25,8000,60,2,Typical faint emission nebula adjacent to 2 smaller brighter emission regions (Sh2-88A and B),19h 46m 46s,296.69,25° 12'' 56''',25.22,Vul,, , ,,,
NGC 6829 Pair,,,Gal,Pair,d,2.0,150,90,2,"Edge-on spiral with dramatic dust lane, sharing its stage nicely with nearby NGC 6831, a distorted elliptical",19h 47m 08s,296.78,59° 54'' 25''',59.91,Dra,, ,NGC6831,14.1,22.4,
vdB 127,,,Neb,Refl,,30,540,5.0,1,"Bright orange star with faint emission/reflection nebula 50' to east, objects not related",19h 47m 41s,296.92,18° 32'' 01''',18.53,Sge,,Sh2-84, ,,,
Sh2-077,,,Neb,Mol Cld,,13,4000,15,0,Faint molecular cloud,19h 48m 18s,297.08,01° 07'' 00''',1.12,Aql,, , ,,,
Barnard 340,,,Neb,Dark,5,7.0,u,u,2,"Light nebula - Irregular, curved; diam. 7'; 25' S of BD +11 3994 (magnitude 5.8); a narrow extension for 15' to the N",19h 48m 45s,297.19,11° 24'' 00''',11.40,Aql,, , ,,,
Sh2-090,,,Neb,Em,HII,6.0,22000,40,2,"Faint, nicely textured HII region",19h 49m 12s,297.30,26° 51'' 36''',26.86,Vul,, , ,,,
Sh2-084,,,Neb,Em,HII,5.0,7500,11,1,Small faint HII region,19h 49m 18s,297.33,18° 23'' 00''',18.38,Aql,, , ,,,
Kohoutek 3-46,,,Neb,PN,BHN/c,1.0,u,u,2,"Nice bi-polar HII PN, viewed side-on.  Both lobes broke through",19h 50m 00s,297.50,33° 28'' 00''',33.47,Cyg,, , ,16.4,,
Barnard 341,,,Neb,Dark,3,30,u,u,0,"Very faint -  - Narrow, dark lane, about 30' E and W. One of several dark lines in region. Narrow, 1.5' wide.",19h 50m 01s,297.50,34° 17'' 00''',34.28,Cyg,, , ,,,
Sh2-089,,,Neb,Em,HII,30,8500,70,1,Faint HII region in Vulpecula,19h 50m 12s,297.55,26° 25'' 36''',26.43,Vul,, , ,,,
Minkowski 2-48,,,Neb,PN,BHN/c,0.50,21000,3.0,3,Unique bipolar HII-dominated PN with seemingly powerful jet influence,19h 50m 28s,297.62,25° 54'' 22''',25.91,Vul,, , ,,,
NGC 6830,,,Stars,OC,II-2-40,8.0,7700,18,2,"Unusual linear patterns for this open cluster, which has a nice brightness mix",19h 51m 00s,297.75,23° 04'' 00''',23.07,Vul,, , ,7.9,,
Hickson 086,,,Gal,Group,4,4.0,290,340,2,All 4 galaxies are ellipticals and at the same distance.  Interesting triangular arrangement.,19h 51m 59s,298.00,-30° 49'' 34''',-30.83,Sgr,,, ,12.3,23.9,
NGC 6834,,,Stars,OC,II-2-60,5.0,10500,15,2,"Non-circular pattern, stars of varied brightnesses",19h 52m 12s,298.05,29° 25'' 00''',29.42,Cyg,, , ,7.8,,
M 071,,,Stars,GC,XI,7.0,13000,26,2,"Dim, one of the least concentrated Messier clusters",19h 53m 46s,298.44,18° 46'' 42''',18.78,Sge,Angelfish Cluster,NGC 6838, ,8.4,,
NGC 6835,,,Gal,Spiral,Sa/d,2.5,75,60,2,"Edge-on spiral with dark dust lanes, paired with faint face-on spiral",19h 54m 33s,298.64,-12° 34'' 03''',-12.57,Sgr,, ,NGC6836,12.5,21.5,87°
NGC 6842,,,Neb,PN,EOY,1.0,4500,1.4,2,OIII PN with progenitor and texture that looks like a ball of snakes,19h 55m 02s,298.76,29° 17'' 20''',29.29,Vul,, , ,13.1,,
Sh2-093,,,Neb,Em,HII,2.0,12000,7.0,2,"Small, bright HII region",19h 55m 16s,298.82,27° 12'' 54''',27.22,Cyg,, , ,,,
Sh2-097,,,Neb,Em,HII,10,13000,35,1,Dim HII emission,19h 57m 01s,299.25,29° 20'' 04''',29.33,Cyg,, , ,,,
Abell 66,,,Neb,PN,ERY,4.5,2000,2.5,2,"HII rim.  OIII irregular inner section.  OIII strongest in 2 lobes, upper and lower.  Some breakthrough at 12 o'clock. ",19h 57m 32s,299.38,-21° 36'' 37''',-21.61,Sgr,, , ,17.0,,
Sh2-063,,,Neb,Mol Cld,,50,1000,15,2,Faint molecular cloud shaped like an arrowhead,19h 57m 42s,299.43,-14° 07'' 00''',-14.12,Sgr,, , ,,,
HDW 12,,,Neb,PN,SHY,0.80,2100,0.50,2,Faint spherical PN with offset progenitor,19h 58m 12s,299.55,-26° 16'' 00''',-26.27,Sgr,, , ,,,
Cyg X-1,,,Stars,Star,,0.05,u,u,1,"The most well-known black-hole candidate.  Not visible to us, but its 9th mag companion is visible.",19h 58m 24s,299.60,35° 12'' 00''',35.20,Cyg,, , ,,,
Abell 67,,,Neb,PN,EON/q,1.0,6500,2.0,2,"This PN is primarily comprised of OIII signal, resulting in its blue appearance.  Progenitor not seen.",19h 58m 29s,299.62,03° 02'' 23''',3.04,Aql,, , ,14.0,,
Sh2-098,,,Neb,Em,HII,17,12000,60,2,"Faint HII emission ring, void of any emission in the center",19h 59m 01s,299.75,31° 22'' 30''',31.38,Cyg,, , ,,,
He 1-004,,,Neb,PN,BHN,0.40,11000,1.4,1,Small bright HII-dominated bipolar PN,19h 59m 18s,299.83,31° 33'' 00''',31.55,Cyg,, , ,,,
M 027,,,Neb,PN,BRY/c,15,1200,5.0,5,Showcase PN with fascinating dumbbell-like structure with expanding halos,19h 59m 36s,299.90,22° 43'' 15''',22.72,Vul,"Dumbbell Nebula, Apple Core Nebula",NGC 6853, ,7.4,,
Sh2-101,,,Neb,Em,SHO-.2/1/.1,28,6000,50,5,Beautiful cosmic flower with 2 dark pillars at the center,19h 59m 55s,299.98,35° 16'' 36''',35.28,Cyg,Tulip Nebula (1 of 2), ,Cygnus X-1,,,
Sh2-099,,,Neb,Em,HII,6.0,22000,40,1,Faint HII region,20h 00m 01s,300.00,33° 30'' 04''',33.50,Cyg,, , ,,,
Abell 68,,,Neb,PN,ECY/q,0.70,6760,1.5,2,"HII and OIII signals are similar for this oval PN. Interesting texture in inner region, like an hourglass.  ",20h 00m 11s,300.05,21° 42'' 58''',21.72,Vul,, , ,15.0,,
NGC 6852,,,Neb,PN,BOY,0.50,9000,1.4,2,"Similar to NGC6337.  OIII PN with bright torus ring, extended eye-shaped lobe region, and visible progenitor.",20h 00m 39s,300.16,01° 43'' 41''',1.73,Aql,,K 1-18, ,12.6,,
NGC 6845 Group,,,Gal,Group,4,3.0,290,250,2,"Tight (3' diameter) group of 4 galaxies, including wonderful grand design spiral",20h 00m 58s,300.24,-47° 04'' 12''',-47.07,Tel,, , ,12.1,22.7,
Sh2-081,,,Neb,Mol Cld,,10,7000,22,0,Faint molecular cloud,20h 01m 00s,300.25,11° 49'' 00''',11.82,Sge,, , ,,,
WeSb 5,,,Neb,PN,SBN,2.5,u,u,2,Very faint circular PN in Sagitta,20h 01m 42s,300.43,19° 36'' 00''',19.60,Sge,, , ,,,
NGC 6857,,,Neb,Em,HII,1.5,30000,13,2,HII region which originally was thought to be a PN,20h 01m 48s,300.45,33° 31'' 33''',33.53,Cyg,,Sh2-100, ,,,
Barnard 145,,,Neb,Dark,4,45,u,u,2,Uniquely shaped dark nebula - Sharply defined; 3/4 degree long E and W,20h 02m 49s,300.70,37° 41'' 00''',37.68,Cyg,, , ,,,
Barnard 146,,,Neb,Dark,6,7.0,u,u,2,Appealing dark nebula next to brighter star - Very small; like a dark border to the SW side of the mag 7 star,20h 03m 29s,300.87,36° 01'' 00''',36.02,Cyg,, , ,,,
NGC 6866,,,Stars,OC,II-2-100,15,4000,18,2,"Odd non-circular pattern, Nice mix of blue and yellow stars",20h 03m 55s,300.98,44° 09'' 30''',44.16,Cyg,Frigate (Pirate) Bird Cluster  , , ,7.6,,
Cygnus Fairy Ring,,,Stars,OC,III-1-20-a,20,u,u,2,An asterism in Cygnus.  Not found in the SIMBAD database.,20h 04m 00s,301.00,38° 10'' 00''',38.17,Cyg,Chaple's Arc Asterism, , ,,,
vdB 128,,,Neb,Refl,,7.0,6400,12,2,Faint but interesting whitish-blue reflection nebula with arc on south side,20h 04m 00s,301.00,32° 14'' 01''',32.23,Cyg,,LBN 155, ,,,
EGB 10,,,Neb,Em,SHO,60,u,u,2,Recently discovered large OIII-dominated emission nebula,20h 04m 06s,301.03,71° 35'' 58''',71.60,Dra,, , ,,,
Minkowski 1-75,,,Neb,PN,MRN/c,0.30,14000,1.2,3,Multipolar PN with bright white torus,20h 04m 42s,301.18,31° 15'' 00''',31.25,Cyg,, , ,,,
IC 4954,,,Neb,Refl,,2.0,6000,3.6,2,2 small reflection nebulae and the star cluster Roslund 4,20h 04m 45s,301.19,29° 15'' 10''',29.25,Vul,, ,"IC4955,Roslund4",,,
Cygnus Kite Asterism,,,Stars,OC,II-1-12-a,12,u,u,3,Colorful kite shape in Cygnus.  Not contained in the SIMBAD database.,20h 05m 18s,301.33,47° 32'' 00''',47.53,Cyg,Cygnus Kite Asterism, , ,,,
M 075,,,Stars,GC,I,2.4,67000,50,3,The most concentrated Messier globular cluster,20h 06m 05s,301.52,-21° 55'' 19''',-21.92,Sgr,,NGC 6864, ,8.6,,
Barnard 147,,,Neb,Dark,5,11,u,u,3,Small dark nebula in a field of interesting faint objects,20h 06m 50s,301.71,35° 22'' 00''',35.37,Cyg,, ,NGC6871,,,
Minkowski 4-17,,,Neb,PN,BRN/cr,1.0,u,u,2,Bipolar PN with lobes and bright torus,20h 09m 00s,302.25,43° 44'' 00''',43.73,Cyg,, , ,,,
We 1-09,,,Neb,PN,ERN,0.40,u,u,1,Small HII PN ring of unknown distance,20h 09m 05s,302.27,26° 26'' 56''',26.45,Vul,, , ,,,
Barnard 342,,,Neb,Dark,4,4.0,u,u,1,Small and faint - dark marking; 4' E and W,20h 09m 31s,302.38,41° 12'' 00''',41.20,Cyg,, , ,,,
WR 134,,,Neb,Em,WR,25,6210,45,4,Wolf-Rayet OIII nebula with HII emission background,20h 10m 00s,302.50,36° 11'' 00''',36.18,Cyg,, ,NGC6883,,,
NGC 6883,,,Stars,OC,I-3-20,30,450,4.0,1,"Sparse open cluster, tough to distinguish from background",20h 11m 20s,302.83,35° 49'' 55''',35.83,Cyg,Crescent Nebula Cluster, , ,8.0,,
He 1-005,,,Neb,PPN,,0.20,10000,0.60,2,No progenitor here but shows up on SIMBAD.  It is a variable star (FG Sge) that changes rapidly.,20h 11m 56s,302.98,20° 20'' 05''',20.33,Sge,, , ,9.5,,
NGC 6885,,,Stars,OC,III-2-30,20,2000,12,2,Sparse open cluster centered on mag 6 star 20 Vulpecula,20h 11m 58s,302.99,26° 29'' 00''',26.48,Vul,,Caldwell37,NGC6882,8.1,,
NGC 6882,,,Stars,OC,III-2-30,20,2000,12,2,May be same object as NGC 6885,20h 11m 58s,302.99,26° 29'' 00''',26.48,Vul,, ,NGC6885,8.1,,
Melotte 227,,,Stars,OC,u,50,390,6.0,2,Large sparse open cluster,20h 12m 00s,303.00,-79° 19'' 00''',-79.32,Oct,, , ,5.3,,
vdB 129,,,Neb,Refl,,50,730,11,1,"Molecular clouds 30' east of blue star, likely IFN illuminated not by star but by Milky Way",20h 12m 00s,303.00,-00° 59'' 01''',-0.98,Aql,,LBN 111/113, ,,,
NGC 6888,,,Neb,Em,WR,18,5000,27,5,"Showcase Wolf-Rayet nebula, with visible WR136 as progenitor.  Billowing arcs of OIII at top and bottom are the highlight. ",20h 12m 06s,303.03,38° 21'' 17''',38.35,Cyg,Crescent Nebula,Caldwell27, ,,,
Barnard 343,,,Neb,Dark,5,13,u,u,3,Beautifully positioned in center of bright nebula field - Elongated; 13' long NW and SE; sharpest at SE end,20h 13m 26s,303.36,40° 16'' 00''',40.27,Cyg,, , ,,,
LBN 0331,,,Neb,Em,HII,120,u,u,2,"2 degree long HII nebula with well defined shock front, looking more like a SNR ",20h 13m 34s,303.39,47° 39'' 00''',47.65,Cyg,, , ,,,
NGC 6891,,,Neb,PN,EOY,0.30,12000,1.1,2,"Similar to NGC 7354, this OIII PN has dim white progenitor, bright elliptical inner football shell, and circular outer shell. ",20h 15m 09s,303.79,12° 42'' 16''',12.70,Del,, , ,10.5,,
Soap Bubble,,,Neb,PN,SON/t,4.0,4000,5.0,3,Recently discovered faint PN with brighter rim,20h 15m 26s,303.86,38° 02'' 48''',38.05,Cyg,Soap Bubble,"Ju1,G75.5+1.7", ,,,
Simeis 57,,,Neb,Em,HII,20,u,u,4,Fascinating unusual point symmetric HII nebula,20h 16m 10s,304.04,43° 40'' 11''',43.67,Cyg,Propeller Nebula    ,"DWB111,118,119", ,,,
Barnard 344,,,Neb,Dark,3,60,u,u,1,"Patch of dark nebulosity in bright Cygnus region - Dusky spot, 7' long; like arrowhead, pointed SW; small star at NE end",20h 16m 16s,304.07,39° 13'' 00''',39.22,Cyg,, , ,,,
NGC 6894,,,Neb,PN,BRY,0.70,5000,1.0,2,Beautiful strong circular textured torus,20h 16m 24s,304.10,30° 33'' 55''',30.57,Cyg,"Little Ring Nebula, Diamond Ring Nebula", , ,12.3,,
IC 4996,,,Stars,OC,II-3-60,4.0,6000,6.6,2,Bright small open cluster with nice mix of stars,20h 16m 36s,304.15,37° 33'' 00''',37.55,Cyg,, ,NGC6888,7.3,,
NGC 6872,,,Gal,Spiral,SBb/z,6.0,220,380,4,"One of the largest known spirals at 380,000 ly diameter",20h 16m 54s,304.23,-70° 46'' 00''',-70.77,Pav,, , ,11.8,23.1,75°
IC 1318b,,,Neb,Em,HII,120,4000,135,2,Large HII region with small dark nebulae in foreground,20h 17m 08s,304.28,41° 57'' 27''',41.96,Cyg,, ,IC1311,,,
vdB 130,,,Neb,Refl,,1.0,3260,1.0,1,Small faint orange reflection nebula in an emission field between the Crescent and Gamma Sygni Nebulae,20h 17m 41s,304.42,39° 20'' 01''',39.33,Cyg,,, ,,,
G082.2+5.3,,,Neb,SNR,,60,5000,90,2,"OIII-dominating SNR, appearing cyan in the image foreground. ",20h 18m 35s,304.65,46° 19'' 13''',46.32,Cyg,,Westerhout 63, ,,,
LBN 0325,,,Neb,Em,HII,120,u,u,2,Bright 2 degree long HII nebula lying behind an OIII SNR,20h 18m 36s,304.65,46° 19'' 12''',46.32,Cyg,, ,SNR G82.2+5.3,,,
NGC 6911,,,Gal,Spiral,SBb/z,2.0,130,75,2,"Two loose star stream rings, oval ring around core, and circular ring further out.  Long arm which extends to the left. ",20h 19m 39s,304.91,66° 43'' 41''',66.73,Dra,, , ,14.3,23.9,50°
Abell 69,,,Neb,PN,EHN/r,0.40,14000,1.7,2,HII rim. No progenitor. A faint outer halo is seen extending to about twice the diameter of the PN. ,20h 19m 56s,304.98,38° 24'' 31''',38.41,Cyg,, , ,,,
Barnard 345,,,Neb,Dark,0,15,u,u,1,Patch of dark nebulosity in bright Cygnus region - Curved; convex to E; 15' long; bordered by 2 curves of stars.,20h 21m 01s,305.25,46° 33'' 00''',46.55,Cyg,, , ,,,
NGC 6910,,,Stars,OC,I-2-40-a,8.0,4000,10,4,"Open cluster of various sizes and colors that stands out well.   Non-circular shape, resembling its Inchworm namesake",20h 23m 12s,305.80,40° 46'' 42''',40.78,Cyg,Inchworm Cluster  , , ,7.4,,
IC 1318,,,Neb,Em,SHO-.2/1/.1,120,4000,135,4,"Nice full narrowband object, with cluster NGC6910",20h 23m 14s,305.81,40° 15'' 24''',40.26,Cyg,Butterfly Nebula (1of 3),Gamma Cygni  ,NGC6910,,,
NGC 6905,,,Neb,PN,BOY/fy,1.5,5750,2.5,2,Strong bipolar flow with ansae. Unusual football filamentary shape.  Progenitor visible,20h 23m 23s,305.85,20° 06'' 16''',20.10,Del,Blue Flash Nebula, , ,14.5,,
NGC 6916,,,Gal,Spiral,SBbc/z,1.6,150,70,2,"Barred core, odd offset bar, bright star clouds, and 2 strong asymmetric arms",20h 23m 33s,305.89,58° 20'' 36''',58.34,Cyg,, , ,13.5,23.0,55°
NGC 6906,,,Gal,Spiral,SBbc/z,1.5,220,100,2,Chaotic arm structure with yellow barlens.  Central pseudo-ring trying to form,20h 23m 34s,305.89,06° 26'' 36''',6.44,Aql,, , ,12.3,21.3,60°
M 029,,,Stars,OC,III-3-50-a,13,5200,20,2,Sparse cluster of 50 stars with several nice bright purple-blue stars,20h 23m 57s,305.99,38° 30'' 30''',38.51,Cyg,Cooling Tower Cluster,NGC 6913, ,6.6,,
vdB 131,,,Neb,Refl,,6.0,3230,5.5,2,Appealing blue reflection nebula in a dark nebula and adjacent to a sea of HII nebulosity,20h 24m 16s,306.07,42° 17'' 47''',42.30,Cyg,,,NGC6914,,,
Parsamian 22,,,Stars,YSO,,2.0,3900,2.2,3,YSO which is the source of a tiny bipolar reflection nebula,20h 24m 29s,306.12,42° 14'' 02''',42.23,Cyg,, , ,,,
Sh2-104,,,Neb,Em,HII,7.0,16000,35,3,Surprisingly pleasing narrowband object with dust lanes and bright stars,20h 24m 37s,306.15,38° 31'' 54''',38.53,Cyg,, , ,,,
NGC 6914,,,Neb,Refl,,40,6000,70,3,"Includes 3 blue reflection nebula, 4 white YSO objects, emission nebulae, dark nebulae and star clusters",20h 24m 43s,306.18,42° 28'' 57''',42.48,Cyg,, , ,,,
vdB 132,,,Neb,Refl,,6.0,3190,5.5,2,"Like vdB 131, this reflection nebula lies adjacent to dark and emission nebulae for a lovely composition",20h 24m 48s,306.20,42° 22'' 59''',42.38,Cyg,,LBN 274,NGC6914,,,
NGC 6907,,,Gal,Spiral,SBbc/z,3.0,120,100,3,"Barred grand design spiral interacting with lenticular companion (NGC 6908), creating long star stream plume",20h 25m 07s,306.28,-24° 48'' 32''',-24.81,Cap,,NGC 6908, ,11.2,22.3,45°
Barnard 346,,,Neb,Dark,3,10,u,u,2,"Patch of dark nebulosity in bright Cygnus region - Curved, black spot; diam. 10'; embraces to N a triangular mass of stars",20h 26m 46s,306.69,43° 44'' 00''',43.73,Cyg,, , ,,,
Sh2-106,,,Neb,PN,BHN/c,3.0,2000,1.8,4,Detailed bipolar PN with 2 blown out lobes,20h 27m 27s,306.86,37° 22'' 49''',37.38,Cyg,Hourglass Nebula    , , ,,,
Barnard 347,,,Neb,Dark,4,15,u,u,3,"Dark ""hole"" in IC1318 nebula complex - less than 1' wide, extending 10' SW from BD +39 4206 (magnitude 8.8)",20h 28m 28s,307.12,39° 55'' 00''',39.92,Cyg,, ,IC1318,,,
IC 5011,,,Gal,Lent,SB0/z,1.7,100,50,2,Edge-on lenticular bridge connected to nearby elliptical,20h 28m 34s,307.14,-36° 01'' 37''',-36.03,Mic,,IC5013, ,11.7,21.7,
NGC 6922,,,Gal,Spiral,Sc,1.3,260,90,2,Disturbed disk with possible dwarf galaxy to the west of the core,20h 29m 53s,307.47,-02° 11'' 29''',-2.19,Aql,, , ,13.5,22.6,30°
vdB 134,,,Neb,Refl,,10,1280,4.0,1,Faint blue nebulosity is seen but the main attraction is the emission nebula and the soap bubble PN 40' east,20h 30m 00s,307.50,48° 57'' 08''',48.95,Cyg,,LBN 379, ,,,
IC 5020,,,Gal,Lent,S0,3.0,150,130,2,Lenticular with faint outer disk,20h 30m 38s,307.66,-33° 29'' 07''',-33.49,Mic,, , ,13.0,23.0,
vdB 133,,,Neb,Refl,,11,4240,14,3,Nicely textured white reflection nebula,20h 30m 59s,307.75,36° 56'' 05''',36.93,Cyg,,LBN 218, ,,,
NGC 6939,,,Stars,OC,I-1-70,10,5000,15,2,"Open cluster contains 2 linear chains of bright stars, which intersect near cluster center at right angles",20h 31m 30s,307.88,60° 39'' 42''',60.66,Cep,Flying Geese Cluster, ,NGC6946,7.8,,
Abell 70,,,Neb,PN,ERY/hr,1.0,12000,3.5,2,"Visible central star.  HII rim, OIII inner region. Whitish area of outer rim scalloped.  Galaxy seen behind rim at 8 o'clock.",20h 31m 33s,307.89,-07° 05'' 21''',-7.09,Aql,Diamond RIng Nebula (2 of 3), , ,15.0,,
Sh2-102,,,Neb,Em,HII,40,u,u,1,Unimpressive long strip of HII,20h 31m 42s,307.93,30° 36'' 00''',30.60,Cyg,, , ,,,
We 1-10,,,Neb,PN,SBN/t,3.0,u,u,2,Soap bubble like appearance for this PN with unknown distance,20h 31m 54s,307.98,48° 53'' 00''',48.88,Cyg,, , ,,,
UGC 11585,,,Gal,Spiral,S/fg,1.6,270,130,2,Interesting disturbed grand design galaxy,20h 32m 16s,308.07,-02° 14'' 54''',-2.25,Aql,, , ,14.3,,10°
Abell 71,,,Neb,PN,PHY/h,3.0,2400,2.0,2,"Could be PN or HII region. Nebula has spiral shape, with arms seen at the top and bottom. 
",20h 32m 23s,308.10,47° 21'' 04''',47.35,Cyg,,Sh2-116,Sh2-115,15.0,,
NGC 6928,,,Gal,Spiral,SBab/z,1.5,200,90,2,"Trio of galaxies highlighted by NGC6928, with fascinating disk structure, offset core, 2 bright arm extensions and a wide outer disk",20h 32m 50s,308.21,09° 55'' 38''',9.93,Del,, ,"NGC6927,6930",12.2,21.3,80°
NGC 6926,,,Gal,Spiral,SBc/z,2.0,275,150,2,"Seyfert disturbed spiral with strong arm, blue star clouds, and large void just south of core",20h 33m 06s,308.28,-02° 01'' 41''',-2.03,Aql,, , ,14.0,22.2,65°
LDN 1089,,,Neb,Dark,3,60,u,u,2,Beautifully complex molecular cloud in Cepheus,20h 33m 22s,308.34,63° 35'' 56''',63.60,Cep,, , ,,,
Sh2-109,,,Neb,Em,HII,1000,4700,1500,1,The entire Cygnus HII region - 18 degrees in diameter,20h 33m 37s,308.40,40° 20'' 00''',40.33,Cyg,Cygnus Area, , ,,,
Sh2-112,,,Neb,Em,SHO-.1/1/1,15,5500,25,4,Underappreciated narrowband object with interesting dust lanes and nice OIII center,20h 33m 49s,308.45,45° 38'' 00''',45.63,Cyg,Hermit Crab Nebula  , , ,,,
NGC 6934,,,Stars,GC,VIII,8.0,50000,120,2,Moderately dense globular cluster in Delphinus,20h 34m 11s,308.55,07° 24'' 17''',7.40,Del,,Caldwell47, ,8.9,,
NGC 6925,,,Gal,Spiral,Sbc,3.0,100,90,2,Asymmetric disk with bright core and mid-region pseudo-ring,20h 34m 21s,308.59,-31° 58'' 50''',-31.98,Mic,,IC5025, ,11.3,21.9,75°
Barnard 348,,,Neb,Dark,3,60,u,u,0,"Very faint - Narrow, dusky; nearly 1 deg long NE and SW. The southwest end of this dusky lane curves west and then north",20h 34m 26s,308.61,42° 05'' 00''',42.08,Cyg,, , ,,,
NGC 6940,,,Stars,OC,III-2-90,31,2500,23,1,Tough to distinguish this open cluster from the background,20h 34m 26s,308.61,28° 17'' 00''',28.28,Vul,Mothra Cluster  , , ,6.3,,
NGC 6946,,,Gal,Spiral,SBc/kz,11,18,60,4,"Poorly developed bar and confused inner ring, with VV rows. Challenging to image well due to obscuring ISM.",20h 34m 52s,308.72,60° 09'' 14''',60.15,Cyg,Fireworks Galaxy,Caldwell12,NGC 6939,8.8,22.7,35°
Sh2-115,,,Neb,Em,HII,35,7500,80,3,Mostly HII signal - not enough narrowband signal to make an interesting NB image,20h 35m 02s,308.76,47° 02'' 24''',47.04,Cyg,, ,Abell 71,,,
NGC 6949,,,Gal,Spiral,Sc,2.0,125,70,2,"Barred galaxy with arms extending from the faint bar ends, out to over 1 revolution",20h 35m 07s,308.78,64° 48'' 09''',64.80,Cep,, , ,13.8,23.1,20°
vdB 135,,,Neb,Refl,,8.0,3000,7.0,1,Faint orange reflection nebula with streak to north,20h 36m 00s,309.00,32° 27'' 08''',32.45,Cyg,,, ,,,
LBN 0380,,,Neb,Em,HII,150,u,u,3,"Nicknamed the Shock Waves, a series of faint SNR arc fronts",20h 36m 30s,309.13,48° 02'' 40''',48.04,Cyg,The Shock Bows, ,"Sh2-115,Sh2-116",,,
NGC 6951,,,Gal,Spiral,SBbc/kz,4.0,75,90,3,"Barred Seyfert galaxy with nuclear ring, blue star clouds, VV rows, and 3 arms",20h 37m 14s,309.31,66° 06'' 21''',66.11,Cep,,NGC6952, ,10.7,22.2,30°
PGC 0090367,,,Gal,Spiral,S,0.50,500,80,2,"Disturbed spiral with bright arms, star clouds, and plumes",20h 37m 18s,309.33,25° 31'' 36''',25.53,Vir,, , ,,,20°
vdB 136,,,Neb,Refl,,9.0,2840,7.5,3,Striking orange reflection nebula adjacent to a sea of nebulosity,20h 38m 18s,309.58,42° 04'' 20''',42.07,Cyg,Diamond Ring Nebula (3 of 3),, ,,,
Northern Coalsack,,,Neb,Dark,,480,500,70,2,Naked eye dark nebula spanning 8 degrees known since antiquity,20h 40m 00s,310.00,41° 00'' 00''',41.00,Cyg,Northern Coalsack, , ,,,
Kohoutek 4-53,,,Neb,PN,PHN,0.30,u,u,1,"Unusual PN shape, like a tiny Cat's Paw",20h 42m 18s,310.58,37° 24'' 00''',37.40,Cyg,, , ,,,
LBN 0468,,,Neb,Mol Cld,,120,1500,50,4,"Complex network of bright, dark, and reflection nebula, including HH215 and GM3-12",20h 42m 29s,310.62,67° 51'' 00''',67.85,Cep,, ,"LDN1147, 1158",,,
Sh2-107,,,Neb,Em,HII,8.0,6500,16,1,Faint squarish HII patch,20h 42m 37s,310.65,36° 20'' 48''',36.35,Cyg,, , ,,,
Sh2-130,,,Neb,Em,HII,3.0,2000,1.8,0,Very faint HII region behind a blue star,20h 43m 00s,310.75,63° 13'' 00''',63.22,Cep,, , ,,,
IC 5039,,,Gal,Spiral,Sbc,2.7,75,60,2,"Bulgeless disk mottled with star clouds. Poor arm definition,. Nice pair with IC5041",20h 43m 14s,310.81,-29° 51'' 10''',-29.85,Mic,, ,IC 5041,13.0,21.9,75°
IC 5041,,,Gal,Spiral,SBc/z,2.3,110,75,2,"Barred yellow core and blue arms with star clouds, slightly disturbed arms.  Nice pair with IC5039",20h 43m 34s,310.89,-29° 42'' 00''',-29.70,Mic,, ,IC 5039,13.0,22.0,50°
NGC 6956,,,Gal,Trio,,1.7,215,105,2,"Trio of galaxies at similar distance, highlighted by NGC 6956.  All have interesting structures and 2 are disturbed.",20h 43m 54s,310.98,12° 30'' 41''',12.51,Del,, ,"LEDA65281,65293",12.3,22.5,40°
NGC 6985,,,Gal,Spiral,Sa,1.2,200,70,2,"Two overlapping spiral galaxies, yellow and blue.  It is debatable whether the 2 galaxies are interacting.  ",20h 45m 03s,311.26,-11° 06'' 16''',-11.10,Aql,, , ,13.8,22.7,70°
Kohoutek 4-55,,,Neb,PN,BRN,0.50,4500,0.70,3,Beautiful small bipolar PN with point symmetric wings ,20h 45m 12s,311.30,44° 24'' 00''',44.40,Cyg,, , ,16.5,,
PV Cep,,,Stars,YSO,,2.0,1100,0.70,2,YSO which is the source of the GM 1-29 object,20h 45m 53s,311.47,67° 45'' 57''',67.77,Cep,,GM1-29, ,,,
GM 1-29,,,Neb,Refl,,2.0,1100,0.70,2,Reflection nebula changes shape year-to-year,20h 45m 54s,311.48,67° 45'' 57''',67.77,Cep,Gyulbudaghian's Nebula  , , ,,,
HH 215,,,Stars,HH,,2.0,1100,0.60,2,Object shape changes dramatically from year to year.,20h 45m 54s,311.48,67° 45'' 57''',67.77,Cep,Gyulbudaghian's Nebula,GM 1-29, ,,,
NGC 6960,,,Neb,SNR,,75,1500,35,5,Wonderful interplay of OIII and HII SNR filaments.  Bright star 52 Cygni adds to the beauty but is not related to the SNR,20h 45m 58s,311.49,30° 35'' 42''',30.60,Cyg,"Western Veil, Witch's Broom, Finger of God, Lacework Nebula, Filamentary Nebula",Caldwell34, ,,,
NGC 6962 Group,,,Gal,Group ,5,12,180,630,2,"Group of galaxies highlighted by NGC 6962, which appears to be interacting with NGC6964",20h 47m 19s,311.83,00° 19'' 15''',0.32,Aql,, , ,12.1,22.9,35°
Barnard 349,,,Neb,Dark,3,6.0,u,u,2,"Dark nebulosity west of IC 5070 (Pelican Nebula) - Small, curved, dusky; diam. 6'. Elongated north and south",20h 47m 24s,311.85,43° 57'' 00''',43.95,Cyg,, , ,,,
Hickson 087,,,Gal,Group,4,1.5,400,175,2,Galaxy a has an interesting dust lane that appears as a single lane on the right and a triple lane on the left. ,20h 48m 12s,312.05,-19° 50'' 27''',-19.84,Cap,,, ,12.4,21.9,
Barnard 148,,,Neb,Dark,5,5.0,u,u,2,Small nebulosity next to B150 - round; indefinite; diam. 3',20h 48m 18s,312.08,59° 38'' 24''',59.64,Cep,, ,,,,
Barnard 149,,,Neb,Dark,5,2.0,u,u,1,Small nebulosity next to B150 - round; indefinite; diam. 2'. This spot and B 148 each in a larger dusky space.,20h 49m 03s,312.26,59° 32'' 00''',59.53,Cep,, , ,,,
Barnard 350,,,Neb,Dark,6,3.0,u,u,0,"Very faint - Small, round, dusky; diam. 3'; 14' S of BD +45 3291 (magnitude 5.6)",20h 49m 07s,312.28,45° 53'' 00''',45.88,Cyg,, , ,,,
Abell 72,,,Neb,PN,BOY/f,3.0,3700,3.0,3,"OIII-dominated filamentary structure. Oblong nebula, likely a bi-polar PN. Faint galaxy at 6 o'clock.",20h 50m 02s,312.51,13° 33'' 28''',13.56,Del,, , ,13.0,,
Ear Nebula,,,Neb,PN,PRN/fi,6.0,u,u,3,Recently discovered complex faint PN,20h 50m 13s,312.55,46° 55'' 00''',46.92,Cyg,Ear Nebula, Ra 10, ,,,
Pickering's Triangle,,,Neb,SNR,,60,1500,26,4,"Discovered by Williamina Fleming in 1904, this is a beautiful triangular filamentary portion of the Cygnus Loop SNR with strong HII and OIII signal.",20h 50m 28s,312.62,32° 01'' 36''',32.03,Cyg,"Pickering`s Triangle, Fleming's Triangular Wisp", , ,,,
IC 5068,,,Neb,Em,HII,40,1600,20,2,"Faint HII nebula, oddly rectangular, with 3 brighter bands",20h 50m 29s,312.62,42° 28'' 42''',42.48,Cyg,, , ,,,
Barnard 150,,,Neb,Dark,5,60,u,u,4,Famous Seahorse dark nebula,20h 50m 41s,312.67,60° 18'' 00''',60.30,Cep,Seahorse Nebula  ,LDN1082, ,,,
HH 555,,,Stars,HH,,3.0,u,u,2,"One of the most famous HH objects, a bi-polar jet at the tip of the towering trunk seen in the Pelican Nebula (IC5070)",20h 51m 00s,312.75,44° 24'' 06''',44.40,Cyg,, ,IC5070,,,
IC 5070,,,Neb,Em,SHO-.2/1/.1,80,1800,45,5,Showcase bright emission nebula with towering dust trunk and bipolar HH555 jets at tip,20h 51m 01s,312.75,44° 24'' 05''',44.40,Cyg,Pelican Nebula    , ,"HH555,NGC7000",,,
Cygnus Loop,,,Neb,SNR,,180,1500,80,5,"Showcase bright large SNR containing many objects, including the Veil and Witch's Broom ",20h 51m 21s,312.84,31° 10'' 00''',31.17,Cyg,Cygnus Loop, , ,,,
Hickson 088,,,Gal,Group,4,5.2,280,450,2,All 4 galaxies are spirals and are at the same distance.  All of the disks are slight asymmetric and possibly interacting.,20h 52m 23s,313.10,-05° 45'' 29''',-5.76,Aql,,NGC 6978, ,11.3,23.5,
Barnard 351,,,Neb,Dark,0,25,u,u,1,"Faint - Crooked, dusky lane, 3' wide, 25' long NE and SW; 1/2 degree W of BD +46 3111 (magnitude 6.0)",20h 52m 28s,313.12,47° 24'' 00''',47.40,Cyg,, , ,,,
M 072,,,Stars,GC,IX,6.0,50000,86,3,"Second faintest Messier globular cluster, nice density, resolvable core",20h 53m 28s,313.37,-12° 32'' 14''',-12.54,Aql,,NGC 6981, ,9.2,,
NGC 6991,,,Stars,OC,u,10,6000,18,3,"Stunning open star cluster and reflection nebula (IC5076), with dark nebula just west of the reflection nebula",20h 54m 56s,313.73,47° 19'' 18''',47.32,Cyg,,IC5076, ,,,
IC 5076,,,Neb,Refl,,9.0,6000,16,2,Small blue reflection nebula with adjacent star cluster and dust cloud,20h 55m 33s,313.89,47° 23'' 42''',47.40,Cyg,, ,NGC6991,,,
vdB 137,,,Neb,Refl,,9.0,8000,20,3,Bright blue nebula adjacent to drak nebula and part of star cluster,20h 55m 50s,313.96,47° 25'' 09''',47.42,Cyg,,IC5076,IC5076,,,
NGC 6992,,,Neb,SNR,,90,1500,40,4,Magnificent SNR filamentary object on east side of Cygnus Loop,20h 56m 19s,314.08,31° 44'' 36''',31.74,Cyg,Eastern Veil Nebula,Caldwell33,NGC6995,,,
Abell 73,,,Neb,PN,ERY/q,1.4,6000,2.4,2,"HII rim and OIII inner section. PN distorted.  2 point-symmetric lobes of HII.  Very faint progenitor. 

",20h 56m 26s,314.11,57° 25'' 56''',57.43,Cep,, , ,17.0,,
vdB 138,,,Neb,Refl,,4.0,2000,2.4,1,Faint blue reflection nebula with tail towards the southwest,20h 57m 00s,314.25,48° 17'' 08''',48.29,Cyg,,LBN 403, ,,,
NGC 6995,,,Neb,SNR,,50,1500,22,3,"Portion of easter Cygnus Loop, just below NGC 6992",20h 57m 10s,314.29,31° 14'' 06''',31.24,Cyg,Bat Nebula,IC1340,NGC6992,,,
Barnard 352,,,Neb,Dark,5,22,u,u,2,"Not very dark, shows up nicely in bright star field. - Large; black; diam. 22'; sharply defined on SE side",20h 57m 11s,314.30,45° 54'' 00''',45.90,Cyg,, , ,,,
Barnard 353,,,Neb,Dark,0,23,u,u,2,Faint dark nebula surrounding the lovely NGC 6996 cluster - Definite; dusky; 12' N and S; 6' wide,20h 57m 23s,314.35,45° 29'' 00''',45.48,Cyg,Bird's Nest Nebula, ,NGC 6996,,,
ZW II 96,,,Gal,Merger,III,0.50,500,75,2,Merging galaxies with 2 cores & opposing tails. The most extreme starburst region in the sky (besides galaxy core),20h 57m 25s,314.35,17° 07'' 38''',17.13,Del,, , ,,,
LBN 0552,,,Neb,Mol Cld,,120,600,20,3,Dramatic ghostly shapes with small orange reflection nebula,20h 57m 40s,314.42,78° 36'' 36''',78.61,Cep,, ,with LBN 550,,,
Barnard 354,,,Neb,Dark,2,60,u,u,0,Very faint - Dusky; irregular; 1 degree NE and SW,20h 58m 14s,314.56,58° 09'' 00''',58.15,Cep,, , ,,,
Barnard 144,,,Neb,Dark,1,360,u,u,2,"Large dark area northeast of Sh2-101 - 6 x 3 degrees, NE and SW; rather definite at NE end; diffused to the SE",20h 58m 42s,314.68,35° 20'' 00''',35.33,Cyg,, , ,,,
M 073,,,Stars,Stars,,3.0,2200,2.0,1,Unimpressive Messier object of a 4 star asterism,20h 58m 56s,314.73,-12° 38'' 07''',-12.64,Aql,,NGC 6994, ,8.9,,
NGC 7000,,,Neb,Em,SHO-.2/1/.1,120,1500,55,4,"Large emission nebula resembling North America.  Highlighted by The Wall, sculpted by radiation from region's massive stars.",20h 59m 17s,314.82,44° 31'' 00''',44.52,Cyg,North America Nebula    ,Caldwell20, ,5.0,,
Barnard 355,,,Neb,Dark,0,5.0,u,u,2,Bird shaped dark nebulosity close to NGC 7000  - Dark; definite; 5' E and W,20h 59m 38s,314.91,43° 11'' 00''',43.18,Cyg,, , ,,,
Barnard 357,,,Neb,Dark,5,30,u,u,1,Faint - Irregular; dusky; diam. 30; BD +55 2495 (magnitude 7.9) in NW edge; BD +54 2455 (magnitude 9.0) near center,20h 59m 52s,314.97,55° 34'' 00''',55.57,Cep,, , ,,,
Barnard 356,,,Neb,Dark,5,24,u,u,1,Faint with some good detail - Irregular; dusky; diam. 24; BD +46 3141 (mag 7.6) on SE border,20h 59m 59s,315.00,46° 41'' 00''',46.68,Cyg,, , ,,,
NGC 7008,,,Neb,PN,PBY,1.8,3000,1.5,4,"Despite its nickname, this PN is in its final stage of life.  Many of the ""stars"" seen here are actually bright condensations",21h 00m 33s,315.14,54° 32'' 35''',54.54,Cyg,Fetus Nebula, , ,12.0,,
V1331 Cyg,,,Stars,YSO,,1.0,2000,0.60,2,YSO emitting a lovely arc-shaped white reflection nebula,21h 01m 08s,315.28,50° 21'' 46''',50.36,Cyg,,LkHa120,,,,
LkHa 120,,,Neb,Refl,,1.5,2000,0.90,2,Small reflection nebula in dust cloud surrounding a young star ,21h 01m 09s,315.29,50° 21'' 46''',50.36,Cyg,, , ,,,
NGC 7006,,,Stars,GC,I,2.8,130000,110,3,"Older concentrated globular cluster containing 250,000 stars and located in our galaxy's outer halo.",21h 01m 29s,315.37,16° 11'' 15''',16.19,Del,,Caldwell42, ,10.6,,
NGC 7023,,,Neb,Refl,,20,1400,8.0,5,Spectacular blue-purple reflection nebula with windows to the background sky and lovely white arcs in the center,21h 01m 36s,315.40,68° 10'' 10''',68.17,Cep,Iris Nebula    ,Caldwell4, ,,,
Egg Nebula,,,Neb,PPN,j,0.50,3000,0.45,4,The 1st preplanetary nebula to be identified.  4 jets emanate from the progenitor star.,21h 02m 18s,315.58,36° 42'' 00''',36.70,Cyg,Egg Nebula (2 of 2), CRL2688, ,,,
Sh2-120,,,Neb,Em,HII,1.0,21000,6.0,0,Tiny HII spot,21h 03m 00s,315.75,49° 52'' 00''',49.87,Cyg,, , ,,,
NGC 7013,,,Gal,Spiral,Sa/r,4.4,34,45,3,"Spiral with mid-region ring and diffuse, lenticular-like outer disk",21h 03m 33s,315.89,29° 53'' 49''',29.90,Cyg,, , ,11.3,22.0,80°
V1982 Cyg,,,Stars,YSO,,2.0,2000,1.3,2,YSO emitting an asymmetric white reflection nebula,21h 03m 53s,315.97,50° 15'' 10''',50.25,Cyg,,Gyul98-171,,,,
Gyulbudaghian 98-171,,,Neb,Refl,,2.0,2000,1.1,2,Tiny cometary nebula surrounding the star V1982 Cyg,21h 03m 54s,315.98,50° 15'' 10''',50.25,Cyg,, , ,,,
NGC 7009,,,Neb,PN,BOY/y,0.70,4500,1.0,4,Small Saturn-like OIII PN with red ansae ,21h 04m 11s,316.05,-11° 21'' 50''',-11.36,Aql,Saturn Nebula  ,Caldwell, ,12.0,,
Sh2-121,,,Neb,Em,HII,2.0,15000,9.0,0,Small HII spot,21h 05m 30s,316.38,49° 39'' 00''',49.65,Cyg,, , ,,,
Barnard 358,,,Neb,Dark,0,20,u,u,1,Faint and interesting structure - Diam. 20'; diffuses to NE; a curve of stars along N edge,21h 05m 41s,316.42,43° 17'' 00''',43.28,Cyg,, , ,,,
NGC 7026,,,Neb,PN,MRY/f,0.70,10000,2.0,4,Excellent multipolar PN with intact lobes and faint progenitor,21h 06m 19s,316.58,47° 51'' 08''',47.85,Cyg,"Cheeseburger Nebula, Burnham's Nebula", , ,15.0,,
Barnard 359,,,Neb,Dark,5,20,u,u,0,Very faint - Narrow; dusky; 20' long NE and SW; BD +56 2527 (magnitude 8.7) about 7' W of SW end.,21h 06m 47s,316.70,57° 10'' 00''',57.17,Cep,, , ,,,
NGC 7027,,,Neb,PN,PBN,0.25,3000,0.22,2,Small young PN with peculiar shape,21h 07m 02s,316.76,42° 14'' 10''',42.24,Cyg,Magic Carpet Nebula    , , ,8.5,,
NGC 7025,,,Gal,Spiral,Sa,2.0,220,140,2,"One of the few Delphinus galaxies, highlighted by 3 dust bands outside of the core area.  Toadstool Asterism adjacent",21h 07m 47s,316.95,16° 20'' 08''',16.34,Del,, ,Toadstool Asterism,12.8,22.5,55°
Toadstool,,,Stars,OC,II-1-16-a,20,u,u,2,Toadstool shape just west of galaxy NGC7025,21h 07m 47s,316.95,16° 20'' 08''',16.34,Del,Toadstool  Asterism, , ,12.8,22.5,
Barnard 360,,,Neb,Dark,5,54,u,u,0,"Very faint - Irregular, dark marking. This, together with dusky space in which B 151 is located, forms zigzag 54' long.",21h 07m 53s,316.97,56° 30'' 00''',56.50,Cep,, , ,,,
Barnard 151,,,Neb,Dark,5,1.0,u,u,1,Faint and small - diam. 1 degree; about 14' N of BD +55 2529 (magnitude 7.5),21h 08m 14s,317.06,56° 19'' 00''',56.32,Cep,, , ,,,
We 1-11,,,Neb,PN,EHN/r,0.40,u,u,1,Elliptical HII PN of unknown distance,21h 10m 54s,317.73,50° 30'' 00''',50.50,Cyg,, , ,,,
OU 4,,,Neb,Em,O,60,3400,60,5,"Beautiful unusual OIII-dominated multipolar emission nebula, discovered in 2011",21h 11m 47s,317.95,59° 57'' 01''',59.95,Cep,"Squid,Flying Bat Nebula", , ,,,
IC 1369,,,Stars,OC,I-1-40,5.0,12000,18,2,"Moderate open cluster, doesn't stand out from background",21h 12m 09s,318.04,47° 46'' 06''',47.77,Cyg,, , ,8.8,,
Barnard 361,,,Neb,Dark,4,20,u,u,2,Circular with trailing lane - Round; diam. 20'; irreg. extension to W for 1/2 degree,21h 12m 46s,318.19,47° 26'' 00''',47.43,Cyg,, , ,,,
NGC 7044,,,Stars,OC,II-2-300,6.0,11000,20,2,Older yellow open cluster with linear-like patterns of its many stars,21h 13m 09s,318.29,42° 29'' 46''',42.50,Cyg,, , ,12.0,,
NGC 7042,,,Gal,Spiral,Sb,1.7,230,120,2,"Disturbed disk with numerous arm fragments, including VV rows",21h 13m 46s,318.44,13° 34'' 24''',13.57,Peg,, ,NGC7043,12.0,22.1,40°
Sh1-089,,,Neb,PN,BRN/c,3.0,6400,6.0,3,Bipolar PN with some lobe breakout,21h 14m 06s,318.53,47° 46'' 00''',47.77,Cyg,, , ,,,
NGC 7048,,,Neb,PN,BRY/c,1.0,5000,1.5,4,"Bipolar PN, HII rim and OIII interior, with lobe breakout starting and faint progenitor visible",21h 14m 15s,318.56,46° 17'' 18''',46.29,Cyg,"Disk Ghost Nebula, Peek-a-Boo Nebula", , ,12.1,,
Barnard 152,,,Neb,Dark,5,15,u,u,1,Faint - Small; 15'x3' SE and NW,21h 14m 30s,318.63,61° 44'' 00''',61.73,Cep,, , ,,,
IC 1370 Chain,,,Gal,Chain,5,4.0,700,800,2,Small line-of-sight chain of 5 galaxies,21h 15m 14s,318.81,02° 11'' 31''',2.19,Aql,, , ,14.6,21.0,
vdB 141,,,Neb,Refl,,8.0,1010,2.4,4,Stunning white ghostly reflection nebula,21h 16m 27s,319.11,68° 15'' 52''',68.26,Cep,Ghost Nebula  ,Sh2-136, ,,,
Abell 74,,,Neb,PN,ARY/r,9.0,2200,5.7,2,Faint progenitor star.  HII rim with OII inner section.  Large PN size.,21h 16m 52s,319.22,24° 08'' 51''',24.15,Vul,, , ,16.0,,
vdB 140,,,Neb,Refl,,20,2620,15,2,Attractive faint blue-purple reflection nebula,21h 17m 20s,319.33,58° 35'' 22''',58.59,Cep,,LBN 446, ,,,
We 2-245,,,Neb,PN,PHN,1.2,u,u,1,Very faint HII complex PN of unknown distance,21h 18m 06s,319.53,43° 30'' 00''',43.50,Cyg,, , ,,,
Sh2-119,,,Neb,Em,SS-.25/1/.10,120,1800,60,3,Thick ring of HII nebulosity (Stromgren sphere) around OIII region,21h 18m 30s,319.63,43° 56'' 00''',43.93,Cyg,, , ,,,
MWP 1,,,Neb,PN,AOY/c,13,4500,17,2,Huge ancient PN with OIII-dominated signal and faint lobe arcs,21h 19m 00s,319.75,34° 24'' 00''',34.40,Cyg,, , ,12.3,,
Sh2-110,,,Neb,Em,HII,80,u,u,0,Very faint HII nebulosity,21h 19m 37s,319.90,32° 21'' 00''',32.35,Cyg,, , ,,,
NGC 7051,,,Gal,Spiral,Sa/gr,1.1,120,40,2,Small grand design spiral with bright asymmetric ring/bar,21h 19m 51s,319.96,-08° 47'' 00''',-8.78,Aqr,, , ,13.0,22.2,45°
Hickson 089,,,Gal,Group,4,4.8,410,600,2,All 4 galaxies are spirals and all are at the same distance.,21h 20m 11s,320.05,-03° 54'' 33''',-3.91,Aql,,, ,13.7,25.7,
Sh2-113,,,Neb,Em,HII,60,13000,240,2,"Irregular HII region next to, and part of Sh2-114",21h 20m 48s,320.20,38° 05'' 00''',38.08,Cyg,, ,Sh2-114,,,
Barnard 153,,,Neb,Dark,0,8.0,u,u,1,Faint - Black; irregular; diam. 1 degree; 5' S of BD +55 2565 (magnitude 7.4),21h 21m 03s,320.26,56° 27'' 00''',56.45,Cep,, , ,,,
Sh2-114,,,Neb,Em,HII,60,13000,240,4,Long wispy HII filaments suggesting a SNR but no such object has been identified here.,21h 21m 12s,320.30,38° 42'' 00''',38.70,Cyg,Flying Dragon Nebula, ,Kn26,,,
Barnard 154,,,Neb,Dark,5,8.0,u,u,1,Faint - Narrow; 8' long NE and SW; BD +55 2565 (magnitude 7.4) at the S end,21h 21m 23s,320.35,56° 37'' 00''',56.62,Cep,, , ,,,
NGC 7062,,,Stars,OC,III-1-40,6.0,6700,12,2,Star shaped open cluster in Cygnus,21h 23m 12s,320.80,46° 23'' 00''',46.38,Cyg,, , ,8.3,,
Barnard 362,,,Neb,Dark,5,15,u,u,1,Faint - Elongated; 15' NE and SW; BD +49 3517 (magnitude 9.0) on NE edge,21h 23m 58s,320.99,50° 12'' 00''',50.20,Cep,, , ,,,
NGC 7063,,,Stars,OC,III-2-20-a,9.0,2300,6.0,2,Mix of bright blue and yellow stars form a pleasing umbrella shape,21h 24m 21s,321.09,36° 29'' 12''',36.49,Cyg,Umbrella Cluster, , ,7.0,,
Barnard 363,,,Neb,Dark,3,40,u,u,1,Faint - Irregular; dusky; 40' long NE and SW; BD +48 3390 (magnitude 5.5) 7' plus or minus E of SE side,21h 24m 54s,321.23,48° 56'' 00''',48.93,Cep,, , ,,,
Abell 75,,,Neb,PN,EOY,1.0,6000,1.7,2,"Progenitor star visible. Nebula squashed due to impact from ISM, which has affected the inner bright torus. ",21h 26m 24s,321.60,62° 53'' 28''',62.89,Cep,,NGC 7076, ,15.0,,
Sh2-133,,,Neb,Em,HII,40,2600,32,0,Very faint HII region,21h 27m 00s,321.75,64° 04'' 00''',64.07,Cep,, , ,,,
Sh2-127,,,Neb,Em,HII,2.0,32000,20,1,One of the more distant HII regions,21h 28m 00s,322.00,54° 37'' 00''',54.62,Cep,, , ,,,
M 015,,,Stars,GC,IV,12,34000,120,3,"Distant, relative compact globular cluster with a dense core.",21h 29m 58s,322.49,12° 10'' 02''',12.17,Peg,Great Pegasus Cluster  ,NGC 7078, ,6.3,,
NGC 7080,,,Gal,Spiral,SBb/arkz,2.0,230,130,2,"Long bar with ansae pair.  Pseudo-ring circles the inner region, with VV rows in the outer region",21h 30m 02s,322.51,26° 43'' 04''',26.72,Vul,, , ,12.3,22.3,25°
NGC 7086,,,Stars,OC,II-2-60,8.0,5700,14,2,Squarish open cluster with good variety of colorful stars,21h 30m 30s,322.63,51° 35'' 00''',51.58,Cyg,, , ,8.4,,
NGC 7081,,,Gal,Spiral,Sb,1.0,130,40,1,Small disturbed disk with 3 arms and several bright star clouds,21h 31m 24s,322.85,02° 29'' 27''',2.49,Aql,, , ,12.7,22.0,30°
M 039,,,Stars,OC,III-2-40,60,1000,18,2,Sparse cluster of 40 stars and one of the nearest Messier objects to earth.,21h 31m 42s,322.93,48° 25'' 00''',48.42,Cyg,,NGC 7092, ,4.6,,
Barnard 155,,,Neb,Dark,3,13,u,u,0,Very faint - Round; diam. 13'; indefinite; four small stars in a line crossing it E and W,21h 32m 08s,323.03,44° 58'' 00''',44.97,Cyg,, , ,,,
Abell 77,,,Neb,PN,PHY,1.4,30000,12,3,"Nice HII structure, but not likely a PN - too big in diameter (12 ly) and edges are unlike a PN. ",21h 32m 11s,323.05,55° 52'' 46''',55.88,Cep,,Sh2-128, ,14.0,,
Hu 1-2,,,Neb,PN,PON/y,0.50,9000,1.4,3,Beautiful small complex blue PN,21h 33m 06s,323.28,39° 38'' 00''',39.63,Cyg,Baby Dumbbell Nebula, , ,12.0,,
M 002,,,Stars,GC,II,13,40000,150,4,"One of the largest globulars, with am overall shape that is more elliptical than usual, concentrated",21h 33m 27s,323.36,-00° 49'' 23''',-0.82,Aql,,NGC 7089, ,6.6,,
Barnard 157,,,Neb,Dark,4,5.0,u,u,1,Faint - Round; diam. 5'; 8' plus or minus W of BD +54 2576 (mag 8.3); a semicircle of faint stars forms western border,21h 33m 41s,323.42,54° 40'' 00''',54.67,Cep,, , ,,,
Barnard 156,,,Neb,Dark,3,8.0,u,u,0,Very faint nebula near bright orange star - Diam. 8'; sharp pointed to N; BD +44 3865 (magnitude 4.1) in center,21h 33m 59s,323.50,45° 35'' 00''',45.58,Cyg,, , ,,,
Barnard 364,,,Neb,Dark,5,75,u,u,1,Faint - Region of many small dark lanes; diam. 1 1/4 degree,21h 34m 04s,323.52,54° 33'' 00''',54.55,Cep,, , ,,,
Barnard 365,,,Neb,Dark,4,22,u,u,2,Part of the IC1396 emission complex - Dark S-shaped object; 22' long N and S; BD +55 2604 (mag 9.0) near SW end,21h 34m 53s,323.72,56° 43'' 00''',56.72,Cep,, ,IC 1396,,,
Abell 78,,,Neb,PN,PRY/f,2.0,2300,1.3,3,"Odd structure - appears to be two major gas ejections, resulting in bright knots and filaments. Central star. ",21h 35m 29s,323.87,31° 41'' 45''',31.70,Cyg,, , ,13.0,,
vdB 142,,,Neb,Refl,,1.2,3050,1.0,3,Small blue reflection nebula in the head of the Elephant Trunk,21h 36m 40s,324.17,57° 30'' 00''',57.50,Cep,,IC1396, ,,,
NGC 7094,,,Neb,PN,EOY/f,1.8,5400,2.8,3,OIII PN with filaments and bright blue progenitor,21h 36m 53s,324.22,12° 47'' 19''',13.30,Peg,,K 1-19, ,13.4,,
vdB 143,,,Neb,Refl,,9.6,3000,8.0,2,Wonderfully textured blue reflection nebula,21h 36m 57s,324.24,68° 11'' 08''',68.19,Cep,,LBN 504, ,,,
Minkowski 1-79,,,Neb,PN,MRN/c,0.80,8600,2.0,3,Multipolar PN with burst out lobes and strong ISM influence,21h 37m 02s,324.26,48° 56'' 06''',48.94,Cyg,, , ,13.0,,
Barnard 158,,,Neb,Dark,5,3.0,u,u,1,Faint - Dark spot; diam. 3'; similar to those in the region of B 159. Some others N and W of this,21h 37m 13s,324.30,43° 24'' 00''',43.40,Cyg,, , ,,,
Sh2-118,,,Neb,Em,HII,360,13000,1400,1,"One of largest HII regions, poor definition",21h 37m 30s,324.38,40° 12'' 00''',40.20,Cyg,, , ,,,
Barnard 160,,,Neb,Dark,4,31,u,u,2,"Complex dark nebula structure - Large, irregular; diam. 31' NE and SW",21h 37m 59s,324.50,56° 14'' 00''',56.23,Cep,, , ,,,
Sh2-124,,,Neb,Em,HII,20,13000,75,2,Round HII region with numerous dark dust lanes,21h 38m 17s,324.57,50° 19'' 48''',50.33,Cyg,, , ,,,
Barnard 159,,,Neb,Dark,5,25,u,u,1,Faint - Irregular partially vacant region; diam. 25',21h 38m 22s,324.59,43° 14'' 00''',43.23,Cyg,, , ,,,
IC 1396,,,Neb,Em,SHO-.2/1/.2,120,3000,110,5,Beautiful emission nebula and star cluster.  Main trunk is 20 ly long.  Nice narrowband target,21h 38m 58s,324.74,57° 29'' 21''',57.49,Cep,Elephant Trunk Nebula, , ,,,
NGC 7102,,,Gal,Spiral,SBb/kz,1.7,225,120,2,Asymmetric disk with VV rows and star clouds,21h 39m 45s,324.94,06° 17'' 10''',6.29,Peg,, , ,13.5,22.9,50°
G100.4+04.6,,,Neb,PN,PRY/y,1.0,u,u,3,Multi-polar PN with HII outflows.,21h 40m 00s,325.00,58° 59'' 00''',58.98,Cep,,"PM 1-333, LBN 325", ,,,
Barnard 161,,,Neb,Dark,6,3.0,u,u,2,"Winding dark nebula near IC1396 - head sharp and black, 3' across. Extends north for 3', then widens out into 13' tail",21h 40m 22s,325.09,57° 49'' 00''',57.82,Cep,, , ,,,
Barnard 366,,,Neb,Dark,3,10,u,u,1,Faint - Roundish; dusky; diam. 10'; 12' S of BD +59 2409 (magnitude 6.9); two small stars on N border,21h 40m 22s,325.09,59° 34'' 00''',59.57,Cep,, , ,,,
M 030,,,Stars,GC,V,11,23000,75,3,Typical Messier globular cluster nicknamed the Jellyfish,21h 40m 22s,325.09,-23° 10'' 45''',-23.18,Cap,Jellyfish Cluster  ,NGC 7099, ,7.1,,
Sh2-111,,,Neb,Em,HII,24,u,u,0,Extremely dim arc of HII,21h 40m 37s,325.15,30° 15'' 00''',30.25,Cyg,, , ,,,
vdB 144,,,Neb,Refl,,3.4,810,0.80,2,Faint orange reflection nebula with slight tail to southeast,21h 40m 44s,325.18,54° 52'' 41''',54.88,Cyg,,, ,,,
Barnard 162,,,Neb,Dark,4,13,u,u,2,Small arc-like dark nebula - 13' N and S; a curve of small stars on the SW end.,21h 41m 09s,325.29,56° 19'' 00''',56.32,Cep,, , ,,,
Barnard 163,,,Neb,Dark,4,3.0,u,u,2,Small dark structure near IC1396; pointed to the S; two dark streams running from this to the N,21h 42m 10s,325.54,56° 42'' 00''',56.70,Cep,, , ,,,
Sh2-123,,,Neb,Em,HII,15,13000,60,0,Medium size dim HII region,21h 42m 18s,325.58,44° 32'' 00''',44.53,Cyg,, , ,,,
vdB 146,,,Neb,Refl,,7.0,1450,3.0,3,Blue reflection nebula in a sea of blue and orange colorful stars and nebulae,21h 42m 50s,325.71,66° 06'' 43''',66.11,Cep,,NGC 7129,NGC7129,,,
NGC 7129,,,Neb,Refl,,9.0,3300,9.0,3,Multi-hued reflection nebula surrounding cluster of 100 stars,21h 42m 59s,325.75,66° 06'' 48''',66.11,Cep,Cosmic Rosebud Nebula, , ,,,
vdB 145,,,Neb,Refl,,3.0,2480,2.0,1,Small faint white nebula,21h 43m 00s,325.75,48° 53'' 08''',48.89,Cyg,,, ,,,
NGC 7127,,,Stars,OC,IV-1-20,5.0,4700,7.0,2,"Open cluster with unusual pair of concentrations, with none in the center.  Likely 2 separate smaller clusters",21h 43m 41s,325.92,54° 36'' 54''',54.62,Cyg,, ,vdB144,,,
NGC 7128,,,Stars,OC,II-3-30,2.0,7500,4.5,3,"Tight colorful open cluster, highlighted by 3 orange supergiants",21h 44m 00s,326.00,53° 43'' 00''',53.72,Cyg,, , ,9.7,,
NGC 7098,,,Gal,Spiral,SBa/z,5.0,110,150,4,"Barred ring spiral galaxy, nice color contrast",21h 44m 18s,326.08,-75° 07'' 00''',-75.12,Oct,, , ,11.3,22.6,70°
Barnard 367,,,Neb,Dark,5,5.0,u,u,2,Small dark nebula near IC1396 - Small; dark; 5' NW and SE; about 5' NW of BD +56 2635 (magnitude 9.5),21h 44m 24s,326.10,57° 10'' 00''',57.17,Cep,, , ,,,
NGC 7142,,,Stars,OC,II-2-150,14,8000,34,1,"Open cluster in Cepheus, just southeast of NGC7129",21h 45m 54s,326.48,65° 48'' 00''',65.80,Cep,, ,NGC7129,9.3,,
NGC 7139,,,Neb,PN,ERN/h,1.0,4000,1.3,2,Hexagon shaped elliptical PN,21h 46m 09s,326.54,63° 47'' 30''',63.79,Cep,, , ,13.3,,
Barnard 164,,,Neb,Dark,5,20,u,u,1,Faint - V-shaped vacancy; 20' N and S,21h 46m 31s,326.63,51° 05'' 00''',51.08,Cep,, , ,,,
Palomar 12,,,Stars,GC,XII,3.0,60000,50,2,Faint extragalactic globular cluster,21h 46m 36s,326.65,-21° 15'' 00''',-21.25,Cap,, , ,12.0,,
NGC 7132,,,Gal,Spiral,Sc,1.0,381,110,2,"2 strong arms which extend out for 360 degrees, with VV rows.  Bottom 1/3 of disk is mysteriously faint",21h 47m 17s,326.82,10° 14'' 24''',10.24,Peg,, , ,14.2,22.7,45°
NGC 7137,,,Gal,Spiral,SBc/fkz,1.1,90,30,2,3 armed galaxy with VV rows,21h 48m 13s,327.05,22° 09'' 35''',22.16,Peg,, , ,12.4,22.1,10°
NGC 7130,,,Gal,Merger,V,1.0,230,70,2,"Likely merger object, with complex arm fragments and star streams",21h 48m 19s,327.08,-34° 57'' 10''',-34.95,PsA,, , ,12.1,21.8,
Barnard 165,,,Neb,Dark,5,18,u,u,1,"Faint - Length E and W 18', width 1'; BD +59 2424 (magnitude 7.8) near the E end",21h 48m 56s,327.23,60° 13'' 00''',60.22,Cep,, , ,,,
NGC 7135,,,Gal,Ellip,E0,2.0,120,70,2,"Disturbed face-on elliptical, likely a merger object with several linear star stream extensions",21h 49m 46s,327.44,-34° 52'' 35''',-34.88,PsA,Comet Galaxy, , ,13.3,22.4,
Barnard 368,,,Neb,Dark,5,14,u,u,1,"Faint - Dusky spot, 14' long NE and SW; a row of small stars in it; about 4' SW of BD +58 2340 (magnitude 9.0)",21h 50m 55s,327.73,58° 59'' 00''',58.98,Cep,, , ,,,
Barnard 166,,,Neb,Dark,5,5.0,u,u,1,Faint - Round; diam 5'; small star on SW edge,21h 51m 05s,327.77,60° 05'' 00''',60.08,Cep,, , ,,,
Barnard 167,,,Neb,Dark,5,5.0,u,u,1,Faint - Small; irregularly round; diam 5'; about 7' N of BD +59 2427 (magnitude 7.7),21h 51m 58s,327.99,60° 04'' 00''',60.07,Cep,, , ,,,
NGC 7147 Group,,,Gal,Group,6,7.0,400,800,2,"6 galaxy group in Pegasus, all spirals including 2 bright barlenses.",21h 51m 58s,327.99,03° 04'' 18''',3.07,Peg,, , ,13.5,22.2,
vdB 147,,,Neb,Refl,,1.8,2500,1.3,3,Small faint blue reflection nebula 10' west of Cocoon Nebula (IC5146),21h 52m 34s,328.14,47° 13'' 32''',47.23,Cyg,,,IC5146,,,
Barnard 168,,,Neb,Dark,4,10,u,u,3,Beautiful long dark nebula leading to IC5146 - This nebula is 10' in diameter with over a dozen stars in it. ,21h 53m 20s,328.33,47° 16'' 00''',47.27,Cyg,, ,IC5146,,,
IC 5146,,,Neb,Em,HII,10,4000,12,4,Bright circular HII region with dark lanes and long dust trail,21h 53m 29s,328.37,47° 16'' 01''',47.27,Cyg,Cocoon Nebula,Caldwell19,Barnard168,,,
NGC 7160,,,Stars,OC,II-3-60-a,7.0,2500,5.0,3,Nice mix of stars in interesting wedge shape,21h 53m 40s,328.42,62° 36'' 12''',62.60,Cep,"Swimming Alligator Cluster, Bruce Lee Cluster  ", , ,6.1,,
NGC 7156,,,Gal,Spiral,SBc/fgz,1.3,185,70,2,Small barred grand design spiral with blue star clouds and possible companions,21h 54m 34s,328.64,02° 56'' 30''',2.94,Peg,, , ,12.5,22.2,5°
LBN 0569,,,Neb,Mol Cld,,120,u,u,1,Faint molecular cloud in Cepheus,21h 54m 45s,328.69,80° 23'' 12''',80.39,Cep,, ,,,,
NGC 7154,,,Gal,Mag,,1.7,120,60,2,Large Magellanic galaxy in Piscis Austrinus,21h 55m 21s,328.84,-34° 48'' 48''',-34.81,PsA,, , ,12.4,22.5,
Sh2-137,,,Neb,Em,HII,50,2300,34,0,Very dim HII region,21h 58m 00s,329.50,64° 42'' 00''',64.70,Cep,, , ,,,
Barnard 170,,,Neb,Dark,4,30,u,u,1,"Small patch of dark nebulosity north of B169 - Irregular black strip 26' long NE and SW, 4' wide. ",21h 58m 03s,329.51,58° 58'' 00''',58.97,Cep,, , ,,,
IC 1413,,,Gal,Spiral,S,0.80,250,60,2,"Bright edge-on spiral, also called PGC 1076468, in a group of unrelated galaxies.",21h 58m 27s,329.61,-03° 06'' 11''',-3.10,Aql,, , ,15.7,22.6,
Barnard 169,,,Neb,Dark,3,60,u,u,2,Pleasing field of 4 dark nebulae,21h 58m 53s,329.72,58° 46'' 00''',58.77,Cep,, ,,,,
IC 5148,,,Neb,PN,ECY/r,2.0,3000,1.8,4,Beautiful textured white circular ring with progenitor,21h 59m 35s,329.90,-39° 23'' 09''',-39.39,Gru,Spare Tire Nebula  , , ,11.0,,
NGC 7177,,,Gal,Spiral,SBb/z,2.0,80,50,2,Barred spiral ring galaxy with flocculent outer disk and interesting dust lane on left side of core,22h 00m 41s,330.17,17° 44'' 16''',17.74,Peg,, , ,11.2,21.9,50°
UGC 11871,,,Gal,Merger,IV/j,1.5,370,160,2,Merger remnant with single core and looping tail,22h 00m 42s,330.18,10° 32'' 59''',10.55,Peg,, , ,14.0,,
NGC 7171,,,Gal,Spiral,SBb/gz,2.0,140,85,2,Disturbed barred grand spiral in Aquila,22h 01m 02s,330.26,-13° 16'' 10''',-13.27,Aql,, , ,12.2,22.4,60°
Barnard 171,,,Neb,Dark,5,60,u,u,1,"Dark nebula to east of B169 - Irregular, broken region; diam. 19'; at the E end of the ""island"" of small stars.",22h 01m 18s,330.33,58° 52'' 00''',58.87,Cep,, , ,,,
PGC 0067860,,,Gal,Spiral,S,1.0,400,120,2,"Voorwerp object, the only type of DSO object to have a green tint",22h 01m 42s,330.43,11° 51'' 24''',11.86,Peg,, , ,,,65°
PGC 0067880,,,Gal,Spiral,S/gk,1.3,200,80,2,"Fascinating blue barred grand design spiral, with star clouds, VV rows, and pseudo-ring ",22h 02m 05s,330.52,-32° 52'' 56''',-32.88,PsA,, ,NGC7187,,,40°
Hickson 090,,,Gal,Group,4,7.4,120,280,2,The brightest Hickson group. All galaxies are at the same distance.,22h 02m 09s,330.54,-31° 59'' 25''',-31.99,PsA,,NGC 7176, ,9.1,22.1,
NGC 7183,,,Gal,Lent,S/d,2.5,120,90,2,Edge-on spiral with strong dust lanes that envelop core,22h 02m 32s,330.63,-18° 55'' 00''',-18.92,Aql,, , ,12.0,22.3,86°
NGC 7184,,,Gal,Spiral,SBc/rz,6.0,100,175,3,Barred spiral galaxy with bright inner ring,22h 02m 40s,330.67,-20° 48'' 46''',-20.81,Aql,, , ,10.9,22.0,80°
IC 5156,,,Gal,Spiral,S/r,2.5,120,90,2,Mid-region ring surrounds core and fragmented arms extend out chaotically.  Nice pair with PGC67907,22h 02m 41s,330.67,-33° 48'' 12''',-33.80,PsA,, ,PGC67907,12.2,21.6,80°
NGC 7187,,,Gal,Lent,S0/o,2.3,125,90,2,Yellow face-on double ringed lenticular galaxy,22h 02m 44s,330.68,-32° 48'' 12''',-32.80,PsA,, ,LEDA67880,12.5,21.9,
NGC 7209,,,Stars,OC,III-1-50,40,3300,40,2,Oblong cluster that does not differentiate well from the background at the edges,22h 05m 07s,331.28,46° 29'' 00''',46.48,Lac,, , ,7.7,,
UGC 11905,,,Gal,Merger,IV/ju,0.50,350,50,1,Late stage merger with single coalesced core and extended star streams,22h 05m 55s,331.48,20° 38'' 22''',20.64,Peg,, , ,14.5,,
Arp 325,,,Gal,Chain,6,2.0,600,340,2,ARP: CHAINS - Short chain of distant ellipticals,22h 06m 23s,331.60,-21° 05'' 00''',-21.08,Aql,, , ,14.5,,
NGC 7204,,,Gal,Merger,II,1.5,120,55,2,"Two interacting galaxies, bridge connected.  One appears to be a polar ring galaxy",22h 06m 54s,331.73,-31° 03'' 00''',-31.05,PsA,, , ,13.6,22.7,
vdB 148,,,Neb,Refl,,3.0,4700,4.0,2,Faint white reflection nebula,22h 07m 00s,331.75,56° 14'' 00''',56.23,Lac,,, ,,,
NGC 7212,,,Gal,Merger,III,1.3,350,130,2,"Trio of merging galaxies, with looping and extended star streams",22h 07m 02s,331.76,10° 14'' 01''',10.23,Peg,, , ,13.9,22.4,
Barnard 174,,,Neb,Dark,6,19,u,u,2,Flowing dark lane to east of Ba69 - Narrow; irregular; 19' long NE and SW,22h 07m 19s,331.83,59° 04'' 00''',59.07,Cep,, , ,,,
Barnard 173,,,Neb,Dark,6,4.0,u,u,0,Very faint - Diam. 4'; rather definite; a small star on N edge and one on SW edge,22h 07m 28s,331.87,59° 40'' 00''',59.67,Cep,, , ,,,
NGC 7217,,,Gal,Floc,m,4.0,50,60,3,Unusual galaxy with both inner and outer blue star formation disks,22h 07m 52s,331.97,31° 21'' 33''',31.36,Peg,, , ,11.9,21.6,20°
LBN 0420,,,Neb,Mol Cld,,150.0,u,u,2,Faint molecular cloud just northwest of the Gecko,22h 08m 00s,332.00,41° 44'' 21''',41.74,Lac,, ,Gecko Nebula,,,
vdB 149,,,Neb,Refl,,5.2,1120,1.8,3,"Pretty blue reflection nebula on the chest of the Shark Nebula, with vdB 150",22h 09m 07s,332.28,72° 53'' 21''',72.89,Cep,,LBN 541,LBN535,,,
Hickson 091,,,Gal,Group,4,5.2,320,500,2,All galaxies at same distance.  Interesting interactions and disk deformations seen.,22h 09m 12s,332.30,-27° 46'' 34''',-27.78,PsA,,NGC 7214, ,11.7,23.9,
vdB 150,,,Neb,Refl,,8.0,1100,2.6,3,Gorgeous complex blue reflection nebula that is on the top of the head of the Shark Nebula,22h 09m 40s,332.42,73° 23'' 25''',73.39,Cep,,LBN 546, ,,,
NGC 7223,,,Gal,Spiral,SBc/fz,1.0,200,60,2,Nearly face-on barred spiral with chaotic arm structure and slightly asymmetric disk,22h 10m 09s,332.54,41° 01'' 00''',41.02,Lac,, ,UGC11927,12.2,21.4,10°
NGC 7228,,,Gal,Spiral,SBa/gz,1.7,300,140,2,"Trio of galaxies highlighted by NGC 7228, beautifully symmetric grand spiral",22h 11m 48s,332.95,38° 41'' 57''',38.70,Lac,, ,NGC7227,13.5,23.3,50°
IC 1433,,,Gal,Merger,II,0.50,500,70,2,"2 distant galaxies connected with a star stream bridge, with a long tail.",22h 12m 10s,333.04,-12° 45'' 54''',-12.77,Aqr,, , ,14.7,22.3,
NGC 7235,,,Stars,OC,II-3-50,5.0,13000,20,3,Gorgeous mix of colors and star sizes,22h 12m 25s,333.10,57° 16'' 16''',57.27,Cep,,NGC7234, ,7.7,,
IsWe 2,,,Neb,PN,AHY,20,850,5.0,1,"Faint large ancient HII-dominated PN, one of the oldest PN at 50,000 years",22h 13m 00s,333.25,65° 54'' 00''',65.90,Cep,, , ,18.2,,
NGC 7225,,,Gal,Lent,S0,2.0,220,120,2,Edge-on lenticular with dramatic dark silhouetted dust lane,22h 13m 08s,333.28,-26° 08'' 52''',-26.15,PsA,, , ,12.3,21.8,78°
vdB 151,,,Neb,Refl,,11,570,2.0,1,Faint orange reflection nebula on northwest side of orange source star,22h 13m 53s,333.47,39° 42'' 50''',39.71,Lac,, , ,,,
vdB 152,,,Neb,Refl,,5.0,1200,1.8,4,"This lovely blue reflection nebula, from a blue star passing thru the cloud, is the eye of the 2 degree long Wolf's Cave Nebula",22h 14m 02s,333.51,69° 56'' 00''',69.93,Cep,Wolf's Cave Nebula,LBN 531,B175,,,
Arp 169,,,Gal,Merger,II,0.50,340,50,2,ARP: DIFFUSE COUNTER-TAILS - Trio of small ellipticals in a somewhat distorted star stream halo.,22h 14m 45s,333.69,13° 50'' 00''',13.83,Peg,,NGC 7236, ,13.6,21.5,
LBN 0535,,,Neb,Mol Cld,,120,1000,35,4,"Beautiful complex of a dark, bright, and 2 reflection nebula.",22h 14m 55s,333.73,73° 25'' 00''',73.42,Cep,Shark Nebula  , ,"LDN1235,vdB149,150",,,
NGC 7243,,,Stars,OC,IV-2-40,21,2800,18,2,Sparse open cluster.  Surprising that it was selected as a Caldwell object,22h 15m 08s,333.78,49° 53'' 54''',49.90,Lac,,Caldwell16, ,6.4,,
NGC 7242 Group,,,Gal,Group,10,15,250,1100,2,"10 galaxy group highlighted by NGC 7242, a huge 220,000 ly diameter elliptical",22h 15m 40s,333.92,37° 17'' 56''',37.30,Lac,, , ,13.2,23.5,
NGC 7241,,,Gal,Spiral,Sbc/d,3.2,95,90,3,Edge-on spiral with dramatic dust lane and unique bright blue star clouds in front of the core,22h 15m 50s,333.96,19° 13'' 52''',19.23,Peg,, , ,12.6,22.8,86°
Barnard 369,,,Neb,Dark,3,5.0,u,u,1,Faint - Round; dusky; diam. 5'; about 13' NE of BD +55 2709 (magnitude 7.8),22h 15m 54s,333.98,56° 01'' 00''',56.02,Cep,, , ,,,
Minkowski 2-51,,,Neb,PN,BRN/r,1.0,6000,1.8,2,Bipolar PN in faint ring shape,22h 16m 03s,334.01,57° 28'' 31''',57.48,Cep,, , ,,,
IC 1438,,,Gal,Spiral,SBa/lz,2.0,100,60,2,"Barred face-on double ring galaxy, with several nearby galaxies",22h 16m 29s,334.12,-21° 25'' 53''',-21.43,Aql,, , ,11.9,22.4,45°
NGC 7246,,,Gal,Spiral,Sa,2.0,200,120,2,"Clearly defined, fragmented arms",22h 17m 43s,334.43,-15° 34'' 12''',-15.57,Aqr,, , ,13.0,23.4,60°
Sh2-134,,,Neb,Em,HII,200,2800,160,2,Large 3 degree region of faint HII with bright arcs,22h 18m 00s,334.50,58° 58'' 00''',58.97,Cep,, , ,,,
NGC 7250,,,Gal,Mag,,1.7,30,15,2,Starburst Magellanic galaxy with bright blue star clouds,22h 18m 18s,334.58,40° 33'' 47''',40.56,Lac,, , ,12.6,21.7,75°
Sh2-178,,,Neb,Em,HII,420,700,85,1,Faint molecular cloud surrounding star HD 5848,22h 19m 00s,334.75,87° 45'' 00''',87.75,Cas,, , ,,,
Sh2-140,,,Neb,Em,HII,9.0,3000,8.0,3,HII arc front ionized by the Pismis-Moreno 1 star cluster,22h 19m 08s,334.78,63° 17'' 07''',63.29,Cep,, , ,,,
Sh2-132,,,Neb,Em,WR-.20/1/.40,60,12000,200,4,Beautiful complex large emission region ionized by 2 Wolf-Rayet stars,22h 19m 09s,334.79,56° 04'' 45''',56.08,Cep,Lion Nebula   , , ,,,
Arp 278,,,Gal,Merger,II,1.7,210,100,3,ARP: INTERACTING - Interacting pair of similar spiral galaxies with bridge and nice color.,22h 19m 26s,334.86,29° 23'' 00''',29.38,Peg,,NGC 7253, ,13.2,22.3,
DeHt 5,,,Neb,PN,ARY/i,9.0,1000,2.8,2,"Very faint, very old planetary nebula located just over 1000 light years away ",22h 19m 34s,334.89,70° 56'' 01''',70.93,Cep,, , ,,,
Minkowski 2-52,,,Neb,PN,MRN,0.50,15000,2.2,3,"Unique Texas-shaped PN, likely multipolar",22h 20m 31s,335.13,57° 36'' 18''',57.61,Cep,, , ,14.0,,
IREC 122,,,Neb,Mol Cld,,150,u,u,2,Faint molecular cloud just northwest of the Gecko Nebula,22h 20m 33s,335.14,43° 31'' 17''',43.52,Lac,, ,"Gecko Nebula, LBN420",,,
Arp 226,,,Gal,Lent,SB0/jz,2.0,220,120,2,"ARP: AMORPHOUS ARMS - Showcase merger object with winding star streams extending out to 400,000 light years. ",22h 20m 44s,335.18,-24° 40'' 00''',-24.67,Aql,Atom For Peace Galaxy,NGC 7252, ,11.4,22.1,
Sh2-135,,,Neb,Em,HII,12,10000,34,3,HII arc front ionized by the Juchert 21 cluster,22h 22m 12s,335.55,58° 44'' 18''',58.74,Cep,, ,Juchert 21,,,
NGC 7265 Group,,,Gal,Group,6,6.0,230,400,2,"6 galaxy group highlighted by NGC 7265, a large lenticular with 3 distinct brightness zones",22h 22m 27s,335.61,36° 12'' 35''',36.21,Lac,, , ,12.1,22.6,
NGC 7260,,,Gal,Spiral,SBbc/z,1.6,230,105,2,"Faint barlense across core, with pseudo-ring around it.  Arms extend counterclockwise for 1 revolution with VV rows",22h 22m 36s,335.65,-04° 07'' 12''',-4.12,Aqr,, , ,12.7,22.5,50°
vdB 153,,,Neb,Refl,,3.0,3000,2.5,2,Faint blue reflection nebula with detailed structure,22h 23m 00s,335.75,62° 42'' 00''',62.70,Lac,,LBN 508, ,,,
IC 5217,,,Neb,PN,XON,0.10,18000,0.55,1,Tiny stellar OIII-dominated PN,22h 23m 56s,335.98,50° 58'' 00''',50.97,Lac,, , ,11.3,,
Sh2-145,,,Neb,Em,HII,60,3000,55,2,Large HII region adjacent to Sh2-150 and several interesting objects,22h 25m 30s,336.38,64° 18'' 00''',64.30,Cep,, ,SH2-150,,,
NGC 7282,,,Gal,Spiral,SBb/z,3.0,150,130,2,Barred spiral with mid-region pseudo-ring and left side of disk disturbed,22h 25m 54s,336.48,40° 18'' 55''',40.32,Lac,, , ,13.7,23.4,70°
Abell 79,,,Neb,PN,PHY/f,2.0,4000,2.3,3,Unique looping PN structure. HII dominated.  Arcing gas fronts and tiny lobes. Progenitor visible.,22h 26m 17s,336.57,54° 49'' 41''',54.83,Lac,, , ,15.0,,
UGC 12040,,,Gal,Lent,SB0/lz,1.0,300,90,2,"Spiral galaxy with barlens, ansae and an outer pseudo-ring",22h 27m 06s,336.78,36° 21'' 36''',36.36,Lac,, , ,14.0,,40°
Sh2-141,,,Neb,Em,HII,5.0,27000,40,1,Faint circular HII region,22h 28m 00s,337.00,61° 37'' 00''',61.62,Cep,, , ,,,
NGC 7296,,,Stars,OC,II-2-30,4.0,7700,9.0,2,Triangle shaped open cluster in Lacerta,22h 28m 12s,337.05,52° 17'' 00''',52.28,Lac,, , ,9.7,,
LBN 0532,,,Neb,Dark,6,20,u,u,1,Unusual LBN object,22h 28m 26s,337.11,69° 05'' 24''',69.09,Cep,, , ,,,
NGC 7292,,,Gal,Mag,f,2.0,20,12,2,Small face-on Magellanic galaxy,22h 28m 26s,337.11,30° 17'' 31''',30.29,Peg,, , ,12.5,22.7,0°
Arp 093,,,Gal,Merger,II,2.0,220,130,2,ARP: ELLIPTICAL COMP - Beautiful dancing pair with deformations and star streams.,22h 28m 36s,337.15,-24° 50'' 00''',-24.83,Aql,,NGC 7284, ,12.1,22.1,
Sh2-150,,,Neb,Em,HII,60,3000,50,3,Bright patch of HII emission with vdB154,22h 29m 16s,337.32,64° 51'' 08''',64.85,Cep,, ,vdb154,,,
NGC 7293,,,Neb,PN,BRY/r,12,650,2.5,5,"Showcase Helix nebula, one of the closest PN to earth.  Radial filaments point back to progenitor",22h 29m 38s,337.41,-20° 50'' 13''',-20.84,Aql,"Helix Nebula, Eye of God Nebula", Caldwell63, ,7.3,,
vdB 154,,,Neb,Refl,,10,2360,7.0,3,Blue reflection nebula just north of odd tornado-like emission structure in a sea of HII nebulosity,22h 31m 11s,337.80,65° 28'' 21''',65.47,Cep,,LBN 523, ,,,
NGC 7303,,,Gal,Spiral,SBbc/z,1.7,150,75,2,"Barred offset core, disturbed disk, dust lanes in top half of disk",22h 31m 33s,337.89,30° 57'' 22''',30.96,Peg,, , ,12.8,22.1,20°
UGC 12071,,,Gal,Spiral,S,1.1,500,175,2,Distant spiral somewhat disturbed with a possible 2nd core,22h 32m 25s,338.10,30° 50'' 08''',30.84,Peg,, , ,15.0,,70°
Sh2-138,,,Neb,Em,HII,1.0,10000,3.0,2,Small HII emission nebula with obscured star cluster and several dark dust lanes,22h 32m 46s,338.19,58° 28'' 20''',58.47,Cep,, , ,,,
